tree
version=v4
num_class=1
num_tree_per_iteration=1
label_index=0
max_feature_idx=18
objective=binary sigmoid:1
feature_names=b_sort b_set b_jaro b_lev a_sort a_set a_jaro is_empty has_nums nums_overlap nums_conflict num_inter geo_match geo_conflict is_indic w1_match w2_match ns_contain is_s2
feature_infos=[0:100] [0:100] [0:1] [0:100] [0:100] [0:100] [0:1] [0:1] [0:1] [0:1] [0:1] [0:11] [0:1] [0:1] [0:1] [0:1] [0:1] [0:1] [0:1]
tree_sizes=3879 3846 3879 3849 3879 3871 3890 3883 3892 3870 3881 3900 3903 3901 3907 3906 3925 3909 3916 3920 3948 3925 3927 3934 3907 3926 3907 3919 3917 3929 3925 3941 3939 3944 3934 3913 3962 3919 3929 3920 3921 3919 3916 3922 3893 3909 3933 3917 3923 3944 3922 3931 3930 3903 3931 3944 3943 3916 3912 3935 3913 3940 3930 3892 3930 3934 3934 3939 3921 3910 3927 3907 3944 3927 3929 3923 3916 3911 3925 3900 3912 3924 3929 3910 3943 3905 3898 3916 3919 3913 3893 3921 3909 3936 3958 3936 3928 3893 3940 3899 3903 3916 3941 3895 3909 3864 3915 3935 3886 3882 3899 3897 3930 3918 3910 3866 3915 3889 3869 3908 3906 3935 3914 3915 3906 3914 3886 3899 3905 3880 3900 3880 3869 3930 3908 3902 3892 3883 3887 3899 3875 3888 3912 3914 3843 3909 3880 3924 3910 3890

Tree=0
num_leaves=35
num_cat=0
split_feature=6 2 2 6 0 13 0 11 1 9 8 2 9 3 2 14 9 11 6 1 6 9 14 9 2 6 8 1 11 13 16 8 6 3
split_gain=221588 49090.7 6907.2 4582.71 3190.81 3163.5 2622.95 1836.28 1390.85 887.805 2846.8 885.15 1590.56 886.449 781.378 742.59 577.775 555.976 417.478 344.094 313.141 183.657 172.035 133.691 559.863 448.518 146.451 97.2246 94.0777 89.3225 85.5761 74.5926 70.6695 72.487
threshold=0.71546033024787914 0.92308092117309581 0.69851702451705944 0.86214745044708263 10.62030076980591 1.0000000180025095e-35 86.526824951171889 1.5000000000000002 89.725547790527358 1.0000000180025095e-35 1.0000000180025095e-35 0.88867244124412548 1.0000000180025095e-35 8.4219856262207049 0.68785348534584057 1.0000000180025095e-35 1.0000000180025095e-35 1.5000000000000002 0.62488630414009105 94.201679229736342 0.736912101507187 1.0000000180025095e-35 1.0000000180025095e-35 1.0000000180025095e-35 0.88003662228584301 0.75102970004081737 1.0000000180025095e-35 90.070423126220717 1.5000000000000002 1.0000000180025095e-35 1.0000000180025095e-35 1.0000000180025095e-35 0.88023561239242565 12.97335195541382
decision_type=2 2 2 2 2 2 2 2 2 2 2 2 2 2 2 2 2 2 2 2 2 2 2 2 2 2 2 2 2 2 2 2 2 2
left_child=1 6 3 4 20 9 7 11 17 10 30 13 -13 -1 15 -9 -7 -6 -12 21 28 31 -22 24 25 26 -4 -27 -2 -21 -3 -8 33 -5
right_child=2 5 23 32 8 16 19 14 -10 -11 18 12 -14 -15 -16 -17 -18 -19 -20 29 22 -23 -24 -25 -26 27 -28 -29 -30 -31 -32 -33 -34 -35
leaf_value=-0.87448408976616943 -0.79755103347941247 -0.61922137262217503 -0.67068917301670117 -0.56767245263845889 -0.88829421295426814 -0.91828079930433393 -0.71631349360541308 -0.90129244783623041 -0.57756007633335293 -0.5594234260433415 -0.88043023819331157 -0.89334186723415954 -0.60073204915761091 -0.93250915552843172 -0.59727605863666366 -0.69906365969231377 -0.59856077145780562 -0.70745701777107883 -0.71563037666031382 -0.58455216582941394 -0.81117477680515837 -0.56870185948491159 -0.59403324723558693 -0.55920477061010043 -0.56401138346090873 -0.67626207554711604 -0.89117259844555996 -0.56651803641241671 -0.61778300141135079 -0.85091842556193653 -0.56658108776237648 -0.92815530562270554 -0.56652719653332384 -0.7106092325855442
leaf_weight=1750.2583267986774 78.737218290567398 251.49219319224358 27.165401458740234 44.992696166038513 1033.7708633244038 252.1288822889328 14.21938982605934 339.14305883646011 115.02849680185318 1746.4381922185421 267.62165030837059 1087.0405177474022 133.49248060584068 45199.620122462511 110.14721372723579 176.78733918070793 42.233710080385208 121.60761746764183 155.56436929106712 158.32335537672043 24.406415373086929 16.129457116127014 540.12458369135857 13439.021223217249 1805.2258188128471 94.654445707798004 66.427895754575729 113.75511860847473 24.406415373086929 8.4891879558563215 923.19919019937515 42.233710080385208 1156.8640886843204 45.841614961624146
leaf_count=8247 371 1185 128 212 4871 1188 67 1598 542 8229 1261 5122 629 212975 519 833 199 573 733 746 115 76 2545 63323 8506 446 313 536 115 40 4350 199 5451 216
internal_value=-0.820454 -0.904494 -0.584133 -0.691447 -0.768433 -0.620981 -0.925532 -0.926828 -0.842849 -0.59885 -0.641942 -0.928598 -0.861338 -0.930346 -0.790702 -0.831997 -0.872409 -0.86926 -0.819849 -0.661374 -0.626839 -0.806776 -0.603421 -0.562142 -0.580877 -0.681695 -0.827177 -0.616361 -0.755013 -0.598108 -0.577851 -0.874797 -0.571862 -0.639809
internal_weight=71406.6 52674.6 18732 3185.78 1938.08 3638.68 49035.9 48796.5 1270.41 3344.32 1597.88 48170.4 1220.53 46949.9 626.078 515.93 294.363 1155.38 423.186 239.395 667.675 72.5826 564.531 15546.2 2107.23 302.003 93.5933 208.41 103.144 166.813 1174.69 56.4531 1247.7 90.8343
internal_count=336459 248196 88263 15011 9132 17145 231051 229923 5986 15758 7529 226973 5751 221222 2950 2431 1387 5444 1994 1128 3146 342 2660 73252 9929 1423 441 982 486 786 5535 266 5879 428
is_linear=0
shrinkage=1


Tree=1
num_leaves=35
num_cat=0
split_feature=5 2 10 5 2 0 5 12 10 4 2 13 6 3 5 12 5 3 5 3 0 3 0 5 12 3 10 2 12 3 0 18 0 12
split_gain=231328 16365.3 4449.2 1817.58 3730.2 738.245 561.913 498.482 486.567 412.624 1177.3 273.17 226.174 216.149 758.039 368.865 179.359 172.254 138.413 131.914 126.527 107.257 106.572 100.531 123.923 73.4769 65.8226 186.922 97.1216 52.8685 48.9576 66.3441 36.4909 33.1631
threshold=69.746105194091811 0.92859193682670604 1.0000000180025095e-35 78.297103881835952 0.76346477866172802 86.526824951171889 55.362188339233406 1.0000000180025095e-35 1.0000000180025095e-35 1.0000000180025095e-35 0.86919325590133678 1.0000000180025095e-35 0.86214745044708263 45.199691772460945 85.127449035644545 1.0000000180025095e-35 49.677366256713874 8.4219856262207049 62.977544784545906 9.6399536132812518 76.50690078735353 44.033897399902351 70.064933776855483 91.316913604736342 1.0000000180025095e-35 49.25306701660157 1.0000000180025095e-35 0.92000734806060802 1.0000000180025095e-35 24.316333770751957 14.459930419921877 1.0000000180025095e-35 72.850124359130874 1.0000000180025095e-35
decision_type=2 2 2 2 2 2 2 2 2 2 2 2 2 2 2 2 2 2 2 2 2 2 2 2 2 2 2 2 2 2 2 2 2 2
left_child=1 5 11 4 7 9 -4 19 -7 10 20 -3 18 14 15 29 -13 -17 -11 -2 -1 -21 -12 24 -16 -14 -6 28 -28 -5 31 -9 -32 -8
right_child=3 2 6 13 26 8 33 30 -10 12 22 16 25 -15 23 17 -18 -19 -20 21 -22 -23 -24 -25 -26 -27 27 -29 -30 -31 32 -33 -34 -35
leaf_value=-0.099327605458518126 0.23996973644746594 0.20661212223689124 -0.10760071518207279 0.23709899905422924 0.22017071388425058 0.1840890570086057 0.22043119754442028 0.061975161904772487 -0.10415175793581895 -0.11097412483281545 0.062125688974787749 -0.10573114679019402 -0.040372289875703009 0.22020101501443917 0.2263170889350157 0.099704143806873952 0.22246787946719326 -0.054134785144446196 -0.079879183554090377 -0.0071534434946156191 0.071794067038470147 0.2055948738332013 0.18522064193702789 0.21980828196053967 0.13636569623539252 0.20896470903283393 0.22818630011825569 0.22441804409557553 -0.047088867934924117 0.11537636805017044 -0.095825347759304971 -0.068147005541208033 0.080596135986279113 0.096159153898834088
leaf_weight=1092.3221896588802 36.136145606637001 1393.3334472924471 441.23725156486034 68.959734633564949 1032.907532081008 91.483640447258949 29.715306684374809 34.340043663978577 63.495173364877701 44146.497486010194 87.677769541740417 30.244972676038742 12.943783178925516 18509.154743775725 172.75024259090424 79.216990351676941 16.454720512032509 113.07079607248306 935.58758096396923 53.084653407335281 28.372004926204681 21.2320626527071 92.506042644381523 1730.3599867969751 226.5899973064661 18.199622422456741 11.018667608499525 94.054506495594978 32.09798926115036 34.143819183111191 315.25543509423733 92.969210788607597 7.6863973438739768 25.568631440401077
leaf_count=5390 169 6041 2128 319 4491 401 133 163 305 217401 429 146 58 80218 774 371 73 546 4545 255 140 98 441 7655 1050 79 50 417 154 157 1541 443 36 116
internal_value=-0.000250381 -0.0988411 0.12903 0.210745 0.131955 -0.108317 -0.0774763 -0.0377031 0.0659961 -0.108899 -0.0644793 0.200233 -0.11018 0.217259 0.194801 0.0747039 0.00991037 0.00924239 -0.110329 0.114592 -0.0949954 0.0536281 0.125322 0.211458 0.175278 0.105336 0.213256 0.161188 0.023259 0.196789 -0.0750633 -0.0330482 -0.0916263 0.162956
internal_weight=71170.7 48505.6 1936.55 22665 1730.78 46569.1 496.521 560.704 154.979 46414.1 1300.88 1440.03 45113.2 20934.2 2425.09 295.391 46.6997 192.288 45082.1 110.453 1120.69 74.3167 180.184 2129.7 399.34 31.1434 1170.08 137.171 43.1167 103.104 450.251 127.309 322.942 55.2839
internal_count=336733 237826 8637 98907 7817 229189 2377 2705 706 228483 6400 6260 222083 91090 10872 1393 219 917 221946 522 5530 353 870 9479 1824 137 5112 621 204 476 2183 606 1577 249
is_linear=0
shrinkage=0.08


Tree=2
num_leaves=35
num_cat=0
split_feature=6 2 10 2 6 0 0 11 1 3 10 2 3 3 11 8 6 6 10 2 6 13 16 0 8 14 2 11 6 16 0 13 1 10
split_gain=147953 34949.6 4215.38 4083.2 2899.51 2180.86 1936.01 1408.11 904.449 762.423 680.594 647.218 480.051 582.13 397.889 359.498 335.119 253.538 206.134 602.826 333.731 128.682 126.902 105.221 104.427 98.1679 88.45 75.7091 59.8108 49.3847 78.2987 46.6492 44.8414 41.3158
threshold=0.71179157495498668 0.92000734806060802 1.0000000180025095e-35 0.68785348534584057 0.86888945102691661 10.62030076980591 85.028736114501967 1.5000000000000002 92.40384674072267 8.4219856262207049 1.0000000180025095e-35 0.88335323333740245 49.018096923828132 11.215932846069338 1.5000000000000002 1.0000000180025095e-35 0.6285657286643983 0.736912101507187 1.0000000180025095e-35 0.89146339893341076 0.83971107006073009 1.0000000180025095e-35 1.0000000180025095e-35 81.705284118652358 1.0000000180025095e-35 1.0000000180025095e-35 0.95605227351188671 1.5000000000000002 0.62574568390846264 1.0000000180025095e-35 97.70084381103517 1.0000000180025095e-35 92.40384674072267 1.0000000180025095e-35
decision_type=2 2 2 2 2 2 2 2 2 2 2 2 2 2 2 2 2 2 2 2 2 2 2 2 2 2 2 2 2 2 2 2 2 2
left_child=1 6 21 4 5 17 7 9 14 15 32 -11 13 -9 -7 -1 29 27 -5 20 23 -3 -18 -20 28 -19 -24 -2 -23 -4 -31 -14 -8 -10
right_child=3 2 16 18 -6 8 10 12 33 11 -12 -13 31 -15 -16 -17 22 25 19 -21 -22 24 26 -25 -26 -27 -28 -29 -30 30 -32 -33 -34 -35
leaf_value=0.16615661104943769 0.0077844599247661721 0.18655524772847837 -0.098350862138903802 0.19175488980569774 0.18564631228252451 -0.065631460603385094 0.099763698502140757 0.10236128430073775 0.19003589325455369 -0.10519140159048697 -0.088677042258385491 -0.048244133930418515 0.17335208652746084 -0.081164312376784481 0.080111954429385734 -0.054489640265581604 -0.030001440225883916 -0.00094720069756794236 -0.057014790011615912 0.18560257777413974 0.18130062593793037 -0.095277544416071419 -0.026765011182066759 0.18268289521075229 0.16516286124953311 0.1680104562078672 0.13908648305412188 0.15507469153479864 0.12024904217605077 -0.092007117276575359 0.0060351899123920532 -0.039674045648208443 0.19416599040689178 -0.027721884716509996
leaf_weight=48.694911852478981 102.29192198812962 3286.1729413121939 252.69106507301331 16974.322831720114 1355.1521832197905 1051.4775730669498 39.212383508682251 173.41319768130779 116.30154058337212 40672.463464215398 85.605798423290253 1318.6875796616077 117.83867473900318 305.44209803640842 135.31248106062412 1602.440262824297 76.381822243332863 22.813769221305847 129.71803362667561 833.33928465843201 66.824318110942841 22.883680239319801 26.475748598575592 12.885013818740843 45.349321395158768 623.65326617658138 92.411553263664246 28.57351166009903 12.878066450357435 110.61767585575581 98.601958274841309 6.9680035561323157 180.14811968803406 5.8571757227182379
leaf_count=225 481 13571 1282 69920 5599 5235 172 772 482 210818 431 6548 504 1534 598 7929 360 107 627 3441 279 117 124 56 190 2605 406 121 61 559 482 32 753 26
internal_value=-0.000564176 -0.077848 0.147928 0.174382 0.0945345 0.0353525 -0.0982433 -0.0996278 -0.0276793 -0.101306 0.102632 -0.103403 0.021719 -0.0147021 -0.0490144 -0.0479824 -0.0374051 0.141492 0.189634 0.15511 0.0337746 0.184098 0.0504586 -0.0353567 0.0845544 0.162048 0.102152 0.0399442 -0.0176648 -0.0745489 -0.0458013 0.161459 0.177291 0.179595
internal_weight=70033.9 48575.4 4024.46 21458.5 3441.43 2086.28 44550.9 44245.9 1308.95 43642.3 304.966 41991.2 603.662 478.855 1186.79 1651.14 657.18 777.332 18017.1 1042.77 209.427 3367.28 195.269 142.603 81.1111 646.467 118.887 130.865 35.7617 461.911 209.22 124.807 219.361 122.159
internal_count=336447 246870 17152 89577 15254 9655 229718 228362 6341 225520 1356 217366 2842 2306 5833 8154 3213 3314 74323 4403 962 13939 890 683 368 2712 530 602 178 2323 1041 536 925 508
is_linear=0
shrinkage=0.08


Tree=3
num_leaves=35
num_cat=0
split_feature=5 2 10 5 2 5 2 0 5 13 5 1 1 5 3 10 16 5 0 1 2 2 0 0 5 18 2 10 2 16 6 18 16 2
split_gain=165264 11940.1 3116.54 1352.7 2372.98 541.701 1041.69 360.078 339.919 175.707 173.853 471.215 162.454 708.973 261.314 147.815 115.303 113.288 112.322 97.7196 96.5648 77.8892 76.266 67.4643 83.8503 65.0863 57.5986 56.3077 131.125 51.33 47.1687 46.7916 45.0606 35.5149
threshold=68.438713073730483 0.92595797777175914 1.0000000180025095e-35 76.220237731933608 0.76346477866172802 1.0000000180025095e-35 0.86919325590133678 81.705284118652358 55.362188339233406 1.0000000180025095e-35 60.72363471984864 88.303691864013686 42.967033386230476 85.127449035644545 20.144927978515629 1.0000000180025095e-35 1.0000000180025095e-35 49.130369186401374 7.4772884845733651 90.595520019531264 0.87446627020835888 0.7190203368663789 77.003208160400405 23.629112243652347 93.369964599609389 1.0000000180025095e-35 0.76346477866172802 1.0000000180025095e-35 0.92000734806060802 1.0000000180025095e-35 0.88511258363723766 1.0000000180025095e-35 1.0000000180025095e-35 0.99772727489471447
decision_type=2 2 2 2 2 2 2 2 2 2 2 2 2 2 2 2 2 2 2 2 2 2 2 2 2 2 2 2 2 2 2 2 2 2
left_child=1 5 9 4 18 6 7 26 -4 29 -7 20 13 14 25 -13 22 -11 31 30 -12 -16 -8 -15 -25 -5 -1 -6 -29 33 -20 -2 -10 -3
right_child=3 2 8 12 27 10 16 -9 32 17 11 15 -14 23 21 -17 -18 -19 19 -21 -22 -23 -24 24 -26 -27 -28 28 -30 -31 -32 -33 -34 -35
leaf_value=-0.099988314362772682 0.1047657796924136 0.1489369975915126 -0.10253563330239096 0.15821895447281745 0.17403561160574899 -0.10500080107605168 0.032366757524269735 0.16082725902673523 0.0015121908627937889 -0.10169152551099851 -0.092055237169029955 0.17711282665325012 0.17327741799286195 0.1754549100895155 -0.04691053312848914 -0.050152455264216633 0.20180247587918121 0.16828984867335223 -0.075895108271447326 0.15675963042426808 0.039658951065468989 0.18642151275356533 0.16448572022146477 0.081649718306406258 0.16833474719480981 0.069465436294390157 -0.048613725467662391 -0.0059838381319946071 0.17623754572827829 0.16860270723163645 0.15418575963948203 -0.0089540048490941576 0.16798297118631625 0.088094264334968406
leaf_weight=840.32791589200497 33.317817687988281 213.0730953514576 424.26559150218964 88.319390892982483 834.0709543377161 39546.268357411027 89.999303385615349 37.558806627988815 14.816046267747877 27.293121129274368 1166.7527046352625 58.856215551495552 20441.179328963161 1794.3112915158272 140.65595486760139 26.591289386153221 68.131248146295547 15.651226446032522 389.32319597899914 12.265599578619002 36.745168030261993 9.793572857975958 40.566989496350288 117.20531551539898 182.8019904345274 131.78891658782959 167.50832884013653 38.498822450637817 73.571176201105118 1147.6569724529982 5.7873705178499213 75.929354622960091 34.964686289429665 86.257216826081276
leaf_count=4567 152 862 2204 396 3381 215323 436 161 65 140 6169 256 82516 7422 703 137 311 64 2040 54 178 41 176 513 758 607 907 188 303 4625 24 366 148 349
internal_value=-0.000986234 -0.0934752 0.0993307 0.166175 0.0915881 -0.102474 -0.0504713 -0.0823858 -0.0793308 0.156175 -0.104058 -0.075145 0.170938 0.151536 0.0495363 0.106388 0.117438 -0.00329581 -0.0463044 -0.0656215 -0.0880337 -0.0317217 0.0734162 0.169584 0.134469 0.105078 -0.0914496 0.166882 0.11364 0.160908 -0.072525 0.0257279 0.118437 0.131404
internal_weight=68412.1 44043.3 1963.98 24368.8 1462.76 42079.3 1244.09 1045.4 474.046 1489.93 40835.2 1288.95 22906.1 2464.88 370.558 85.4475 198.698 42.9443 516.623 407.376 1203.5 150.45 130.566 2094.32 300.007 220.108 1007.84 946.141 112.07 1446.99 395.111 109.247 49.7807 299.33
internal_count=336542 237078 8457 99464 6508 228621 6558 5635 2417 6040 222063 6740 92956 10440 1747 393 923 204 2636 2118 6347 744 612 8693 1271 1003 5474 3872 491 5836 2064 518 213 1211
is_linear=0
shrinkage=0.08


Tree=4
num_leaves=35
num_cat=0
split_feature=5 2 10 5 2 4 2 12 5 0 5 2 10 13 13 5 16 3 5 12 14 0 11 10 2 12 2 6 3 16 14 2 16 3
split_gain=142200 10708.2 2618.8 1123.39 2366.67 503.117 864.122 437.555 325.085 250.449 180.08 333.984 320.463 136.625 129.159 105.018 103.49 82.9896 361.106 295.02 148.183 57.2291 63.0559 57.2018 144.229 68.7141 54.4493 51.828 50.2662 46.1967 40.4474 40.3139 38.5726 32.8459
threshold=68.438713073730483 0.92595797777175914 1.0000000180025095e-35 78.297103881835952 0.76346477866172802 1.0000000180025095e-35 0.77995499968528759 1.0000000180025095e-35 54.353401184082038 67.05426406860353 62.149042129516609 0.76346477866172802 1.0000000180025095e-35 1.0000000180025095e-35 1.0000000180025095e-35 49.130369186401374 1.0000000180025095e-35 41.421361923217781 87.540847778320327 1.0000000180025095e-35 1.0000000180025095e-35 88.998897552490249 1.0000000180025095e-35 1.0000000180025095e-35 0.89355900883674633 1.0000000180025095e-35 0.43033008277416235 0.86888945102691661 9.6399536132812518 1.0000000180025095e-35 1.0000000180025095e-35 0.95352423191070568 1.0000000180025095e-35 76.50690078735353
decision_type=2 2 2 2 2 2 2 2 2 2 2 2 2 2 2 2 2 2 2 2 2 2 2 2 2 2 2 2 2 2 2 2 2 2
left_child=1 5 13 4 7 6 33 14 -4 16 21 28 -13 29 26 -15 -8 18 19 -5 -21 -7 -23 -6 25 -25 -2 30 -12 -3 -9 -10 -11 -1
right_child=3 2 8 17 23 10 9 27 31 32 11 12 -14 15 -16 -17 -18 -19 -20 20 -22 22 -24 24 -26 -27 -28 -29 -30 -31 -32 -33 -34 -35
leaf_value=-0.097908573977511348 0.19843990169652986 0.11846773431597235 -0.10040826112881383 0.1600574306959151 0.15903706207638091 -0.10235175830147852 -0.031071892995339714 -0.089923749150955551 -0.028916274232378174 0.090525074379036605 -0.037527944161712984 0.15057920456949675 -0.084219184189512755 -0.098080835646115236 -0.070858458431608776 0.15570218248846093 0.17320747146492521 0.15850727255162 0.15683226723225885 -0.047508754621247623 0.074515711626343822 -0.074792694735117848 0.15614301935809646 0.18731557411068228 0.15181884487260605 -0.077656520111582819 0.082045232298997114 0.13804843276129175 -0.095896712019934618 0.15373774582569139 -0.040281737439622191 0.13970194871242231 0.16832604469831966 0.02868673517661962
leaf_weight=800.021021053195 46.548996165394783 298.59401443600655 405.33320274949074 163.73777675628662 1192.9060201197863 37666.391771227121 183.13298350572586 325.68527694046497 11.397044330835341 130.41952484846115 109.97394323348999 81.043862238526344 68.769998699426651 26.254879266023636 24.260879054665565 17.319863140583038 17.378131479024887 20093.424706161022 2068.5393362641335 110.08357600867748 151.13499972224236 23.055626064538956 11.26387310028076 7.8180115520954123 118.62583769857883 31.503833174705505 57.489958912134171 7.4981438666582099 667.93631072342396 1164.9069901406765 155.05417835712433 44.531635627150536 59.34035336971283 13.33537173271179
leaf_count=4583 207 1197 2217 690 4791 216872 980 1775 51 591 573 359 369 142 122 70 82 80531 8412 544 662 118 46 34 486 160 274 31 3711 4660 776 188 253 67
internal_value=-0.00105374 -0.0908127 0.0913351 0.151749 0.0937694 -0.0998137 -0.0488788 -0.0361093 -0.0754608 0.0489775 -0.101401 -0.0665804 0.0427982 0.142385 0.0953615 0.00279153 -0.0133672 0.156799 0.143033 0.0758653 0.0230918 -0.102258 0.00100184 0.153047 0.107805 -0.0249745 0.134122 -0.0706574 -0.0876451 0.146542 -0.0739126 0.105341 0.114854 -0.095833
internal_weight=66354.7 41800.4 1968.34 24554.3 1967.39 39832.1 1203.63 616.537 461.262 390.271 38628.4 927.724 149.814 1507.08 128.3 43.5747 200.511 22586.9 2493.5 424.956 261.219 37700.7 34.3195 1350.85 157.948 39.3218 104.039 488.238 777.91 1463.5 480.739 55.9287 189.76 813.356
internal_count=336624 237129 8525 99495 8656 228604 6556 3185 2456 1906 222048 5012 728 6069 603 212 1062 90839 10308 1896 1206 217036 164 5471 680 194 481 2582 4284 5857 2551 239 844 4650
is_linear=0
shrinkage=0.08


Tree=5
num_leaves=35
num_cat=0
split_feature=5 2 13 5 2 4 2 4 5 12 1 5 1 9 5 12 3 1 5 12 3 13 9 3 4 2 9 12 3 18 1 3 9 6
split_gain=123846 9540.75 976.08 956.955 2036.77 487.886 784.574 407.269 1338.26 370.445 213.658 170.094 373.299 155.946 143.928 110.38 95.2241 93.3913 306.648 181.994 98.3512 78.5586 74.4542 49.7499 93.1959 47.6739 95.1756 77.3949 45.0202 76.629 44.6556 42.0047 38.7087 38.3492
threshold=68.438713073730483 0.92595797777175914 1.0000000180025095e-35 78.297103881835952 0.73738178610801708 1.0000000180025095e-35 0.78606858849525463 1.0000000180025095e-35 49.677366256713874 1.0000000180025095e-35 75.181159973144545 60.72363471984864 88.067794799804702 1.0000000180025095e-35 53.826629638671882 1.0000000180025095e-35 58.898942947387702 44.315244674682624 85.127449035644545 1.0000000180025095e-35 16.064516067504886 1.0000000180025095e-35 1.0000000180025095e-35 21.164613723754886 80.09216690063478 0.87694638967514049 1.0000000180025095e-35 1.0000000180025095e-35 11.215932846069338 1.0000000180025095e-35 99.462364196777358 14.724480628967287 1.0000000180025095e-35 0.86888945102691661
decision_type=2 2 2 2 2 2 2 2 2 2 2 2 2 2 2 2 2 2 2 2 2 2 2 2 2 2 2 2 2 2 2 2 2 2
left_child=1 5 7 4 9 6 30 -3 13 21 -8 -7 15 -9 -4 -13 -12 18 19 -5 -21 31 -14 -20 -25 26 27 -6 29 -11 -1 -2 -10 -30
right_child=3 2 14 17 25 11 10 8 32 28 16 12 22 -15 -16 -17 -18 -19 23 20 -22 -23 -24 24 -26 -27 -28 -29 33 -31 -32 -33 -34 -35
leaf_value=-0.09652242231965405 0.17631613735492058 0.14057966523488569 -0.099844907060318108 0.1364487227633526 0.15260615288142307 -0.10014447364492395 -0.039020724386748272 -0.10163438166275952 0.098685962684359169 0.06889471279338609 -0.0070310111611928076 -0.023519423259339631 -0.00070143323278485162 0.12722910382521541 0.13638485060039224 -0.092656658648161902 0.1127951246671246 0.14686283521663906 0.14656067183536314 0.056812840560492565 -0.060652024638827413 -0.055210415458997714 0.15456721739397813 0.034942097177360944 0.13414808066213918 0.14588970396981205 0.15010135835393928 -0.061754368158368059 -0.088257937875802397 -0.066624891632619462 0.0047038084707014599 0.072633755761802254 0.1481426772895762 0.096951086342698209
leaf_weight=748.7800117880106 42.309374913573265 924.77516849339008 189.37206959724426 107.10429638624191 15.923087596893309 35271.936840265989 125.17817680537701 245.63841544091702 135.70271185040474 36.772624000906944 53.415071249008179 175.71128626167774 32.367920204997063 20.657050043344498 18.082771152257919 930.06010572612286 206.66516906023026 20087.335318744183 1738.7671850323677 104.35414975881577 81.050121366977692 20.841741263866425 50.763683959841728 75.262482166290283 311.16465245187283 1222.6767000108957 76.316288277506828 33.371266767382622 331.25311587750912 97.522117733955383 28.970469266176224 61.151756256818771 399.32189103960991 7.3130037039518347
leaf_count=4526 178 3716 1111 445 66 215298 673 1342 573 170 287 994 168 83 74 5394 903 81078 7040 457 421 107 210 322 1264 4942 313 173 1896 494 165 285 1606 30
internal_value=-0.00112033 -0.0886076 0.0847014 0.140422 0.086592 -0.0975143 -0.0465062 0.104407 0.0626609 -0.0364052 0.0468535 -0.0991413 -0.0693792 -0.083881 -0.079254 -0.0816705 0.0881853 0.145075 0.13022 0.0534242 0.00546267 0.086489 0.0941122 0.14079 0.114826 0.141068 0.0941347 0.00748848 -0.0687109 -0.0295169 -0.0927518 0.115034 0.135599 -0.0842574
internal_weight=64007.9 39557.4 1933.55 24450.5 1945.45 37623.8 1163.01 1726.1 801.32 597.164 385.258 36460.8 1188.9 266.295 207.455 1105.77 260.08 22505 2417.7 292.509 185.404 124.303 83.1316 2125.19 386.427 1348.29 125.611 49.2944 472.861 134.295 777.75 103.461 535.025 338.566
internal_count=336804 237123 8505 99681 8654 228618 6554 7320 3604 3160 1863 222064 6766 1425 1185 6388 1190 91027 9949 1323 878 570 378 8626 1586 5494 552 239 2590 664 4691 463 2179 1926
is_linear=0
shrinkage=0.08


Tree=6
num_leaves=35
num_cat=0
split_feature=5 2 10 5 2 4 2 12 5 1 5 1 0 13 2 5 12 14 12 5 10 3 0 2 10 2 12 16 0 5 1 14 18 2
split_gain=108489 8568.41 2038.39 822.636 1793.63 456.038 683.29 316.495 271.207 187.031 163.266 273.278 106.24 99.9025 99.6702 371 280.137 115.986 93.5327 83.9488 78.5179 72.4828 68.9938 67.2637 54.8105 121.478 65.784 50.9054 43.6112 63.6313 35.6467 35.3792 51.5941 32.7878
threshold=68.438713073730483 0.92308092117309581 1.0000000180025095e-35 78.297103881835952 0.73738178610801708 1.0000000180025095e-35 0.77995499968528759 1.0000000180025095e-35 55.362188339233406 85.89511871337892 62.149042129516609 87.026645660400405 64.051280975341811 1.0000000180025095e-35 0.67973998188972484 87.540847778320327 1.0000000180025095e-35 1.0000000180025095e-35 1.0000000180025095e-35 49.677366256713874 1.0000000180025095e-35 9.6399536132812518 48.912528991699226 0.87446627020835888 1.0000000180025095e-35 0.92000734806060802 1.0000000180025095e-35 1.0000000180025095e-35 88.273490905761733 53.528240203857429 99.462364196777358 1.0000000180025095e-35 1.0000000180025095e-35 0.99772727489471447
decision_type=2 2 2 2 2 2 2 2 2 2 2 2 2 2 2 2 2 2 2 2 2 2 2 2 2 2 2 2 2 2 2 2 2 2
left_child=1 5 13 4 7 6 30 21 -4 23 28 18 -11 27 15 16 -5 -18 -12 -15 -13 -2 -23 -8 -6 26 -26 33 -7 -30 -1 -9 -33 -3
right_child=3 2 8 14 24 10 9 31 -10 12 11 20 -14 19 -16 -17 17 -19 -20 -21 -22 22 -24 -25 25 -27 -28 -29 29 -31 -32 32 -34 -35
leaf_value=-0.094125883577910949 0.15830245896071565 0.11362616130396778 -0.095155364585901445 0.13429507073338073 0.13775905676289638 -0.098121219071988466 -0.049801355869401071 -0.083428242889741822 0.092292541049954713 0.013389589705441849 -0.012191587995219558 0.14279309420689104 0.13857639264864333 -0.090493792297671696 0.13786930763916197 0.13475013379329187 -0.039537971240691694 0.058928545356128702 -0.088081823052950078 0.14265474080428533 -0.050432156784875205 -0.0077577242963791171 0.1622476521079172 0.051113788938294137 0.14990822493237868 0.13713513031712285 -0.060144063188268773 0.13334840881222385 -0.082100057955091454 0.14738449942582976 -0.00087703123128015108 0.036023077030649067 -0.066229634621213951 0.056618734441792794
leaf_weight=698.29300154745579 43.594621032476425 218.92473556101322 396.19607523083687 195.48643200099468 1193.4063734561205 33411.651008203626 123.90767149627209 301.17706210911274 56.43574732542038 65.337221756577492 123.78754429519176 50.064368799328804 129.13862085342407 25.50584214925766 19084.489912226796 2518.5182586163282 146.96647833287716 159.8158814907074 648.1611585766077 16.137423262000084 18.408054858446121 65.942566767334938 19.885017409920692 64.159976422786713 12.463695481419562 106.58149008452892 40.707652300596237 1140.5550080090761 24.554493457078934 11.287786364555357 27.26118104159832 44.792845264077187 107.07466131448746 91.580725073814392
leaf_count=4471 179 887 2410 800 4901 216588 688 1797 234 338 701 208 538 152 78394 10287 713 678 3931 66 101 325 84 285 51 434 209 4660 137 49 157 221 570 368
internal_value=-0.00119735 -0.0865352 0.0769298 0.131353 0.0813432 -0.0955191 -0.0450071 -0.0360342 -0.0717837 0.0415092 -0.0971516 -0.0623258 0.0965179 0.122024 0.135732 0.12223 0.0594499 0.0117574 -0.0759123 -0.000145052 0.0908466 0.0742984 0.0316301 -0.0153738 0.131868 0.0878617 -0.0109065 0.12553 -0.0980266 -0.00982863 -0.0906223 -0.0675532 -0.0360705 0.0968123
internal_weight=61382.3 37341.3 1945.34 24040.9 1935.63 35396 1108.1 582.467 452.632 382.543 34287.9 840.421 194.476 1492.7 22105.3 3020.79 502.269 306.782 771.949 41.6433 68.4724 129.422 85.8276 188.068 1353.16 159.753 53.1713 1451.06 33447.5 35.8423 725.554 453.045 151.868 310.505
internal_count=336612 236969 8777 99643 8771 228192 6477 3176 2644 1849 221715 4941 876 6133 90872 12478 2191 1391 4632 218 309 588 409 973 5595 694 260 5915 216774 186 4628 2588 791 1255
is_linear=0
shrinkage=0.08


Tree=7
num_leaves=35
num_cat=0
split_feature=5 2 10 2 5 12 5 2 5 5 1 1 14 2 0 12 5 12 14 16 6 10 3 2 5 5 0 5 11 1 10 2 6 12
split_gain=95646 7820.43 1890.98 699.996 1782.6 516.478 408.192 594.206 235.31 162.164 238.73 155.296 95.2106 94.2579 93.2558 88.4252 76.5308 97.7327 81.8828 74.7941 62.291 57.2568 55.8944 55.2376 50.8677 207.636 41.8017 49.2876 38.1896 28.3727 26.1023 113.947 151.455 44.7342
threshold=68.438713073730483 0.92000734806060802 1.0000000180025095e-35 0.68457981944084179 84.101531982421889 1.0000000180025095e-35 1.0000000180025095e-35 0.77619683742523204 60.049261093139656 62.149042129516609 88.303691864013686 85.89511871337892 1.0000000180025095e-35 0.4131507426500321 61.938297271728523 1.0000000180025095e-35 92.876655578613295 1.0000000180025095e-35 1.0000000180025095e-35 1.0000000180025095e-35 0.86888945102691661 1.0000000180025095e-35 44.033897399902351 0.87446627020835888 53.242082595825202 1.0000000180025095e-35 88.273490905761733 52.467130661010749 1.5000000000000002 99.462364196777358 1.0000000180025095e-35 0.89355900883674633 0.71964728832244884 1.0000000180025095e-35
decision_type=2 2 2 2 2 2 2 2 2 2 2 2 2 2 2 2 2 2 2 2 2 2 2 2 2 2 2 2 2 2 2 2 2 2
left_child=1 6 19 4 5 13 7 29 -4 26 15 23 20 -2 -13 -11 17 -6 -19 24 -7 -12 -15 -9 25 -3 -8 -28 -14 -1 -5 32 33 -32
right_child=3 2 8 30 16 12 9 11 -10 10 21 14 28 22 -16 -17 -18 18 -20 -21 -22 -23 -24 -25 -26 -27 27 -29 -30 -31 31 -33 -34 -35
leaf_value=-0.092630812686426048 0.14299392849776557 0.10460611820717475 -0.089560075342528564 0.13048902215575342 0.13538904305423277 -0.080779744275764648 -0.09631443459003021 -0.045694848645748243 0.11654272703986722 -0.010787023125173116 0.13109278091291673 0.0012017081409131361 -0.020058119787130641 0.0082154572447126692 0.12456060105667537 -0.084729137286592385 0.13086282098081847 0.028726695549395886 0.10249089566528376 0.12435580100376172 0.086986199425940949 -0.050063597322133592 0.13420635797210032 0.046132466821263124 0.12954819009352803 -0.067668438373080925 -0.078757088327022273 0.12672342499379588 0.086354844655317356 -0.0054308329680482813 0.14557768649474156 0.1290030816841333 0.11504340748606946 -0.064421824410384299
leaf_weight=653.18806150555611 113.46927583217621 179.21821145713329 414.26480174064636 18816.933435976505 294.920116096735 363.10999099910259 31367.41053929925 126.21409329771996 38.771014109253883 123.74440230429173 48.52815568447113 55.975484997034073 204.39774616062641 87.183175057172775 131.03055170178413 632.9291203469038 1988.4039139598608 153.27386026084423 259.15949890017509 1155.303445994854 14.739340171217917 14.503163442015646 30.391371294856071 62.777878701686859 99.894333139061928 59.687758669257164 21.006987631320953 11.594400733709334 24.132601916790009 24.786993116140366 7.3414943665266028 918.18382704257965 110.14022570848465 56.110443666577339
leaf_count=4439 466 729 2633 79384 1218 2178 216381 723 159 704 202 294 1019 404 545 4035 8273 649 1061 4848 62 82 128 276 412 283 124 50 104 144 30 3843 465 287
internal_value=-0.00124442 -0.0845816 0.0712507 0.123968 0.091152 -0.0108013 -0.0937007 -0.0447096 -0.0719217 -0.0953033 -0.0601762 0.0359504 -0.0495823 0.0909801 0.0876363 -0.0726368 0.122823 0.100224 0.0750777 0.114663 -0.0742354 0.0894097 0.0407823 -0.0151924 0.0816099 0.0615654 -0.0962203 -0.00567973 -0.00882101 -0.0894428 0.129791 0.117765 0.0583259 -0.0401245
internal_weight=58662.7 35220.8 1947.14 23441.9 3533.18 837.424 33273.7 1053.97 453.036 32219.7 819.705 375.998 606.38 231.044 187.006 756.674 2695.76 707.353 412.433 1494.1 377.849 63.0313 117.575 188.992 338.8 238.906 31400 32.6014 228.53 677.975 19908.7 1091.78 173.592 63.4519
internal_count=336634 237063 9064 99571 15562 4361 227999 6421 2792 221578 5023 1838 3363 998 839 4739 11201 2928 1710 6272 2240 284 532 999 1424 1012 216555 174 1123 4583 84009 4625 782 317
is_linear=0
shrinkage=0.08


Tree=8
num_leaves=35
num_cat=0
split_feature=4 2 10 4 2 3 1 10 3 3 11 8 17 6 4 10 2 2 13 1 4 3 12 8 6 4 18 10 12 16 8 3 4 8
split_gain=78647 9804.37 1525.16 835.49 1155.28 522.422 540.929 1033.58 357.555 317.109 150.61 139.639 126.831 109.545 99.1521 87.2225 103.722 81.4902 74.6887 58.0639 174.996 130.801 56.9872 54.3517 47.426 45.2666 37.7114 35.0439 26.6084 26.2463 32.8555 22.1831 26.4994 22.0416
threshold=60.567405700683601 0.92595797777175914 1.0000000180025095e-35 68.769905090332045 0.74922439455986034 8.4219856262207049 90.366767883300795 1.0000000180025095e-35 67.05426406860353 9.6399536132812518 1.5000000000000002 1.0000000180025095e-35 1.0000000180025095e-35 0.60142236948013317 46.556285858154304 1.0000000180025095e-35 0.91000398993492138 0.87446627020835888 1.0000000180025095e-35 45.867485046386726 78.283874511718764 9.6399536132812518 1.0000000180025095e-35 1.0000000180025095e-35 0.82234114408493053 42.829349517822273 1.0000000180025095e-35 1.0000000180025095e-35 1.0000000180025095e-35 1.0000000180025095e-35 1.0000000180025095e-35 23.166368484497074 89.260864257812514 1.0000000180025095e-35
decision_type=2 2 2 2 2 2 2 2 2 2 2 2 2 2 2 2 2 2 2 2 2 2 2 2 2 2 2 2 2 2 2 2 2 2
left_child=1 5 18 4 9 10 12 8 -8 28 11 -1 17 -13 -4 -6 -17 -7 29 20 21 -5 -23 -11 -25 -20 -16 -14 -2 30 -3 -22 -33 -30
right_child=3 2 14 19 15 6 7 -9 -10 23 -12 13 27 -15 26 16 -18 -19 25 -21 31 22 -24 24 -26 -27 -28 -29 33 -31 -32 32 -34 -35
leaf_value=0.095433496320984204 0.12653539658868629 0.076682060787504225 -0.078670328122412217 0.10284424701566242 0.12555377865219416 -0.093800076028682039 -0.01952588672035524 -0.093509588871390187 0.10268744320665465 0.076680251106133829 0.052280657569482275 -0.014411577304923784 0.1221055268782649 -0.067234685779237746 0.077990896274690816 -0.063419583654745398 0.11451523767411498 -0.069194478621465591 -0.076154311612491976 0.12412392093892631 0.12520891027865447 0.063755289028614451 -0.038513733861004151 -0.080973445406933714 0.0013118400736840743 0.097798647347601297 -0.039116730817044476 -0.084227906988655676 0.14568754999015271 0.12056107832088628 0.1218436756149167 0.073552421752734645 0.11991128761761298 0.038064050053256894
leaf_weight=42.1841841340065 33.638077959418297 221.39055287837982 322.87390942871571 172.73319071531296 826.84519849717617 27929.215429916978 336.411356985569 1084.5877997428179 281.33655098080635 16.782672345638275 104.13171598315239 347.99786546826363 22.387813270092014 903.86313183605671 39.361888036131859 35.682725504040718 50.838796466588974 888.83917243778706 21.032020181417465 18145.510810479522 1255.3279145956039 56.254882544279099 91.73813059926033 345.55586910247803 51.510676071047783 17.57379674911499 31.830055594444275 6.8891797065734854 13.383096188306807 1440.2549880594015 192.95178587734699 128.7170519977808 203.95136386156082 135.35309039056301
leaf_count=195 143 916 2158 728 3586 205007 2055 7835 1285 85 493 2027 112 5776 177 206 216 5914 131 79121 5390 246 482 2195 269 78 164 50 56 6229 832 548 868 623
internal_value=-0.00126425 -0.0766424 0.0833599 0.118407 0.0610127 -0.0880975 -0.0902861 -0.0464646 0.0361329 -0.0256081 -0.0402784 -0.0477266 -0.0928721 -0.0525507 -0.0598271 0.117557 0.0411323 -0.0930412 0.113164 0.122728 0.109455 0.0555551 0.000360614 -0.0643384 -0.0702987 0.00303101 0.0256318 0.0735531 0.0622799 0.115457 0.097713 0.120341 0.101974 0.0477479
internal_weight=55798.9 34235.1 2287.27 21563.8 1509.59 31947.8 30549.7 1702.34 617.748 596.223 1398.18 1294.05 28847.3 1251.86 394.066 913.367 86.5215 28818.1 1893.2 20054.2 1908.72 320.726 147.993 413.849 397.067 38.6058 71.1919 29.277 182.374 1854.6 414.342 1588 332.668 148.736
internal_count=336196 241434 10685 94762 7379 230749 222258 11175 3340 3371 8491 7998 211083 7803 2499 4008 422 210921 8186 87383 8262 1456 728 2549 2464 209 341 162 822 7977 1748 6806 1416 679
is_linear=0
shrinkage=0.08


Tree=9
num_leaves=35
num_cat=0
split_feature=5 2 10 5 2 4 2 2 5 12 5 0 12 13 3 10 2 6 3 1 5 12 0 5 1 16 5 3 3 5 12 0 16 1
split_gain=76207.5 5670.64 1456.59 1066.14 1269.94 387.156 504.402 223.646 594.162 241.616 137.125 122.626 116.347 91.2446 88.2009 75.6982 94.186 71.2363 100.136 70.6505 63.9479 70.7556 56.9989 55.1879 53.6026 51.868 51.1524 46.4134 41.4866 39.331 32.9989 32.1502 28.7134 27.9723
threshold=65.733856201171889 0.92000734806060802 1.0000000180025095e-35 73.623714447021499 0.76346477866172802 1.0000000180025095e-35 0.78606858849525463 0.66669553518295299 84.101531982421889 1.0000000180025095e-35 55.362188339233406 60.922586441040046 1.0000000180025095e-35 1.0000000180025095e-35 16.064516067504886 1.0000000180025095e-35 0.92859193682670604 0.84718990325927745 49.25306701660157 11.215932846069338 92.876655578613295 1.0000000180025095e-35 88.067794799804702 53.528240203857429 86.526824951171889 1.0000000180025095e-35 49.130369186401374 48.331480026245124 21.164613723754886 58.892297744750984 1.0000000180025095e-35 76.50690078735353 1.0000000180025095e-35 99.462364196777358
decision_type=2 2 2 2 2 2 2 2 2 2 2 2 2 2 2 2 2 2 2 2 2 2 2 2 2 2 2 2 2 2 2 2 2 2
left_child=1 5 13 4 12 6 31 8 9 28 -4 32 19 25 -11 -6 30 22 -19 -2 21 -10 29 -24 -13 33 -15 -21 -5 -7 -17 -1 -8 -3
right_child=3 2 10 7 15 17 11 -9 20 14 -12 24 -14 26 -16 16 -18 18 -20 27 -22 -23 23 -25 -26 -27 -28 -29 -30 -31 -32 -33 -34 -35
leaf_value=-0.087589196045735479 0.14240752507835563 0.095407475823473309 -0.089857825273254394 0.12965373961266216 0.11959121339286739 -0.093612837088089249 -0.036538713640317411 0.11880656807162675 0.1209605199455822 0.022438000525765132 0.060217854273434228 0.026493260772316549 -0.075878825805285127 -0.090303233989826273 -0.060361157907851591 0.11085855594015138 0.11741584833203379 -0.087333824187428619 0.16368651615886828 -0.045217827684736416 0.11877749821626594 0.068466166059858516 -0.073607645216424933 0.11978770132414898 0.10570912829264288 0.11340460863665619 0.11267699444569935 0.13116349686288267 0.0480690398982122 -0.078000075705324773 -0.070871033343917311 0.030035237049494828 0.12354623092436084 0.043910247983061236
leaf_weight=604.73388001322746 23.535942792892456 164.59047982096672 357.24792191386223 94.094565987586975 591.36176413297653 27016.305606856942 120.39224830269814 18122.612639605999 279.10229960083961 147.825070515275 43.735246509313583 96.711772844195366 415.86424238979816 24.38999879360199 185.86390142142773 7.6899635642766944 51.692382961511612 26.111498102545738 16.659887120127678 60.385285392403603 1842.7224853783846 399.61361841857433 23.769413068890572 15.668482720851896 125.75634405016899 974.6405057311058 11.785220026969908 11.341430515050886 69.247417777776718 1073.6950649768114 37.969475135207176 15.246953114867209 7.624889373779296 114.44415977597237
leaf_count=4623 103 700 2558 390 2648 211670 713 82089 1207 696 186 481 2780 159 1125 34 222 173 75 335 8121 1678 151 68 524 4344 51 53 304 7796 226 80 37 476
internal_value=-0.00122675 -0.0827491 0.0596834 0.111285 0.0379269 -0.0910129 -0.0413321 0.115448 0.0952869 0.0153437 -0.0734891 0.0353762 -0.0576109 0.101083 -0.0236809 0.10883 0.0434616 -0.0927243 0.0104411 0.0221365 0.111045 0.090053 -0.0928811 0.00322738 0.0712723 0.104698 -0.024176 -0.0173284 0.0950666 -0.0930161 -0.0402641 -0.0846965 -0.0270038 0.0742862
internal_weight=53174.4 30833.5 1690.83 22340.9 1199.84 29142.7 970.466 21141.1 3018.47 497.031 400.983 350.485 511.127 1289.85 333.689 688.714 97.3518 28172.2 42.7714 95.2627 2521.44 678.716 28129.4 39.4379 222.468 1253.68 36.1752 71.7267 163.342 28090 45.6594 619.981 128.017 279.035
internal_count=336876 234865 8474 102011 6401 226391 6458 95610 13521 2515 2744 1755 3271 5730 1821 3130 482 219933 248 491 11006 2885 219685 219 1005 5520 210 388 694 219466 260 4703 750 1176
is_linear=0
shrinkage=0.08


Tree=10
num_leaves=35
num_cat=0
split_feature=5 0 10 5 3 4 15 12 0 1 5 12 5 3 3 13 5 17 13 10 1 5 1 16 3 10 4 1 0 4 3 0 12 8
split_gain=67916.9 5156.45 1205.64 941.663 1292.8 436.268 480.669 214.874 178.724 159.616 286.679 167.177 131.534 107.877 101.247 98.9852 79.6139 163.074 79.2416 74.1656 121.817 53.3073 47.9733 42.6475 40.0477 36.4795 172.508 161.638 36.0974 53.8159 33.9895 32.6722 32.5857 100.399
threshold=65.733856201171889 83.910789489746108 1.0000000180025095e-35 76.220237731933608 62.910053253173835 1.0000000180025095e-35 1.0000000180025095e-35 1.0000000180025095e-35 61.633426666259773 44.315244674682624 88.384941101074233 1.0000000180025095e-35 52.195329666137702 16.064516067504886 90.366767883300795 1.0000000180025095e-35 58.892297744750984 1.0000000180025095e-35 1.0000000180025095e-35 1.0000000180025095e-35 87.026645660400405 49.130369186401374 94.804317474365249 1.0000000180025095e-35 25.15822792053223 1.0000000180025095e-35 68.769905090332045 90.595520019531264 16.784037590026859 86.17453765869142 65.64831924438478 7.4772884845733651 1.0000000180025095e-35 1.0000000180025095e-35
decision_type=2 2 2 2 2 2 2 2 2 2 2 2 2 2 2 2 2 2 2 2 2 2 2 2 2 2 2 2 2 2 2 2 2 2
left_child=1 5 15 4 7 6 22 18 -8 10 11 24 -4 -13 16 32 -7 -18 -2 -6 -21 -17 -1 -14 -5 -11 27 -27 -12 -30 -24 -9 -3 -34
right_child=3 2 12 9 19 14 8 31 -10 25 28 13 23 -15 -16 21 17 -19 -20 20 -22 -23 30 -25 -26 26 -28 -29 29 -31 -32 -33 33 -35
leaf_value=-0.08864848541120661 0.075249744551577666 0.1071063841497122 -0.091232703845488192 0.11933472335378101 0.11437117275458228 -0.092235732576914128 -0.028294301755130331 -0.024930889204983854 0.081143572643852815 0.11499492178616809 0.11358932099011584 0.043384299275917304 -0.028106231176559797 -0.047712033185458108 0.1108896947873243 -0.095926602857146548 -0.07709167251990004 0.06566901220483462 -0.070193743883506535 -0.05575057905596878 0.10581951807347598 0.11090199737400264 -0.056580237176661802 0.12145144263439518 0.038090480101388026 -0.096559645838883393 0.1101790375368067 0.1179134330917357 0.036029879941327454 0.10448135062812901 0.11319354933363313 -0.075886268700887063 -0.046508510627308333 0.11056787914407304
leaf_weight=536.3465881049633 115.51373332738876 1043.8658864572644 296.22827859967947 154.41867627203465 852.40195141732693 25344.650582186878 171.66765803098679 101.26459200680256 215.26694771647453 16564.192783877254 1380.1698946803808 215.09280186891556 23.260571986436844 135.67537619173527 15.853521853685377 25.244254574179649 994.79740144312382 53.98815992474556 30.253101781010628 45.660368457436562 86.33380925655365 11.658473655581473 18.285026311874393 25.668718487024307 51.874994322657585 52.852747529745102 827.28567436337471 39.146820828318596 102.18077631294727 261.93927027285099 12.851735606789587 393.38520969450474 37.077761113643646 87.50467973202467
leaf_count=4304 545 4755 2282 662 4001 212072 1110 560 957 78350 6256 929 124 769 76 172 7608 297 171 284 389 52 115 113 225 239 3845 167 429 1178 61 2805 175 403
internal_value=-0.00128577 -0.0812583 0.0606671 0.106719 0.048173 -0.0893002 -0.0361643 -0.0402993 0.0325903 0.111527 0.0917216 0.0417579 -0.0711616 0.00814869 -0.0912205 0.0984168 -0.0913419 -0.0697428 0.0450638 0.10573 0.049928 -0.0305844 -0.0830441 0.050353 0.0989049 0.114134 0.0986223 -0.00529901 0.107678 0.0852722 0.0134941 -0.0654547 0.102491 0.0638194
internal_weight=50323.9 28914.2 1550.51 21409.6 1624.81 27363.7 954.418 640.417 386.935 19784.8 2301.35 557.062 345.158 350.768 26409.3 1205.35 26393.4 1048.79 145.767 984.396 131.994 36.9027 567.483 48.9293 206.294 17483.5 919.285 91.9996 1744.29 364.12 31.1368 494.65 1168.45 124.582
internal_count=336480 234676 8076 101804 8755 226600 6547 4081 2067 93049 10448 2585 2519 1698 220053 5557 219977 7905 716 4674 673 224 4480 237 887 82601 4251 406 7863 1607 176 3365 5333 578
is_linear=0
shrinkage=0.08


Tree=11
num_leaves=35
num_cat=0
split_feature=5 3 10 5 3 4 15 1 5 12 3 12 5 5 1 3 13 10 1 12 13 3 4 16 12 1 1 5 10 4 3 16 6 16
split_gain=61093.7 4573.85 1091.57 842.318 1018.46 479.677 482.363 196.019 304.564 179.021 153.557 124.073 108.843 90.4775 166.39 78.4562 67.8229 66.8666 102.609 66.3948 63.7758 57.5628 62.7041 49.5774 48.9701 45.8952 44.2827 42.3707 38.4525 171.885 137.616 33.456 31.8013 31.7928
threshold=65.733856201171889 84.273937225341811 1.0000000180025095e-35 75.088653564453139 62.910053253173835 1.0000000180025095e-35 1.0000000180025095e-35 41.825756072998054 85.127449035644545 1.0000000180025095e-35 59.516963958740241 1.0000000180025095e-35 52.976552963256843 59.473320007324226 90.366767883300795 16.064516067504886 1.0000000180025095e-35 1.0000000180025095e-35 88.493064880371108 1.0000000180025095e-35 1.0000000180025095e-35 23.845060348510746 80.09216690063478 1.0000000180025095e-35 1.0000000180025095e-35 19.139194488525394 94.804317474365249 49.677366256713874 1.0000000180025095e-35 68.769905090332045 77.459678649902358 1.0000000180025095e-35 0.6178167760372163 1.0000000180025095e-35
decision_type=2 2 2 2 2 2 2 2 2 2 2 2 2 2 2 2 2 2 2 2 2 2 2 2 2 2 2 2 2 2 2 2 2 2
left_child=1 5 20 4 9 6 26 8 11 16 -8 25 -4 -7 19 -13 -2 -6 -19 -15 31 32 -23 -12 -16 -5 -1 -22 -9 30 -30 -3 -10 -14
right_child=3 2 12 7 17 13 10 28 21 -11 23 15 33 14 24 -17 -18 18 -20 -21 27 22 -24 -25 -26 -27 -28 -29 29 -31 -32 -33 -34 -35
leaf_value=-0.087465340743621292 0.071307963949694547 0.074464278265409856 -0.088184980474627542 0.11997629415112401 0.10958636576273931 -0.09095424738846257 -0.035741148166149428 0.11115474330845945 0.065994432657935434 -0.064247072273227554 0.037801220273105875 0.026519958582713353 -0.029962493921296556 -0.025687446645262475 0.14118749545592335 -0.063087324408372197 -0.067604990727357747 -0.053071994300804982 0.10287594740766785 -0.084819081782546754 -0.083297854554399003 -0.0020363946239248545 0.086672991743507399 0.10668831087343454 -0.0036690241768687569 0.024662941396873493 0.0081295206484588798 0.10795274084287691 -0.084033164249866399 0.10631786387355759 0.10951947005138403 0.1061688426326471 0.10805456825454321 0.098463678581425837
leaf_weight=502.54564668983221 105.09018668532372 288.45189250260592 287.53859909623861 82.572194010019302 694.64542303979397 23830.722496375442 134.14232520759106 15999.097055926919 125.1514108479023 435.74363062530756 147.69713693857193 145.3915559053421 22.652190677821636 147.89168027043343 27.896370723843575 109.73154026269913 28.620292350649834 43.543494291603565 71.084341466426849 681.71545488387346 21.026814378798008 67.44260647892952 209.12099173665047 122.1708951741457 32.148902826011181 53.140703171491623 33.052804261445999 11.451420590281485 58.31760398298502 810.25681413710117 39.388838395476341 814.52105794847012 1425.3125588297844 27.091085836291313
leaf_count=4283 494 1299 2366 356 3400 213211 911 79343 515 3111 704 652 125 1087 130 722 169 279 326 5562 152 283 959 538 180 230 188 53 284 3927 172 3939 6718 118
internal_value=-0.00126091 -0.0800177 0.0570864 0.102959 0.0425677 -0.0878866 -0.0317831 0.107312 0.0849507 -0.0393998 0.0342143 0.0208538 -0.0692827 -0.0900191 -0.0649701 -0.0120212 0.0415741 0.100245 0.0436362 -0.0742779 0.0946239 0.0986622 0.0650404 0.0689868 0.0636297 0.0826547 -0.081566 -0.0158653 0.110246 0.0942307 -0.00600542 0.0978774 0.10466 0.0399807
internal_weight=47636.4 27132.7 1472.73 20503.7 1378.73 25660 939.609 19124.9 2217.86 569.454 404.01 390.836 337.282 24720.4 889.652 255.123 133.71 809.273 114.628 829.607 1135.45 1827.03 276.564 269.868 60.0453 135.713 535.598 32.4782 16907.1 907.963 97.7064 1102.97 1550.46 49.7433
internal_count=336786 234846 8052 101940 7779 226794 6624 94161 10435 3774 2153 1960 2609 220170 6959 1374 663 4005 605 6649 5443 8475 1242 1242 310 586 4471 205 83726 4383 456 5238 7233 243
is_linear=0
shrinkage=0.08


Tree=12
num_leaves=35
num_cat=0
split_feature=4 0 10 4 3 0 16 10 3 0 4 11 8 15 4 3 4 0 10 1 13 10 14 1 12 0 8 16 12 1 14 16 8 12
split_gain=50553.5 6513.41 1010.89 574.672 705.91 501.206 488.316 602.994 178.122 173.951 113.342 105.538 103.866 84.5193 73.818 67.7797 176.425 83.2663 59.3186 71.0623 56.7322 52.5214 50.4055 46.232 45.9495 40.9993 32.8372 24.3774 24.9352 21.94 21.9063 21.7194 37.9443 19.1914
threshold=60.567405700683601 83.43881988525392 1.0000000180025095e-35 68.769905090332045 62.910053253173835 9.1608390808105487 1.0000000180025095e-35 1.0000000180025095e-35 90.990257263183608 9.1608390808105487 1.0000000180025095e-35 1.5000000000000002 1.0000000180025095e-35 1.0000000180025095e-35 49.668815612792976 49.25306701660157 78.283874511718764 9.1608390808105487 1.0000000180025095e-35 89.725547790527358 1.0000000180025095e-35 1.0000000180025095e-35 1.0000000180025095e-35 92.718276977539077 1.0000000180025095e-35 64.747306823730483 1.0000000180025095e-35 1.0000000180025095e-35 1.0000000180025095e-35 93.419914245605483 1.0000000180025095e-35 1.0000000180025095e-35 1.0000000180025095e-35 1.0000000180025095e-35
decision_type=2 2 2 2 2 2 2 2 2 2 2 2 2 2 2 2 2 2 2 2 2 2 2 2 2 2 2 2 2 2 2 2 2 2
left_child=1 5 20 4 9 11 8 23 10 33 -7 12 -1 25 27 16 17 -5 -6 -20 31 -15 -14 -8 -19 -11 -22 -4 -29 -16 -13 32 -3 -2
right_child=3 2 14 15 18 6 7 -9 -10 13 -12 30 22 21 29 -17 -18 24 19 -21 26 -23 -24 -25 -26 -27 -28 28 -30 -31 -32 -33 -34 -35
leaf_value=0.087985913947535105 0.10658509844513439 0.062961483033765822 -0.086239387265947376 0.080384992400969871 0.1087045613562676 -0.056534650165294506 0.03506274076344372 -0.086993166554045195 0.11067464370802267 -0.06653187461195828 -0.08785380374742123 -0.08247018489806493 -0.092389595834557137 0.1079885041726466 -0.073141164315490365 0.1074543852331262 0.10255786253791727 0.052275121567535637 -0.051804843086342117 0.10459250455029205 -0.072234911157506923 -0.071097684396058625 -0.038390820310979949 0.11789174570425233 -0.032896937611740014 0.11750742016450177 0.079104300795115309 -0.06491769653223306 0.020374734754767289 0.062190659624585067 0.055469518712766369 0.10425602475266121 0.11003344814019889 0.036102405664212606
leaf_weight=39.239449970424175 29.61837911605835 252.43791127204895 195.49382115900517 155.49676052480936 679.72692563384771 764.84670554101467 59.82821973413229 256.71825521439314 29.265050150454044 325.14496006816626 22336.59389064461 7.9903586506843558 124.61782471090555 32.969070583581924 9.5014392361044866 14937.635091573 1563.8427509218454 65.529785320162773 33.988465510308743 41.049925103783607 19.778116934001446 15.36531078070402 985.95733808726072 154.50381106883287 106.29516562819481 7.9361132234334937 17.11699452996254 69.229497447609901 32.112147651612759 39.707386240363121 94.656174428761005 1125.796249717474 193.69001269340515 149.62500000745058
leaf_count=199 140 1153 1716 718 3489 6028 336 2298 148 2348 212514 56 1082 153 64 78021 7811 293 217 194 152 108 7231 731 585 40 87 558 202 186 483 5764 964 716
internal_value=-0.00145581 -0.071249 0.0693542 0.101667 0.0507431 -0.0823079 -0.0849249 -0.00428886 -0.086567 -0.0172536 -0.0868169 -0.0329919 -0.0399304 -0.0478012 -0.0546887 0.105648 0.091379 0.03797 0.101253 0.0337527 0.0960348 0.0510577 -0.04445 0.094771 -0.000414421 -0.0621469 -0.0020231 -0.0697329 -0.0378911 0.0360602 0.0447318 0.0983364 0.0833982 0.047749
internal_weight=44953.3 26809.1 1954.86 18144.2 1315.42 24854.2 23601.8 471.05 23130.7 560.659 23101.4 1252.46 1149.81 381.415 346.044 16828.8 1891.16 327.322 754.765 75.0384 1608.82 48.3344 1110.58 214.332 171.825 333.081 36.8951 296.835 101.342 49.2088 102.647 1571.92 446.128 179.243
internal_count=336785 241952 10846 94833 7405 231106 222055 3365 218690 3505 218542 9051 8512 2649 2726 87428 9407 1596 3900 411 8120 261 8313 1067 878 2388 239 2476 760 250 539 7881 2117 856
is_linear=0
shrinkage=0.08


Tree=13
num_leaves=35
num_cat=0
split_feature=4 2 10 4 2 0 0 0 4 2 10 3 4 14 11 11 8 10 13 4 2 14 0 10 16 8 3 4 12 1 0 4 8 18
split_gain=45395.3 5836.99 1208.85 665.813 730.885 500.37 400.727 175.074 167.661 244.153 142.717 101.099 206.052 115.963 100.54 92.9421 79.8876 74.4064 66.1883 62.7985 61.2184 50.8366 42.2189 39.265 38.8811 50.9942 36.5858 35.693 33.022 29.2705 25.8779 33.1047 19.862 18.9642
threshold=59.66327095031739 0.91000398993492138 1.0000000180025095e-35 67.507961273193374 0.75452139973640453 9.1608390808105487 84.273937225341811 9.1608390808105487 1.0000000180025095e-35 0.85001030564308178 1.0000000180025095e-35 42.761905670166023 77.658481597900405 1.0000000180025095e-35 1.5000000000000002 1.5000000000000002 1.0000000180025095e-35 1.0000000180025095e-35 1.0000000180025095e-35 46.190130233764656 0.92308092117309581 1.0000000180025095e-35 64.051280975341811 1.0000000180025095e-35 1.0000000180025095e-35 1.0000000180025095e-35 90.054946899414077 44.492963790893562 1.0000000180025095e-35 94.201679229736342 15.831244468688967 92.151729583740249 1.0000000180025095e-35 1.0000000180025095e-35
decision_type=2 2 2 2 2 2 2 2 2 2 2 2 2 2 2 2 2 2 2 2 2 2 2 2 2 2 2 2 2 2 2 2 2 2
left_child=1 5 18 4 7 15 8 -2 9 -7 29 12 13 28 -10 16 -1 -6 24 -4 -19 -18 32 -24 25 -3 -21 -20 -5 -8 -14 -32 -9 -28
right_child=3 2 19 11 17 6 10 22 14 -11 -12 -13 30 -15 -16 -17 21 20 27 26 -22 -23 23 -25 -26 -27 33 -29 -30 -31 31 -33 -34 -35
leaf_value=0.076835197120479065 0.039384977829666358 0.047586408532869252 -0.075341431489039878 0.025618361088245792 0.10670594191931536 -0.073636909644883938 0.0087034786077614876 0.036570906009274401 -0.087443850746642376 0.034096341733075491 -0.072397710392962847 0.10440810276504045 0.10489804669087438 0.071278032516265785 -0.033542725497579431 0.042378189356884824 -0.091605690198854381 -0.04861023624560553 -0.065775898160732302 -0.059662418118368192 0.097864729184416813 -0.036157454901208655 0.10976308494836325 -0.08095660528588855 0.1004698855910155 0.10489938300119228 0.088851315187790728 0.094758270624520788 -0.05228732331155022 0.10926093281041212 0.057543977242819892 0.10152967826684643 -0.070635272444416738 -0.015145713003292333
leaf_weight=37.259978398680687 166.87886437028646 235.25450955331326 346.89016190171242 54.079542979598045 581.19403737038374 573.80059944093227 23.232378952205181 11.44191589206457 20640.13663392514 175.90186968445778 50.605328112840652 14500.2135367468 930.47864666581154 172.80164475739002 223.87576104700565 99.558420315384865 119.07377900183201 38.355788946151733 26.251153573393822 34.880314193665981 34.857146367430687 950.96842440217733 17.334560468792915 11.486673124134542 1176.9986706674099 171.99623192846775 28.835833624005318 13.382830597460268 97.782637245953083 91.450756937265396 202.14466786384583 238.96104139089584 331.55188123136759 18.371780790388584
leaf_count=191 817 1089 3115 246 3117 5200 122 65 210676 871 464 79861 4942 817 1823 523 1102 254 207 249 168 7160 86 89 6289 896 139 69 595 449 958 1240 2611 103
internal_value=-0.00129776 -0.0702591 0.0589904 0.0979977 0.0403219 -0.0818023 -0.0845809 -0.0286907 -0.0855298 -0.0483596 0.0395096 0.102246 0.0837665 0.0264569 -0.0868655 -0.031661 -0.038318 0.0971317 0.0905432 -0.0604516 0.0211274 -0.0423277 -0.0592446 0.0337519 0.0930978 0.0717917 0.00247057 -0.0115699 -0.0245444 0.0888901 0.0973321 0.0813724 -0.067059 0.0483788
internal_weight=42428.3 25038.7 2052.86 17389.6 1193.1 22985.9 21779 538.694 21613.7 749.702 165.288 16196.5 1696.25 324.664 20864 1206.86 1107.3 654.407 1623.88 428.978 73.2129 1070.04 371.815 28.8212 1584.25 407.251 82.0879 39.634 151.862 114.683 1371.58 441.106 342.994 47.2076
internal_count=336603 240737 12156 95866 7207 228581 219605 3668 218570 6071 1035 88659 8798 1658 212499 8976 8453 3539 8550 3606 422 8262 2851 175 8274 1985 491 276 841 571 7140 2198 2676 242
is_linear=0
shrinkage=0.08


Tree=14
num_leaves=35
num_cat=0
split_feature=5 2 10 2 5 4 2 12 5 12 14 5 0 14 16 5 2 10 14 18 2 3 10 4 2 5 4 3 2 12 1 0 11 0
split_gain=45285.6 3594.06 1009.09 635.305 1063.76 280.911 297.893 201.836 106.167 107.03 106.053 102.371 87.9174 87.6448 79.6995 70.1763 132.642 187.693 63.8866 119.54 50.1571 49.7019 42.7111 134.942 137.486 41.8017 136.319 39.6096 29.9331 25.0379 19.0082 13.8728 39.4213 13.7051
threshold=65.733856201171889 0.91000398993492138 1.0000000180025095e-35 0.68785348534584057 81.853973388671889 1.0000000180025095e-35 0.74922439455986034 1.0000000180025095e-35 92.876655578613295 1.0000000180025095e-35 1.0000000180025095e-35 52.195329666137702 77.849929809570327 1.0000000180025095e-35 1.0000000180025095e-35 58.355855941772468 0.74922439455986034 1.0000000180025095e-35 1.0000000180025095e-35 1.0000000180025095e-35 0.8615492880344392 44.033897399902351 1.0000000180025095e-35 67.507961273193374 0.92595797777175914 56.127729415893562 22.026123046875004 9.6399536132812518 0.95605227351188671 1.0000000180025095e-35 95.040985107421889 87.226108551025405 1.0000000180025095e-35 12.632978916168215
decision_type=2 2 2 2 2 2 2 2 2 2 2 2 2 2 2 2 2 2 2 2 2 2 2 2 2 2 2 2 2 2 2 2 2 2
left_child=1 5 14 4 7 6 -1 10 9 -6 21 -4 20 -11 25 31 27 -18 30 -20 -8 -2 -5 24 29 26 -3 -17 -13 -24 -9 -7 -33 -12
right_child=3 2 11 22 8 15 12 18 -10 13 33 28 -14 -15 -16 16 17 -19 19 -21 -22 -23 23 -25 -26 -27 -28 -29 -30 -31 -32 32 -34 -35
leaf_value=-0.080678599493499509 -0.023401241037433618 0.068713471204742513 -0.086299920764941973 0.10251360479522227 0.10273285297088119 -0.088420245215051527 -0.039248724540270244 -0.069888840008208025 0.10029910886210525 -0.0028677025890925618 0.12909486186154182 -0.041000912962996267 0.099159953097335024 0.068106472820564673 0.094021672749747862 -0.034930484086327186 0.12290616813963683 -0.07419820775785306 0.081743631869002423 -0.051364595142234987 0.032184776354815342 0.10575268269176469 0.084900652130053655 0.09779381173514258 0.10586000332180383 0.10770899938323304 -0.064989422289215046 -0.085217078752156394 0.074524347867808247 -0.072151669078253239 0.068456758160076916 -0.084461093339477281 0.13815206469715019 0.0075831803004659352
leaf_weight=440.20050986111164 101.48720827698708 174.30734013020992 327.56121907383204 13765.263594970107 279.14720357954502 19120.810580156744 119.54462050646544 339.49517188221216 1550.4747874587774 183.95635564625263 72.770879924297333 24.130666621029377 70.9159786850214 282.14265187084675 818.70956944674253 117.54554969072342 54.190207332372665 72.003112994134426 62.07569520175457 141.85657162219286 132.78367435932159 23.481644555926323 7.1479388028383246 726.80511674284935 56.471020266413689 56.481892310082912 67.782231837511063 681.23436251282692 35.429309919476509 71.299465768039227 6.4773737341165534 21.823032900691036 6.6401540935039511 6.4686118215322486
leaf_count=4442 530 801 3204 80148 1421 209819 865 2845 8405 879 322 156 333 1259 4544 942 312 676 335 841 627 110 34 4077 264 286 390 6823 160 467 33 180 28 36
internal_value=-0.00116801 -0.0768648 0.0425515 0.0945067 0.0612929 -0.0854862 -0.0378562 -0.0211426 0.0883718 0.0635572 0.0467744 -0.0687576 0.0204603 0.0400949 0.0811185 -0.0872976 -0.0657759 0.0104428 -0.0463637 -0.0108473 -0.001658 0.000866778 0.101432 0.0841541 0.0106769 0.0457369 0.0312782 -0.0778171 0.0277194 -0.0578414 -0.0672987 -0.0883372 -0.0325278 0.119175
internal_weight=40018.9 22342.1 1504.4 17676.8 3049.83 20837.7 763.445 754.113 2295.72 745.246 204.208 387.121 323.244 466.099 1117.28 20074.2 924.973 126.193 549.905 203.932 252.328 124.969 14627 861.724 134.918 298.571 242.09 798.78 59.56 78.4474 345.973 19149.3 28.4632 79.2395
internal_count=336594 234588 9541 102006 17016 225047 6267 5052 11964 3559 998 3520 1825 2138 6021 218780 8753 988 4054 1176 1492 640 84990 4842 765 1477 1191 7765 316 501 2878 210027 208 358
is_linear=0
shrinkage=0.08


Tree=15
num_leaves=35
num_cat=0
split_feature=5 2 10 2 5 4 2 12 5 12 5 3 16 5 2 10 14 14 18 0 2 17 3 4 5 10 4 3 6 2 12 15 0 4
split_gain=40928.8 3296.71 906.046 635.157 997.634 264.866 255.113 170.395 100.35 98.5132 96.9282 81.1899 75.9902 75.7747 112.674 120.138 74.1763 65.3528 104.155 61.9009 45.3902 44.537 42.9121 42.159 40.2353 40.0909 127.991 132.031 39.4846 29.6382 29.2945 21.4733 13.6614 12.2602
threshold=65.733856201171889 0.91000398993492138 1.0000000180025095e-35 0.68785348534584057 81.853973388671889 1.0000000180025095e-35 0.74922439455986034 1.0000000180025095e-35 92.876655578613295 1.0000000180025095e-35 51.66114807128907 9.6399536132812518 1.0000000180025095e-35 59.473320007324226 0.74922439455986034 1.0000000180025095e-35 1.0000000180025095e-35 1.0000000180025095e-35 1.0000000180025095e-35 77.849929809570327 0.8615492880344392 1.0000000180025095e-35 48.050632476806648 39.225069046020515 53.242082595825202 1.0000000180025095e-35 68.769905090332045 86.526824951171889 0.86888945102691661 0.94737470149993908 1.0000000180025095e-35 1.0000000180025095e-35 95.713413238525405 46.710956573486335
decision_type=2 2 2 2 2 2 2 2 2 2 2 2 2 2 2 2 2 2 2 2 2 2 2 2 2 2 2 2 2 2 2 2 2 2
left_child=1 5 12 4 7 6 -1 11 9 -6 -4 -2 21 32 23 -16 -11 28 -19 20 -8 31 -13 -15 -23 -5 27 30 -9 -12 -27 -3 -7 -10
right_child=3 2 10 25 8 13 19 17 33 16 29 22 -14 14 15 -17 -18 18 -20 -21 -22 24 -24 -25 -26 26 -28 -29 -30 -31 -32 -33 -34 -35
leaf_value=-0.07879251800056096 0.11017891826019818 -0.0025275482799458518 -0.085841329992734042 0.10026825974309088 0.099072066409451487 -0.087456484733086509 -0.037565653868511052 -0.073026983202732806 0.049223235667417466 -0.0016832942778204115 -0.048626968373233298 -0.014573263124224765 0.091488629911406161 0.02480387731463041 0.10923986752352943 -0.065792902003697654 0.064300905671802286 0.07378039118357245 -0.049343022369116654 0.085063056998573028 0.030188372872663051 -0.019478789584481182 0.11742618057742879 -0.078278997716020246 0.095505488213634068 0.077580785370075234 0.09652744784293274 0.10833218139751478 0.080868843796714163 0.065253294919944707 -0.065983103769423512 0.080033811445832978 0.067153926295370217 0.098419401473837737
leaf_weight=416.45624274760485 69.541740417480469 23.258033089339733 304.88083173334599 12967.234352365136 272.08272947371006 18016.074386589229 119.8179512321949 320.55517610907555 33.171589061617851 180.14498484134674 23.166122823953629 114.91501186788082 776.20719327777624 26.56171441078186 47.995014660060406 52.604329600930214 276.22064502537251 64.416149146854877 138.55085214227438 66.227358981966972 134.10929471254349 91.162698186933994 18.267833083868027 576.61173181980848 24.76808375120163 10.329760506749151 680.49698069691658 56.566101029515266 11.037115156650541 39.676940500736237 76.19471887499094 151.44123984873295 3.6583613082766524 1431.2762445509434
leaf_count=4470 318 119 3193 80051 1445 212024 888 2860 140 863 161 602 4525 257 264 510 1247 337 846 316 626 468 87 5840 129 49 4035 278 51 185 509 764 21 8202
internal_value=-0.00128973 -0.0759403 0.0410974 0.0919941 0.0581684 -0.0845681 -0.0375132 -0.0223361 0.0852352 0.0609704 -0.067194 0.0401158 0.0784239 -0.0864193 -0.060667 0.0177136 0.0382544 -0.0460201 -0.010267 0.0161828 -0.001782 0.0435309 0.00353225 -0.0737396 0.00508708 0.0991812 0.0820658 0.0132906 -0.0679045 0.0232731 -0.0488437 0.0690423 -0.0874251 0.097305
internal_weight=37615.7 20894.7 1434.56 16721 2930.18 19460.1 736.611 737.284 2192.9 728.448 367.724 202.725 1066.84 18723.5 703.773 100.599 456.366 534.559 202.967 320.155 253.927 290.63 133.183 603.173 115.931 13790.8 823.588 143.091 331.592 62.8431 86.5245 174.699 18019.7 1464.45
internal_count=336680 234760 9544 101920 16998 225216 6300 5101 11897 3555 3539 1007 6005 218916 6871 774 2110 4094 1183 1830 1514 1480 689 6097 597 84922 4871 836 2911 346 558 883 212045 8342
is_linear=0
shrinkage=0.08


Tree=16
num_leaves=35
num_cat=0
split_feature=5 0 10 3 5 4 15 12 5 12 3 0 10 0 4 5 3 3 18 5 12 14 13 15 13 17 12 12 5 17 5 3 0 16
split_gain=37108.2 2942.66 620.076 605.776 813.534 355.821 292.861 175.816 102.035 164.336 205.181 97.9835 93.3955 219.137 182.781 87.472 83.0608 69.7141 113.245 69.3545 58.5095 62.6188 57.5717 40.8074 40.2072 35.6514 33.6242 32.7254 85.2512 32.1627 31.7211 25.4061 21.3198 18.1149
threshold=65.733856201171889 83.910789489746108 1.0000000180025095e-35 49.25306701660157 84.101531982421889 1.0000000180025095e-35 1.0000000180025095e-35 1.0000000180025095e-35 56.82439041137696 1.0000000180025095e-35 55.848154067993171 60.922586441040046 1.0000000180025095e-35 73.375530242919936 74.007873535156264 58.892297744750984 9.6399536132812518 11.215932846069338 1.0000000180025095e-35 92.876655578613295 1.0000000180025095e-35 1.0000000180025095e-35 1.0000000180025095e-35 1.0000000180025095e-35 1.0000000180025095e-35 1.0000000180025095e-35 1.0000000180025095e-35 1.0000000180025095e-35 52.467130661010749 1.0000000180025095e-35 51.176633834838874 94.804317474365249 76.50690078735353 1.0000000180025095e-35
decision_type=2 2 2 2 2 2 2 2 2 2 2 2 2 2 2 2 2 2 2 2 2 2 2 2 2 2 2 2 2 2 2 2 2 2
left_child=1 5 22 4 7 6 25 16 31 10 -10 -8 -5 14 26 -4 -2 18 -9 20 -6 -22 27 -19 -18 -1 -14 -3 -29 -11 -24 -7 -27 -13
right_child=3 2 15 12 19 8 11 17 9 29 -12 33 13 -15 -16 -17 24 23 -20 -21 21 -23 30 -25 -26 32 -28 28 -30 -31 -32 -33 -34 -35
leaf_value=-0.08175282335496481 0.10896351341414773 0.087789646455479528 -0.077160574407306878 0.098292105247058642 0.094277293095543779 -0.086915706064304335 -0.026023768592764288 0.081258422015982754 -0.044975218978267985 -0.080452629154178001 0.13238670674721711 0.03680414499382572 0.07977493935652058 0.092974499471576641 0.083889487356133302 0.085999277337516764 0.028937537981366238 -0.066566060889953149 -0.04208437538127717 0.094515179528556481 -0.0010203905044543426 0.06730057893037282 -0.08452998791762277 0.089282181211001371 -0.07980388933858891 -0.033614887332235187 -0.086567579562887215 -0.070291203738129235 0.090185961753266208 -0.0079686992972153956 0.10219545609294634 0.20361387371961162 0.120327087727813 0.084233191008532118
leaf_weight=385.24151992052794 83.343598365783691 787.49683703482151 231.7760027423501 12428.112652167678 212.28686502575874 16465.959948480129 148.20815504342318 69.353797361254692 164.86202211678028 854.43072278052568 55.897954359650612 109.12658659368753 8.4394914358854276 646.66523420810699 84.163675725460052 23.12756771594286 114.54806566238403 322.29786846786737 152.16201475262642 1224.2756383270025 138.08189921081066 227.00623036921024 20.829907611012462 11.123765386641024 26.865671925246716 19.106620617210869 99.109713859856129 31.23287658393383 65.86347908526659 41.061470024287701 8.0817726999521238 1.9265822917222966 8.2411497086286527 97.660715311765671
leaf_count=4337 399 4626 2454 81407 1204 208154 1097 323 1741 9639 353 500 40 4013 495 111 553 2919 868 7322 631 1050 172 72 172 143 711 164 389 310 45 10 35 497
internal_value=-0.00129504 -0.0751302 0.0479702 0.0896494 0.0541913 -0.0829677 -0.0296509 -0.0140784 -0.0852951 -0.0618883 -6.59515e-05 0.0236219 0.0965487 0.0707048 -0.00441275 -0.062357 0.0456144 -0.0382548 -0.00346731 0.0837361 0.06088 0.0414605 0.0787558 -0.0613666 0.00827893 -0.0754872 -0.0735145 0.0823866 0.0385655 -0.077129 -0.032334 -0.0868817 0.012775 0.0592038
internal_weight=35368 19520.1 1168.41 15847.8 2581.35 18351.7 767.585 779.695 17584.1 1116.25 220.76 354.995 13266.5 838.378 191.713 254.904 224.757 554.937 221.516 1801.65 577.375 365.088 913.505 333.422 141.414 412.589 107.549 884.593 97.0964 895.492 28.9117 16467.9 27.3478 206.787
internal_count=336956 234777 7961 102179 15513 226816 6609 5306 220207 12043 2094 2094 86666 5259 1246 2565 1124 4182 1191 10207 2885 1681 5396 2991 725 4515 751 5179 553 9949 217 208164 178 997
is_linear=0
shrinkage=0.08


Tree=17
num_leaves=35
num_cat=0
split_feature=5 2 10 2 5 4 2 2 5 6 5 2 9 16 5 18 0 4 15 17 10 1 4 14 1 16 5 18 5 17 14 5 18 15
split_gain=33544.6 2772.93 722.561 610.445 771.425 282.127 234.575 134.462 89.346 87.5226 75.0774 92.5294 109.755 71.8623 62.6415 58.5081 49.766 49.6424 45.962 43.0876 40.587 111.443 133.76 38.1997 50.5515 35.7899 32.2686 31.2064 31.0003 29.9024 28.3826 17.6518 18.125 16.9867
threshold=65.733856201171889 0.91000398993492138 1.0000000180025095e-35 0.68457981944084179 84.650035858154311 1.0000000180025095e-35 0.74922439455986034 0.41875874996185308 60.049261093139656 0.85483253002166759 58.892297744750984 0.75452139973640453 1.0000000180025095e-35 1.0000000180025095e-35 92.876655578613295 1.0000000180025095e-35 77.849929809570327 41.396726608276374 1.0000000180025095e-35 1.0000000180025095e-35 1.0000000180025095e-35 85.89511871337892 74.007873535156264 1.0000000180025095e-35 39.314987182617195 1.0000000180025095e-35 53.242082595825202 1.0000000180025095e-35 72.360687255859389 1.0000000180025095e-35 1.0000000180025095e-35 50.920385360717781 1.0000000180025095e-35 1.0000000180025095e-35
decision_type=2 2 2 2 2 2 2 2 2 2 2 2 2 2 2 2 2 2 2 2 2 2 2 2 2 2 2 2 2 2 2 2 2 2
left_child=1 5 13 4 7 6 -1 15 31 18 -7 17 -13 19 23 30 25 -12 -9 33 -5 22 29 24 -6 -8 -21 -25 -17 -22 -2 -4 -33 -3
right_child=3 2 8 20 14 10 16 9 -10 -11 11 12 -14 -15 -16 28 -18 -19 -20 26 21 -23 -24 27 -26 -27 -28 -29 -30 -31 -32 32 -34 -35
leaf_value=-0.075257245526156938 0.0026633823262004149 0.0014065411394610064 -0.084002998619956998 0.09646725762088959 0.0024709137014162232 -0.085960629994562068 -0.009588813972348037 -0.056008988544105021 0.080356600397662403 0.059971190248908457 0.018184379963924784 -0.04891264089656383 0.12442262357745061 0.086439281757810668 0.09150180079519292 -0.042264393077445485 0.082130381878959449 -0.077142039439709459 0.091596741549610713 -0.021230729704670877 -0.077660404753903539 0.092376007345914751 0.089929602371858819 0.10252997516680232 0.082737017841185839 0.077752223762756506 0.08804457015257032 0.053725420568246765 0.020939213492103481 0.12829160125777928 0.089009353434404276 0.042288516165034658 -0.071914301800887453 0.075025689764658759
leaf_weight=368.31864966452122 32.152761392295361 23.442727990448475 264.11123158782721 11487.175919599831 132.69282890856266 15537.128826662898 210.5802596360445 403.95826750993729 25.089729890227318 50.963430516421795 37.239541493356228 68.356443658471107 35.531712934374809 702.55550313740969 1304.381728425622 71.58165480941534 63.877338156104088 571.86348788440228 13.968039385974405 89.922126531600952 66.595800369977951 603.64993768930435 73.668649852275848 154.70851884782314 80.792260527610779 35.019931867718697 21.413263767957687 183.07321354746819 162.22432252019644 4.8397323787212363 100.57586619257927 15.142629630863665 21.554055146872997 138.96385420113802
leaf_count=4473 207 123 3168 80178 632 211153 1344 3398 127 261 392 666 195 4522 8266 521 318 6596 84 469 467 3945 465 823 419 149 121 954 846 23 469 86 149 742
internal_value=-0.00122055 -0.0740328 0.038461 0.0877039 0.0532068 -0.0826865 -0.0321169 -0.0106296 -0.064682 -0.039006 -0.0847958 -0.0594118 0.0103713 0.0728911 0.0819463 0.025671 0.0192257 -0.0713139 -0.0510757 0.03812 0.0952909 0.0772441 0.0142934 0.0593367 0.0328472 0.00286507 -0.000213686 0.0760786 0.0015889 -0.0637072 0.0680925 -0.0767793 -0.0247893 0.0643991
internal_weight=33157.1 18230.1 1302.2 14927 2691.07 16927.9 677.796 835.424 325.898 468.89 16250.1 712.991 103.888 976.297 1855.65 366.535 309.478 609.103 417.926 273.742 12235.9 748.754 145.104 551.267 213.485 245.6 111.335 337.782 233.806 71.4355 132.729 300.808 36.6967 162.407
internal_count=336751 234793 9507 101958 16880 225286 6284 5786 3530 3743 219002 7849 861 5977 11094 2043 1811 6988 3482 1455 85078 4900 955 2828 1051 1493 590 1777 1367 490 676 3403 235 865
is_linear=0
shrinkage=0.08


Tree=18
num_leaves=35
num_cat=0
split_feature=5 2 2 5 4 5 4 2 12 5 0 12 9 18 5 12 2 0 18 2 18 2 3 9 15 5 2 9 2 12 16 0 4 17
split_gain=30376.8 2481.29 688.635 809.663 425.65 568.566 285.544 219.719 134.933 103.981 89.2162 87.8103 66.4811 60.3442 57.3482 96.3877 122.938 50.1666 50.1617 49.1611 45.0671 41.1159 39.1621 30.6723 29.9513 28.4974 85.2934 64.1554 25.4868 25.3854 20.7083 26.2205 16.7015 15.5986
threshold=64.775318145751967 0.91000398993492138 0.68785348534584057 81.853973388671889 1.0000000180025095e-35 49.677366256713874 1.0000000180025095e-35 0.75452139973640453 1.0000000180025095e-35 92.876655578613295 10.62030076980591 1.0000000180025095e-35 1.0000000180025095e-35 1.0000000180025095e-35 56.82439041137696 1.0000000180025095e-35 0.68968829512596141 77.849929809570327 1.0000000180025095e-35 0.42470984160900122 1.0000000180025095e-35 0.8615492880344392 47.690120697021491 1.0000000180025095e-35 1.0000000180025095e-35 76.220237731933608 0.87446627020835888 1.0000000180025095e-35 0.90002825856208812 1.0000000180025095e-35 1.0000000180025095e-35 77.003208160400405 43.912004470825202 1.0000000180025095e-35
decision_type=2 2 2 2 2 2 2 2 2 2 2 2 2 2 2 2 2 2 2 2 2 2 2 2 2 2 2 2 2 2 2 2 2 2
left_child=1 6 3 8 30 12 7 33 10 11 -2 -5 -6 -13 -8 16 -16 21 -7 20 -10 -9 -12 -20 -21 26 27 29 -17 -4 31 -3 -11 -1
right_child=2 4 25 9 5 18 14 17 19 32 22 13 -14 -15 15 28 -18 -19 23 24 -22 -23 -24 -25 -26 -27 -28 -29 -30 -31 -32 -33 -34 -35
leaf_value=-0.077232340801023341 0.10620200129936004 -0.046141652235710859 0.05513125491183607 0.090087234905931748 -0.09376951156058988 0.096207966764259079 -0.085597951441307177 -0.034032178003045692 0.037295384674016802 0.018170555143449622 -0.02119350961075844 0.062232306249726588 0.054241905817950124 0.0031953623872639303 -0.042478512767378067 -0.078810911431240332 0.13439425833653254 0.081365786855078587 -0.023116696000410997 -0.067256812046964265 -0.039134019857815519 0.03236177419380231 0.1096996920446237 0.083815344084262708 0.087091023045393248 0.094643292762146891 0.090356491650208717 0.073819701195452905 0.080185956964844984 -0.06957448251593068 0.090226216641089485 0.067114153096790613 0.090750536257486941 0.0072074540951905779
leaf_weight=335.70085655897856 70.38507105410099 14.385758548974989 13.474366605281828 237.78554427623749 300.4160847440362 189.66022281348705 14160.067212596536 109.28892537951469 72.998282171785831 20.630051150918007 117.88404705375433 202.45768093317747 20.764107331633568 244.77488568425179 138.17894323915243 718.8684538602829 30.74678298830986 65.139316394925117 44.657692961394787 309.34309001266956 152.58647694438696 131.5450327694416 16.701505221426487 27.888848677277565 8.2611559033393842 10749.107156008482 645.22122607380152 63.508717603981495 6.5107950791716567 46.49797061830759 474.81984980404377 144.44481660425663 1234.4961813539267 14.610774993896483
leaf_count=4398 347 63 72 1433 3470 1195 207178 843 411 92 674 1003 117 1149 1626 9194 209 330 295 3149 1043 616 86 180 57 79916 4537 356 52 386 3248 733 8303 118
internal_value=-0.0011896 -0.0735804 0.0850697 0.0486117 0.0364657 -0.0128415 -0.0821052 -0.03045 -0.0220888 0.0758753 0.0332185 0.0508059 -0.0842007 0.0299208 -0.0843571 -0.0647095 -0.0102853 0.0190795 0.0745671 -0.0429589 -0.0144018 0.00223262 -0.00495021 0.0179909 -0.0632421 0.0935791 0.0786987 0.017784 -0.0773838 -0.0415561 0.0818617 0.0568562 0.0895576 -0.0737105
internal_weight=31133.8 16927.7 14206.1 2688.3 1217.04 583.387 15710.7 656.285 748.16 1940.14 204.971 685.018 321.18 447.233 15054.4 894.305 168.926 305.973 262.207 543.189 225.585 240.834 134.586 72.5465 317.604 11517.8 768.702 123.481 725.379 59.9723 633.65 158.831 1255.13 350.312
internal_count=336879 233865 103014 17747 9301 5257 224564 6305 5767 11980 1107 3585 3587 2152 218259 11081 1835 1789 1670 4660 1454 1459 760 475 3206 85267 5351 814 9246 458 4044 796 8395 4516
is_linear=0
shrinkage=0.08


Tree=19
num_leaves=35
num_cat=0
split_feature=4 0 10 0 2 2 4 10 0 6 17 9 9 6 12 13 4 11 4 13 0 11 9 4 16 11 4 3 10 4 2 6 10 4
split_gain=24965.5 3461 498.87 445.749 410.119 393.721 536.596 392.565 154.623 97.3846 91.8846 214.292 89.5453 84.0963 62.4927 83.9628 52.6765 43.9085 42.9665 42.0035 36.5567 30.0019 26.1957 89.853 25.0272 22.4363 22.3328 21.5469 20.7554 58.3067 55.4857 20.2003 16.7199 22.6057
threshold=60.567405700683601 82.426471710205092 1.0000000180025095e-35 9.1608390808105487 0.88867244124412548 0.68785348534584057 78.283874511718764 1.0000000180025095e-35 9.1608390808105487 0.85483253002166759 1.0000000180025095e-35 1.0000000180025095e-35 1.0000000180025095e-35 0.60741040110588085 1.0000000180025095e-35 1.0000000180025095e-35 51.630626678466804 1.5000000000000002 45.476087570190437 1.0000000180025095e-35 64.565757751464858 1.5000000000000002 1.0000000180025095e-35 1.0000000180025095e-35 1.0000000180025095e-35 1.5000000000000002 43.500787734985359 94.804317474365249 1.0000000180025095e-35 72.029411315917983 0.91000398993492138 0.82234114408493053 1.0000000180025095e-35 85.254531860351577
decision_type=2 2 2 2 2 2 2 2 2 2 2 2 2 2 2 2 2 2 2 2 2 2 2 2 2 2 2 2 2 2 2 2 2 2
left_child=1 3 19 13 10 6 8 12 21 20 17 -12 -6 14 15 -1 -15 -5 -4 22 -10 31 23 -3 -20 -18 -21 -9 -7 30 -30 -2 -8 -34
right_child=5 2 18 4 7 28 32 27 9 -11 11 -13 -14 16 -16 -17 25 -19 24 26 -22 -23 -24 -25 -26 -27 -28 -29 29 -31 -32 -33 33 -35
leaf_value=0.11523873595921522 0.014242825804985601 0.083150580848269706 -0.064189912127789808 -0.082953896100088451 0.015900114281281942 0.093428818705733815 0.086229090124344113 -0.08127536148704137 -0.053610631064990755 0.063998950392719828 -0.066660156349725802 0.091890336791725077 0.1045548789600512 -0.055803635708247923 -0.0094692068758406266 -0.069326318871208298 -0.016840459782093937 -0.039337185355348192 -0.037167699749156874 -0.079939016083947767 0.074107860778535012 0.087898440886862814 0.094426948745202757 0.0061430538216674302 0.063580583038121669 0.0592637684980949 0.064556033952613751 0.16235756293311265 -0.045057948672957988 0.089027082813683101 0.07610556755445716 0.074364096179385927 -0.058175364127798349 0.074922909477556462
leaf_weight=64.655304793268442 156.58351582288742 558.73649089038372 194.1718660145998 13255.318039529026 218.74725751578808 9609.4364222884178 1217.2063888087869 313.73830387741327 351.09649460017681 57.026643641293049 510.49271346628666 61.085423424839973 109.37255688756704 402.8953226543963 239.24441313371062 20.865916199982166 183.86817992851138 149.37912997603416 32.490795083343983 16.277395658195022 14.953861750662325 72.606179244816303 466.70846980810165 117.33634140342474 30.68246790766716 28.655996613204479 11.814448058605192 2.3405617326498023 43.980900503695011 510.59439211338758 53.751787319779396 46.355586431920528 12.072202920913695 25.245022863149643
leaf_count=464 827 3785 2548 205582 1419 76676 8703 4277 2976 304 7143 440 711 4689 1926 252 1534 1710 282 156 89 433 3527 776 184 171 80 12 338 3831 349 297 65 171
internal_value=-0.0012251 -0.0638789 0.0553072 -0.0748182 -0.0782518 0.0862307 0.0533203 -0.0158424 -0.00287037 -0.0332437 -0.0811284 -0.0497156 0.0454515 -0.0214239 0.0115123 0.0702076 -0.0388047 -0.0824678 -0.0455446 0.0774733 -0.0483931 0.0437654 0.079849 0.0697855 0.0117645 -0.00657884 -0.0191694 -0.0794713 0.0925216 0.0781912 0.0215805 0.0279758 0.084612 0.0318653
internal_weight=29159.8 16988.9 1428.22 15560.7 14620.5 12170.9 1953.15 644.199 698.622 423.077 13976.3 571.578 328.12 940.185 324.766 85.5212 615.419 13404.7 257.345 1170.87 366.05 275.545 1142.78 676.073 63.1733 212.524 28.0918 316.079 10217.8 608.327 97.7327 202.939 1254.52 37.3172
internal_count=336727 241668 11338 230330 221294 95059 13865 6419 4926 3369 214875 7583 2130 9036 2642 716 6394 207292 3014 8324 3065 1557 8088 4561 466 1705 236 4289 81194 4518 687 1124 8939 236
is_linear=0
shrinkage=0.08


Tree=20
num_leaves=35
num_cat=0
split_feature=6 2 2 0 10 1 10 6 6 14 11 0 8 10 11 1 11 8 8 8 16 14 16 0 10 6 0 13 1 2 1 14 0 11
split_gain=18439.4 4973.77 739.627 621.909 582.644 490.001 525.808 481.319 135.54 142.552 131.027 123.378 111.027 87.9074 86.0979 80.25 71.5896 66.0997 60.899 60.6235 78.1222 52.039 49.3881 57.8875 39.441 83.7908 55.6825 38.6835 27.1715 26.3649 20.9478 20.8892 19.6966 17.7967
threshold=0.70476445555686962 0.90737509727478038 0.70319369435310375 9.1608390808105487 1.0000000180025095e-35 92.718276977539077 1.0000000180025095e-35 0.75102970004081737 0.88023561239242565 1.0000000180025095e-35 1.5000000000000002 49.719100952148445 1.0000000180025095e-35 1.0000000180025095e-35 1.5000000000000002 47.478813171386726 1.5000000000000002 1.0000000180025095e-35 1.0000000180025095e-35 1.0000000180025095e-35 1.0000000180025095e-35 1.0000000180025095e-35 1.0000000180025095e-35 94.494949340820327 1.0000000180025095e-35 0.7462858557701112 87.226108551025405 1.0000000180025095e-35 99.462364196777358 0.40056291222572332 41.060766220092781 1.0000000180025095e-35 79.743591308593764 1.5000000000000002
decision_type=2 2 2 2 2 2 2 2 2 2 2 2 2 2 2 2 2 2 2 2 2 2 2 2 2 2 2 2 2 2 2 2 2 2
left_child=1 3 7 14 19 10 12 16 9 11 13 -9 -7 -5 18 -12 17 30 -1 20 28 -20 -6 -24 -4 26 -26 -25 -3 -19 -2 -18 -8 -11
right_child=2 4 24 5 22 6 32 8 -10 33 15 -13 -14 -15 -16 -17 31 29 21 -21 -22 -23 23 27 25 -27 -28 -29 -30 -31 -32 -33 -34 -35
leaf_value=0.083064645068373397 0.11991337269695247 0.048832499173762332 0.09186342513299886 -0.070908748234037186 -0.062100954718295361 0.011807875741365756 -0.083018169661565069 -0.025409049339524099 0.084615281498618439 0.056511509167762063 -0.041540411783697453 0.076238230536036844 0.095114791574049631 -0.08510036762155862 0.056094291170346942 0.085923168160316421 -0.0055946486120259219 -0.021299973142542936 -0.08645132498313067 0.091948238046176037 0.078779724986860117 -0.016676117915281993 -0.05133748164354391 0.059826502742755583 -0.048677003055030497 0.083534239843977801 0.084363570587772427 -0.075537621700786262 -0.0037084473583564384 -0.067381565466822488 -0.010164297205938666 0.075812418590497976 -0.0037910815409329798 0.092162371748537017
leaf_weight=36.268581785261631 18.698477651923895 142.43087341636419 8220.2354653328657 4224.6320473700762 181.1084523126483 241.08078176528215 404.11186831071973 283.4344319999218 703.31738156080246 212.97880174964666 121.38102112710476 104.63672976195812 177.97194136306643 8245.8658111020923 111.42532318085432 42.744203507900238 38.284953325986862 111.70918926224113 74.949834980070591 957.98924055695534 574.15019180625677 783.74175977706909 86.585837390273809 83.867223605513573 57.150348141789436 444.83844139426947 31.085367403924465 16.106108196079731 112.94791754335165 275.24851928651333 13.74991277977824 42.642840020358562 21.13301719725132 154.71302615851164
leaf_count=224 117 875 70396 65430 2348 2109 6572 2606 5561 1607 1485 802 1244 139721 704 313 302 936 1045 7923 4377 7279 1081 615 662 3603 239 212 651 3468 159 293 241 1176
internal_value=-0.00131328 -0.0540151 0.0805505 -0.0708856 0.059374 -0.075415 -0.0164093 0.0361212 0.0593397 0.0358181 -0.0793581 0.0019984 0.0471884 -0.0802927 -0.0102211 -0.00834424 -0.0315889 -0.0448817 -0.0184775 0.0782388 0.0624062 -0.0227664 -0.0323424 -0.00345324 0.0904959 0.0694084 -0.00180692 0.0380188 0.0255949 -0.0540785 0.0647933 0.0373007 -0.0790809 0.0715123
internal_weight=27353.2 16640.5 10712.7 14485.3 2155.19 13478.9 844.298 1959.41 1459.08 755.763 12634.6 388.071 419.053 12470.5 1006.39 164.125 500.334 419.406 894.96 1787.52 829.529 858.692 367.668 186.559 8753.31 533.074 88.2357 99.9733 255.379 386.958 32.4484 80.9278 425.245 367.692
internal_count=336376 244449 91927 226367 18082 217115 10166 17027 11752 6191 206949 3408 3353 205151 9252 1798 5275 4680 8548 13826 5903 8324 4256 1908 74900 4504 901 827 1526 4404 276 595 6813 2783
is_linear=0
shrinkage=0.08


Tree=21
num_leaves=35
num_cat=0
split_feature=5 2 2 5 4 4 5 2 12 5 12 3 9 5 3 3 12 5 9 14 12 18 4 0 16 5 2 18 8 16 0 8 9 0
split_gain=23159.2 1984.11 520.372 536.626 298.271 294.768 491.795 199.099 152.161 80.454 116.282 133.006 59.138 57.3161 50.5222 48.9695 48.1615 47.5616 44.8386 41.0909 36.329 34.4241 30.0089 28.2148 29.2466 22.793 51.8839 50.1535 18.9777 18.8623 19.2624 17.6201 15.0463 13.5514
threshold=65.733856201171889 0.91000398993492138 0.69488087296485912 84.650035858154311 1.0000000180025095e-35 1.0000000180025095e-35 49.677366256713874 0.74922439455986034 1.0000000180025095e-35 56.82439041137696 1.0000000180025095e-35 9.6399536132812518 1.0000000180025095e-35 95.67297744750978 21.778656005859379 41.060766220092781 1.0000000180025095e-35 73.623714447021499 1.0000000180025095e-35 1.0000000180025095e-35 1.0000000180025095e-35 1.0000000180025095e-35 39.225069046020515 77.849929809570327 1.0000000180025095e-35 75.088653564453139 0.88867244124412548 1.0000000180025095e-35 1.0000000180025095e-35 1.0000000180025095e-35 77.003208160400405 1.0000000180025095e-35 1.0000000180025095e-35 82.078273773193374
decision_type=2 2 2 2 2 2 2 2 2 2 2 2 2 2 2 2 2 2 2 2 2 2 2 2 2 2 2 2 2 2 2 2 2 2
left_child=1 4 3 8 7 29 12 -1 14 -6 11 -11 31 16 -2 -16 -5 28 20 -18 -8 -19 -12 24 -9 26 27 32 -10 30 -3 -7 -4 -29
right_child=2 5 25 13 9 6 18 23 17 10 22 -13 -14 -15 15 -17 19 21 -20 -21 -22 -23 -24 -25 -26 -27 -28 33 -30 -31 -32 -33 -34 -35
leaf_value=-0.071126441811397254 0.088689539754204572 -0.041282086715230495 0.020946448326432644 0.086091693108198766 -0.084063107328657821 -0.1285840004360258 0.080746697619722793 -0.0022563563576532505 0.076213545926873585 0.21154063404638798 0.0041475107301256475 -0.022956611063508676 0.048460722535024509 0.088108317574467535 -0.024540103282521208 0.086753051723955185 0.014330182542607593 0.026904852325602326 0.095568118033756505 0.061732060842032956 -0.016038155106101199 -0.029674776883110737 -0.077229079057517178 0.071423026921593621 0.075226300714234459 0.09072652700981404 0.086582896022453809 -0.052082244057443335 -0.060348025876982805 0.083793450318183388 0.059351133811544415 -0.080147858287837354 0.10190764973154365 0.097767190716410921
leaf_weight=285.37023179233074 104.83724637329578 13.439031749963759 23.633801430463791 253.71134991943836 11483.71310820803 63.238018117845058 45.302220828831196 195.66905771940947 6.6966984048485747 17.235891439020634 30.412685591727495 151.96727702021599 20.76362070441246 859.15744353085756 77.297335609793663 37.616253510117531 192.37621962279081 108.79272124171257 164.95087474584579 298.86955385655165 54.901097476482391 187.31446531414986 625.33871124312282 60.474431127309799 37.087401479482651 8899.1229278817773 405.44326951354742 42.328816898167133 237.14503379911184 396.37030755728483 129.24588425457478 200.36310981214046 38.825976461172104 4.2501944601535788
leaf_count=4453 558 59 185 1861 207299 411 290 1347 59 154 395 1834 125 6818 441 213 1004 709 1283 1697 360 1263 9387 323 161 80469 3432 310 2555 3196 713 3093 248 29
internal_value=-0.00128824 -0.0709302 0.0813534 0.0477957 -0.0796908 0.0327833 -0.00844796 -0.0235562 -0.00759236 -0.0823296 -0.0581981 0.000930466 -0.0815286 0.0740271 0.0485295 0.011891 0.0577873 -0.0304331 0.0699274 0.0431691 0.0277186 -0.00888686 -0.073455 0.0227388 0.0100897 0.08978 0.073408 0.0244194 -0.0565976 0.0748148 0.0498728 -0.0917677 0.0712732 -0.0384089
internal_weight=25753.3 13975.8 11777.4 2363.81 12887.3 1088.57 549.519 578.601 759.7 12308.7 824.955 169.203 284.365 1604.11 219.751 114.914 744.957 539.949 265.154 491.246 100.203 296.107 655.751 293.231 232.756 9413.6 514.482 109.039 243.842 539.055 142.685 263.601 62.4598 46.579
internal_count=336734 234883 101851 17178 225353 9530 5562 6284 5798 219069 11770 1988 3629 11380 1212 654 4562 4586 1933 2701 650 1972 9782 1831 1508 84673 4204 772 2614 3968 772 3504 433 339
is_linear=0
shrinkage=0.08


Tree=22
num_leaves=35
num_cat=0
split_feature=5 0 2 5 4 4 5 2 12 5 2 14 18 9 12 14 4 3 6 17 6 16 5 2 9 12 5 14 9 12 2 17 8 18
split_gain=21080.6 1772.42 564.827 557.585 333.657 235.89 338.349 196.192 183.275 89.4685 139.777 81.2472 134.751 64.391 61.3556 48.6314 46.9336 41.3447 41.177 36.5068 31.2579 30.5391 20.788 45.2599 49.5877 21.312 19.7161 27.9859 19.4249 17.8861 16.1768 14.9373 12.8228 10.6321
threshold=64.775318145751967 83.910789489746108 0.71196657419204723 88.384941101074233 1.0000000180025095e-35 1.0000000180025095e-35 50.757749557495124 0.84514591097831737 1.0000000180025095e-35 56.82439041137696 0.85475480556488048 1.0000000180025095e-35 1.0000000180025095e-35 1.0000000180025095e-35 1.0000000180025095e-35 1.0000000180025095e-35 41.396726608276374 48.050632476806648 0.85483253002166759 1.0000000180025095e-35 0.59986317157745372 1.0000000180025095e-35 73.623714447021499 0.90451753139495861 1.0000000180025095e-35 1.0000000180025095e-35 96.633934020996108 1.0000000180025095e-35 1.0000000180025095e-35 1.0000000180025095e-35 0.97939202189445507 1.0000000180025095e-35 1.0000000180025095e-35 1.0000000180025095e-35
decision_type=2 2 2 2 2 2 2 2 2 2 2 2 2 2 2 2 2 2 2 2 2 2 2 2 2 2 2 2 2 2 2 2 2 2
left_child=1 4 3 8 7 -3 13 19 15 30 16 18 -13 32 -12 17 -11 -2 -10 -1 -5 -9 23 24 25 -4 27 -22 29 -8 -6 -23 -7 -15
right_child=2 5 22 20 9 6 28 21 11 10 14 12 -14 33 -16 -17 -18 -19 -20 -21 26 31 -24 -25 -26 -27 -28 -29 -30 -31 -32 -33 -34 -35
leaf_value=-0.068539902434282832 0.0070181427422751517 0.078604134672593612 0.061092953443488009 0.031093307389328244 -0.083528299939113218 -0.12671185088495987 0.083542195640707057 0.011879145967895828 -0.055479942010617019 0.010278991584176047 0.12849972497450973 0.074579178075894009 -0.031767145867451892 0.078575327177795182 -0.011905846426985998 0.092896693524033694 -0.07299304560058241 0.098834717965047919 0.037801176666612986 0.024683551374320167 0.047490007826222778 0.024269455854647563 0.089539042798862142 0.087275365806643898 0.07592394444546359 -0.059389833706713413 0.089471440905423485 0.084463374110256104 0.093615192323110857 0.0013536014728074484 0.16940278760557209 0.093687075275726742 -0.078432634325402359 -0.06754823706704699
leaf_weight=315.21141116321087 145.85052321106195 468.27861791849136 12.40183015912771 85.447383023798466 10734.84481357038 47.156832884997129 31.803902730345726 176.26357868313789 349.61225586384535 46.568817667663097 32.444880716502666 119.587288454175 210.44593378156424 18.412949793040756 51.594057131558657 115.40152653306723 620.47878539189696 39.994557671248913 33.158857315778732 29.391423314809799 220.5759282335639 30.34038583189249 8361.6361854150891 307.92392352223396 62.737579338252544 38.770987004041672 748.77857545763254 322.70791850239038 115.6008660197258 36.27449594065547 1.61858221143484 57.315908394753933 138.95051158964634 3.8538397774100295
leaf_count=4907 864 3692 71 397 208287 330 204 937 3778 621 204 615 1297 118 541 695 9857 267 175 220 1429 150 80879 2756 394 345 6463 2403 974 229 9 377 2249 22
internal_value=-0.00123158 -0.0706736 0.07928 0.044812 -0.0785648 0.0402747 -0.00550699 -0.0208359 -0.000209751 -0.0816228 -0.0549298 -0.0223197 0.00676736 -0.0752833 0.0423005 0.0521064 -0.0671795 0.0267774 -0.0473991 -0.0605888 0.0779546 0.0310699 0.0886649 0.0713373 0.0282533 -0.0301906 0.0810537 0.069452 0.0736505 0.0397493 -0.0834902 0.0696596 -0.0906659 0.0532849
internal_weight=24131.4 12956.4 11175 2391.56 12096.1 860.332 392.053 608.523 1014.05 11487.5 751.087 712.804 330.033 208.374 84.0389 301.247 667.048 185.845 382.771 344.603 1377.51 263.92 8783.47 421.834 113.91 51.1728 1292.06 543.284 183.679 68.0784 10736.5 87.6563 186.107 22.2668
internal_count=336756 233928 102828 18383 226110 7818 4126 6591 7691 219519 11223 5865 1912 2719 745 1826 10478 1131 3953 5127 10692 1464 84445 3566 810 416 10295 3832 1407 433 208296 527 2579 140
is_linear=0
shrinkage=0.08


Tree=23
num_leaves=35
num_cat=0
split_feature=4 0 10 0 3 4 2 10 8 3 10 17 6 12 13 15 8 4 4 10 4 0 4 11 8 16 0 4 8 0 3 13 3 12
split_gain=17106.5 2411.67 483.558 413.531 364.462 356.074 277.793 364.338 100.827 95.6823 58.4026 112.099 58.3404 66.8422 93.4548 45.2044 43.5051 126.621 147.465 42.442 93.9112 55.0394 39.6528 38.2543 41.3114 36.7736 30.6556 31.0241 30.422 29.1598 22.908 22.8453 23.6152 18.5164
threshold=60.567405700683601 79.118217468261733 1.0000000180025095e-35 9.1608390808105487 49.25306701660157 78.283874511718764 0.86919325590133678 1.0000000180025095e-35 1.0000000180025095e-35 22.378716468811039 1.0000000180025095e-35 1.0000000180025095e-35 0.62667652964591991 1.0000000180025095e-35 1.0000000180025095e-35 1.0000000180025095e-35 1.0000000180025095e-35 1.0000000180025095e-35 43.912004470825202 1.0000000180025095e-35 70.991119384765639 79.743591308593764 56.268712997436531 1.5000000000000002 1.0000000180025095e-35 1.0000000180025095e-35 15.831244468688967 92.151729583740249 1.0000000180025095e-35 39.767442703247077 94.804317474365249 1.0000000180025095e-35 94.494949340820327 1.0000000180025095e-35
decision_type=2 2 2 2 2 2 2 2 2 2 2 2 2 2 2 2 2 2 2 2 2 2 2 2 2 2 2 2 2 2 2 2 2 2
left_child=1 3 16 12 5 9 10 8 -8 23 11 -5 13 14 -1 28 17 -3 -19 -6 21 33 -14 24 -2 -4 -7 29 -11 -28 -9 32 -27 -21
right_child=4 2 25 6 19 26 7 30 -10 15 -12 -13 22 -15 -16 -17 -18 18 -20 20 -22 -23 -24 -25 -26 31 27 -29 -30 -31 -32 -33 -34 -35
leaf_value=0.10745608640193283 0.10659373795871205 0.073699350917825882 -0.070105471809823655 -0.073940440953907408 0.089171401557279831 0.088718065883779826 0.0028499988500217122 -0.081981256605867081 0.097154148472898286 0.097350381601920125 -0.083892835554755824 0.0021545560262079965 -0.049180780946610429 -0.014705135217845345 -0.062457669056465888 0.073281609990307292 0.088434923083212547 -0.095880394683162951 0.069446444427439996 0.055473439429229998 0.081426007792753288 0.066183964114358396 0.013575218689959589 0.074476173744980015 -0.00067802218046284141 -0.05356201788682461 0.014801297958393959 0.082042273149181014 -0.05519061929950974 0.083356792847177077 0.1588141641640598 -0.082844494797616269 0.041554916892610476 -0.078873519481993781
leaf_weight=74.217505287379026 25.52521575987339 493.35077454894781 189.40370702371001 3514.5801275260746 7459.172036934644 527.10160937905312 257.66035697236657 415.22105024009943 101.00259965658188 8.681791238486765 6552.7417711205781 128.42656948789954 356.53784507140517 299.19463758170605 28.739037677645683 20.79829303920269 401.14463758468628 68.844110265374184 69.272810142487288 7.6497350856661788 415.1425833106041 37.651737876236439 78.653427623212337 76.629168629646301 230.08512309938669 24.693766754120588 129.8703036904335 183.77411440014839 231.12312834337354 57.19589326530695 2.5440351366996756 21.341288056224585 51.639690440148115 46.332374759018421
leaf_count=595 175 3988 3248 67705 77741 4933 2093 7858 769 49 139237 1398 4687 2790 437 143 3853 604 568 50 3946 289 614 527 1517 343 808 1678 2196 461 14 364 413 467
internal_value=-0.00117989 -0.0602683 0.0422991 -0.07173 0.0808552 0.044551 -0.0758655 -0.0297377 0.0294069 -0.00356696 -0.0793783 -0.0712579 -0.0175396 0.00442732 0.0600268 -0.0398557 0.0678326 0.0547448 -0.0129604 0.0876493 0.0652463 -0.00805487 -0.0378387 0.0248973 0.0100341 -0.049544 0.0763196 0.0586969 -0.0496681 0.0357623 -0.0805149 -0.00967265 0.0107847 -0.0598354
internal_weight=22585.9 13129.2 1319.69 11809.5 9456.73 1490.78 10972.2 776.428 358.663 592.843 10195.7 3643.01 837.342 402.151 102.957 260.603 1032.61 631.468 138.117 7965.95 506.776 91.6338 435.191 332.24 255.61 287.078 897.942 370.84 239.805 187.066 417.765 97.6747 76.3335 53.9821
internal_count=336558 241578 13381 228197 94980 12487 219074 10734 2862 4607 208340 69103 9123 3822 1032 2388 9013 5160 1172 82493 4752 806 5301 2219 1692 4368 7880 2947 2245 1269 7872 1120 756 517
is_linear=0
shrinkage=0.08


Tree=24
num_leaves=35
num_cat=0
split_feature=5 0 2 5 10 4 15 12 5 12 3 5 2 10 4 3 5 4 5 18 8 3 5 14 0 16 2 17 5 6 2 16 0 3
split_gain=17530.7 1456.46 533.253 457.665 313.953 309.569 168.936 133.311 86.7043 105.991 92.5972 59.8716 53.0232 51.7671 90.7919 85.1166 48.7225 42.9942 182.017 42.2152 40.1024 37.3416 35.436 44.0584 47.9053 33.9348 33.2958 28.5569 18.7037 18.1178 17.9567 15.681 15.6165 15.1191
threshold=64.775318145751967 81.705284118652358 0.69488087296485912 87.540847778320327 1.0000000180025095e-35 1.0000000180025095e-35 1.0000000180025095e-35 1.0000000180025095e-35 57.212205886840827 1.0000000180025095e-35 53.248945236206062 73.623714447021499 0.4131507426500321 1.0000000180025095e-35 72.029411315917983 77.459678649902358 51.66114807128907 22.026123046875004 44.392032623291023 1.0000000180025095e-35 1.0000000180025095e-35 40.838270187377937 96.633934020996108 1.0000000180025095e-35 44.315244674682624 1.0000000180025095e-35 0.90002825856208812 1.0000000180025095e-35 52.467130661010749 0.72381538152694713 0.95605227351188671 1.0000000180025095e-35 53.907203674316413 7.4772884845733651
decision_type=2 2 2 2 2 2 2 2 2 2 2 2 2 2 2 2 2 2 2 2 2 2 2 2 2 2 2 2 2 2 2 2 2 2
left_child=1 5 3 7 17 6 27 12 30 10 -10 33 -2 -4 15 -15 -6 -3 20 -13 -19 -14 23 24 -5 -8 -11 -1 -20 31 -7 -18 -29 -9
right_child=2 4 13 22 16 8 25 11 9 26 -12 19 21 14 -16 -17 29 18 28 -21 -22 -23 -24 -25 -26 -27 -28 32 -30 -31 -32 -33 -34 -35
leaf_value=-0.07415968271793183 0.087857565675757809 0.07215771262110611 0.088254890235483538 0.0059934723962667006 -0.077924355492828487 -0.082665916820658783 0.0069892576107282315 -0.020280747015272164 -0.029252094518929024 -0.073543253025031396 0.11961495368109518 0.032921678061333164 -0.0092585329271021987 -0.058780088679847742 0.082291086949938419 0.066778296944190005 -0.059102883541538899 -0.13534445469633499 0.013371307590292786 -0.022103907295309203 0.038274392482774276 0.077411887232244389 0.08527551377813844 0.076241335764490575 0.081486078907344772 0.069192142481968824 0.035877831126359831 -0.062749319458645161 0.085939297440717391 0.11941377086689327 0.11900998276452501 0.04834832901075032 0.077398355775152347 -0.063430532476183007
leaf_weight=232.25918375328183 111.2474051117897 447.66270375624299 7186.5755281895399 156.96552487462759 154.10152428597212 9292.8421316556633 209.62738245725632 72.112070918083191 99.748602747917175 460.06740784272552 36.5359644331038 142.76101142540574 111.17548623681068 66.340991754084826 379.86197064071894 72.117367751896381 18.396233554929495 42.027313578873873 27.885158862918615 237.97827468812466 10.677681393921373 44.569330707192421 670.88828210532665 357.67115552723408 81.848281770944595 76.657449521124363 18.514095548540354 8.3646406158804911 122.97859519347548 8.9235726743936521 2.8263831809163085 16.478072457015514 12.992080971598623 186.05579299479723
leaf_count=4266 705 3862 79930 912 2868 208371 1507 509 1456 8245 275 902 680 522 3876 522 156 342 206 1530 70 287 6387 2734 627 456 134 77 1124 54 20 82 82 2680
internal_value=-0.00122487 -0.0692793 0.0766221 0.041624 0.0314806 -0.0774664 -0.0184744 -0.0017989 -0.0806801 -0.0515856 0.0106571 -0.0216376 0.0456747 0.0864938 0.0620767 0.0066182 -0.0567624 0.0582963 0.0278141 -0.00147166 -0.10017 0.0155439 0.072662 0.0584752 0.0318669 0.0236451 -0.0693103 -0.0660194 0.0725261 0.0176952 -0.0826046 -0.0083323 0.0225077 -0.0513778
internal_weight=21177.7 11299.6 9878.17 2173.27 849.131 10450.4 539.901 905.899 9910.53 614.866 136.285 638.907 266.992 7704.9 518.32 138.458 197.899 651.231 203.569 380.739 52.705 155.745 1267.37 596.485 238.814 286.285 478.582 253.616 150.864 43.7979 9295.67 34.8743 21.3567 258.168
internal_count=336456 233653 102803 17953 8764 224889 6388 7293 218501 10110 1731 5621 1672 84850 4920 1044 3160 5604 1742 2432 412 967 10660 4273 1539 1963 8379 4425 1330 292 208391 238 159 3189
is_linear=0
shrinkage=0.08


Tree=25
num_leaves=35
num_cat=0
split_feature=5 2 2 5 10 4 2 5 12 12 5 12 0 16 18 10 4 1 13 5 3 18 4 17 3 2 1 1 0 15 9 18 4 18
split_gain=15964.4 1373.78 543.643 444.939 308.936 276.244 143.944 91.4572 75.4148 74.6939 69.9867 85.9077 76.4259 60.4639 45.7301 45.692 74.156 72.424 43.3982 41.7543 32.3748 29.2944 26.7316 25.5881 22.9022 22.8223 18.8752 18.6919 18.6559 18.2101 16.8937 14.5902 13.4094 14.1498
threshold=64.775318145751967 0.91000398993492138 0.70938351750373851 80.123455047607436 1.0000000180025095e-35 1.0000000180025095e-35 0.75452139973640453 92.876655578613295 1.0000000180025095e-35 1.0000000180025095e-35 56.82439041137696 1.0000000180025095e-35 8.2482991218566912 1.0000000180025095e-35 1.0000000180025095e-35 1.0000000180025095e-35 73.029678344726577 89.725547790527358 1.0000000180025095e-35 52.195329666137702 21.164613723754886 1.0000000180025095e-35 41.277122497558601 1.0000000180025095e-35 25.15822792053223 0.93334195017814647 92.907444000244155 96.49015045166017 77.459678649902358 1.0000000180025095e-35 1.0000000180025095e-35 1.0000000180025095e-35 46.710956573486335 1.0000000180025095e-35
decision_type=2 2 2 2 2 2 2 2 2 2 2 2 2 2 2 2 2 2 2 2 2 2 2 2 2 2 2 2 2 2 2 2 2 2
left_child=1 5 3 9 13 6 -1 8 -5 18 -7 12 -12 23 -10 -4 17 25 24 -6 21 -11 -13 26 -2 -17 -3 -22 29 -8 -25 -19 33 -9
right_child=2 4 15 7 19 10 28 32 14 20 11 22 -14 -15 -16 16 -18 31 -20 -21 27 -23 -24 30 -26 -27 -28 -29 -30 -31 -32 -33 -34 -35
leaf_value=-0.066260607254178719 0.07780056709661963 0.020067900884557944 0.087487566411965617 0.079334745056516012 -0.075778359154334063 -0.082326936010182691 -0.053059254783843282 0.11850130781407742 0.050039795935408783 0.029584627419639013 0.17339813314634875 -0.0011838545155741791 -0.019347780128393804 0.071611836854290248 -0.0014255024282617526 -0.069701903502628268 0.081781133614467122 0.087209001422562021 -0.057635929623123916 0.0098346469454266214 -0.063251580123446324 -0.036872002205161902 -0.075524546039216225 -0.029501739913384183 0.010060314745717107 0.094141930133281551 0.084372977924690881 0.071351258902900755 0.061675650563267875 0.017823333970098693 0.060574552360102348 0.012488362754354989 0.080203842475340612 -0.0066174626590749155
leaf_weight=229.34984904527664 69.163346588611603 81.971793361008167 6684.7982809022069 205.29929365962744 163.43843177706003 8540.2463077642024 26.372474312782288 7.8146537169814136 194.67576242238283 64.494871538132429 14.750656038522719 33.255349867045879 122.54478411749005 442.64113324135542 255.54439759999514 54.318017847836018 346.43915262818336 52.964132525026798 31.975093632936478 46.926804468035698 216.82529045268893 124.20063500106335 447.81234847009182 72.52689816057682 59.353638179600239 6.0466985478997222 45.389119032770395 6.8101319000124922 54.28689382225275 192.58548184484243 16.324957080185413 24.443270675837994 874.23132055997849 22.270107626914978
leaf_count=4501 396 541 79844 1607 3212 206878 299 40 1088 433 117 511 1727 4360 1330 450 3774 379 246 301 3008 1059 8698 454 356 38 324 42 320 1165 122 191 8653 102
internal_value=-0.00115022 -0.0686091 0.07522 0.0397603 0.0277244 -0.0772762 -0.0195296 0.061904 0.0391516 -0.0205385 -0.0804452 -0.0544557 0.00136033 0.054674 0.0208282 0.0857687 0.0620381 0.0123928 0.0257654 -0.0566804 -0.0385615 -0.0141576 -0.0703855 0.019998 0.0465157 -0.0532898 0.0429851 -0.0591527 0.0196944 0.00928585 -0.0129518 0.0636141 0.0783967 0.0258827
internal_weight=19832.1 10530.4 9301.67 2132.66 869.219 9661.2 502.595 1559.84 655.519 572.823 9158.61 618.363 137.295 658.854 450.22 7169.01 484.211 137.772 160.492 210.365 412.331 188.696 481.068 216.213 128.517 60.3647 127.361 223.635 273.245 218.958 88.8519 77.4074 904.316 30.0848
internal_count=336566 233530 103036 18360 9314 224216 6285 12820 4025 5540 217931 11053 1844 5801 2418 84676 4832 1058 998 3513 4542 1492 9209 1441 752 488 865 3050 1784 1464 576 570 8795 142
is_linear=0
shrinkage=0.08


Tree=26
num_leaves=35
num_cat=0
split_feature=5 2 3 10 5 5 5 2 12 2 12 5 16 10 1 3 5 5 18 2 3 1 17 1 5 14 10 12 2 1 0 5 9 0
split_gain=14545.9 1557.16 331.456 324.332 221.546 191.22 155.316 118.976 117.189 88.2065 86.7194 76.4582 65.0722 60.4657 109.038 50.0975 48.8312 63.5107 46.3836 42.0675 31.8404 28.0072 27.0903 25.314 24.0611 34.8096 26.072 20.3753 19.0525 18.7167 17.2601 16.9406 16.5756 15.3102
threshold=69.746105194091811 0.90002825856208812 46.049896240234382 1.0000000180025095e-35 1.0000000180025095e-35 89.377819061279311 58.355855941772468 0.75452139973640453 1.0000000180025095e-35 0.73738178610801708 1.0000000180025095e-35 51.66114807128907 1.0000000180025095e-35 1.0000000180025095e-35 85.89511871337892 20.144927978515629 53.242082595825202 1.0000000180025095e-35 1.0000000180025095e-35 0.84301584959030162 26.36544227600098 85.89511871337892 1.0000000180025095e-35 92.40384674072267 96.633934020996108 1.0000000180025095e-35 1.0000000180025095e-35 1.0000000180025095e-35 0.66485902667045604 44.315244674682624 86.526824951171889 81.106575012207045 1.0000000180025095e-35 68.13346099853517
decision_type=2 2 2 2 2 2 2 2 2 2 2 2 2 2 2 2 2 2 2 2 2 2 2 2 2 2 2 2 2 2 2 2 2 2
left_child=1 4 5 12 7 10 30 -1 9 -8 20 -5 16 -4 19 18 17 -3 -12 -15 -2 -9 -10 -14 25 26 -7 -13 -22 -17 -6 -21 -32 -23
right_child=2 3 13 11 6 24 8 21 22 -11 15 27 23 14 -16 29 -18 -19 -20 31 28 33 -24 -25 -26 -27 -28 -29 -30 -31 32 -33 -34 -35
leaf_value=-0.064767770095721169 0.076406120904949248 0.03116304581998517 0.086820767864123058 -0.076384274859791546 -0.081875539037076867 0.032301889568293454 -0.017473781514746604 -0.008658785889524484 -0.065759663199156576 0.11537063360624542 0.054695677888424193 0.078241125338880377 0.0026860218699658383 -0.063870552240123654 0.078793189428965585 -0.051062525926170617 0.082571741144174565 -0.067193473487994079 -0.0098413182468071892 -0.028198994767077271 -0.0092072241895932907 0.023680144597349666 0.018365752996277868 0.074901249116253107 0.081110805079980752 0.071475899052282355 -0.09681896723402808 -0.011511224073280844 0.10317600093306752 0.01274410623156756 -0.057005526601072852 0.065202392592152561 0.10004992971597411 0.084716688328851722
leaf_weight=215.90411557257175 146.74636340886354 142.76940416544676 6326.9551619812846 188.56384280323982 7996.2168954499066 128.86423967778683 136.56030536442995 129.39852417260408 491.22989052534103 41.77381631731987 114.22807707265019 25.783759076148272 33.220441743731499 53.173347998410463 343.24637789279222 148.1580741032958 63.62231333181262 59.538620814681053 189.53465215861797 18.338519502431154 56.143733464181423 72.819941747933626 25.78439662232995 478.99519070982933 477.79080831259489 269.60545634478331 10.851098001003264 43.496723141521215 11.659434735774992 36.713135581463575 13.56298151984811 38.56072686612606 6.2976909279823294 41.172257624566555
leaf_count=4475 1008 869 80767 4080 208723 894 1585 994 8793 267 612 171 252 439 3801 1519 565 487 1090 129 314 394 234 5097 5069 2320 57 327 97 287 220 380 28 262
internal_value=-0.00108017 -0.0651869 0.0770888 0.027782 -0.0756893 0.044218 -0.0785444 -0.0215367 -0.0422757 0.0136443 0.0130598 -0.0499785 0.0535484 0.0847986 0.0565747 -0.00555618 0.0214414 0.00221703 0.0144274 -0.0127106 0.0554574 0.0168122 -0.0615642 0.0702176 0.0689161 0.0546815 0.0222736 0.0218914 0.0101182 -0.0383913 -0.0816905 0.0350993 -0.00720426 0.0457256
internal_weight=18577.3 10206.7 8370.57 1035.99 9170.72 1590.3 8711.43 459.295 695.348 178.334 703.183 257.844 778.146 6780.27 453.319 488.634 265.93 202.308 303.763 110.073 214.55 243.391 517.014 512.216 887.112 409.321 139.715 69.2805 67.8032 184.871 8016.08 56.8992 19.8607 113.992
internal_count=336606 237823 98783 11848 225975 13267 219850 6125 10879 1852 4927 4578 7270 85516 4749 3508 1921 1356 1702 948 1419 1650 9027 5349 8340 3271 951 498 411 1806 208971 509 248 656
is_linear=0
shrinkage=0.08


Tree=27
num_leaves=35
num_cat=0
split_feature=5 2 2 5 10 4 12 2 5 12 3 16 1 18 10 1 4 5 13 10 17 4 1 1 3 15 9 17 1 6 5 6 6 6
split_gain=13310.2 1162.78 506.196 362.461 295.189 222.268 111.075 109.034 66.1618 71.104 66.715 62.7793 59.3913 77.7738 41.9789 69.6492 61.2134 40.5974 35.8946 35.6161 33.1294 32.0341 29.9489 46.627 22.7425 21.165 20.7893 19.8928 19.7211 19.6869 19.4993 17.9889 17.3337 14.1639
threshold=64.775318145751967 0.90002825856208812 0.71196657419204723 88.384941101074233 1.0000000180025095e-35 1.0000000180025095e-35 1.0000000180025095e-35 0.74922439455986034 57.790622711181648 1.0000000180025095e-35 53.248945236206062 1.0000000180025095e-35 11.215932846069338 1.0000000180025095e-35 1.0000000180025095e-35 85.89511871337892 74.842666625976577 51.442440032958991 1.0000000180025095e-35 1.0000000180025095e-35 1.0000000180025095e-35 89.260864257812514 10.128205299377443 44.315244674682624 21.164613723754886 1.0000000180025095e-35 1.0000000180025095e-35 1.0000000180025095e-35 87.609649658203139 0.7282359004020692 79.18729400634767 0.56718158721923839 0.61519220471382152 0.59553864598274242
decision_type=2 2 2 2 2 2 2 2 2 2 2 2 2 2 2 2 2 2 2 2 2 2 2 2 2 2 2 2 2 2 2 2 2 2
left_child=1 5 3 6 11 7 18 -1 -7 10 -10 20 13 -8 -4 16 27 -6 24 -14 25 22 33 -24 -2 -3 -22 -16 -13 32 -20 -11 -19 -5
right_child=2 4 14 21 17 8 12 -9 9 31 -12 28 19 -15 15 -17 -18 29 30 -21 26 -23 23 -25 -26 -27 -28 -29 -30 -31 -32 -33 -34 -35
leaf_value=-0.065000105509974024 0.082010101720841708 -0.038935876061935451 0.085969779235185687 0.028473123098413575 -0.076735574906940537 -0.08143817161996475 0.065526709081530923 0.014608435973700706 -0.029813305995776074 -0.0080636609567368671 0.11283688708614725 -0.011949195739810996 -0.025123087297713211 -0.021597923170177304 -0.071110985831091267 0.076849846502326194 0.075096689977556863 0.060082524882733232 -0.060526743974641167 -0.084190976452141741 -0.037664844882436758 0.082583301095149067 -0.00088681522240922201 0.076699526425276277 0.031669831273431204 0.052213329203439844 0.061825116658772411 0.10719452058962442 0.06985202534206926 0.10273154227627693 0.080002103802705685 -0.073778281918522759 -0.050815359590053601 0.076801564435429126
leaf_weight=201.18020171672106 109.02110573649406 18.906474258750677 5788.3154987767339 45.046047568321228 175.05410246923566 7393.7987828031182 101.85690620914102 243.23493369296193 90.366557110100985 29.027154501527548 27.327967911958694 19.797230459749699 266.1312803812325 184.08539500832558 49.389031391590834 342.62975280359387 38.907670632004738 12.382323697209356 28.70431987196207 86.587831702083349 81.602569416165352 550.69274221360683 120.41047628223896 84.265479326248169 121.38870041817427 118.44186148047447 16.092787966132164 4.3578272834420195 399.34715212881565 10.100727774202822 8.1031954213976842 326.91588497161865 33.223110757768154 280.40087401121855
leaf_count=4463 766 130 79762 231 4077 208078 516 1683 1352 511 202 127 3058 1131 428 3958 429 92 225 1123 519 6666 677 683 773 870 127 30 4367 65 57 6979 261 2524
internal_value=-0.00109365 -0.0671903 0.0729449 0.0377868 0.0199883 -0.0764721 0.000462112 -0.0214292 -0.0795814 -0.0505954 0.00330922 0.04743 -0.017658 0.00943717 0.084168 0.0602087 -0.00132892 -0.0578067 0.0437699 -0.0396235 0.0143356 0.0690702 0.0550328 0.0310556 0.0554889 0.0396663 -0.0212764 -0.0566539 0.0659884 0.0016763 -0.0295892 -0.0684193 -0.0207055 0.0701123
internal_weight=17407.1 9196.8 8210.29 1986.69 884.948 8311.85 905.879 444.415 7867.44 473.638 117.695 654.188 638.661 285.942 6223.6 435.284 92.6545 230.76 267.217 352.719 235.044 1080.82 530.123 204.676 230.41 137.348 97.6954 53.7469 419.144 55.7062 36.8075 355.943 45.6054 325.447
internal_count=336940 233903 103037 18430 10635 223268 7649 6146 217122 9044 1554 6140 5828 1647 84607 4845 887 4495 1821 4181 1646 10781 4115 1360 1539 1000 646 458 4494 418 282 7490 353 2755
is_linear=0
shrinkage=0.08


Tree=28
num_leaves=35
num_cat=0
split_feature=5 2 3 10 4 5 5 2 2 10 3 14 16 5 10 0 4 5 4 8 18 2 11 5 1 4 0 15 0 9 2 2 15 0
split_gain=11988.5 1313.09 364.021 286.143 223.075 197.758 158.771 93.8902 80.4257 81.9621 74.9836 64.7732 62.2667 53.5513 52.6005 89.4485 78.4617 42.0756 48.3007 40.4851 39.3745 36.9656 26.8987 22.2341 19.3371 19.2346 18.0421 17.4845 17.2938 16.991 16.8826 15.6623 13.6475 15.2872
threshold=69.746105194091811 0.90002825856208812 49.25306701660157 1.0000000180025095e-35 1.0000000180025095e-35 91.316913604736342 57.790622711181648 0.74922439455986034 0.76346477866172802 1.0000000180025095e-35 9.6399536132812518 1.0000000180025095e-35 1.0000000180025095e-35 51.442440032958991 1.0000000180025095e-35 76.50690078735353 73.029678344726577 53.242082595825202 22.026123046875004 1.0000000180025095e-35 1.0000000180025095e-35 0.68785348534584057 1.5000000000000002 73.623714447021499 86.72955703735353 82.505603790283217 76.50690078735353 1.0000000180025095e-35 86.526824951171889 1.0000000180025095e-35 0.94737470149993908 0.40056291222572332 1.0000000180025095e-35 56.048780441284187
decision_type=2 2 2 2 2 2 2 2 2 2 2 2 2 2 2 2 2 2 2 2 2 2 2 2 2 2 2 2 2 2 2 2 2 2
left_child=1 4 5 12 7 11 28 32 10 -10 -8 19 17 -5 -4 16 -16 18 -3 -2 23 -21 -22 -13 -14 31 27 -9 -6 -30 -15 -7 -1 -34
right_child=2 3 14 13 6 25 8 26 9 -11 -12 20 24 30 15 -17 -18 -19 -20 21 22 -23 -24 -25 -26 -27 -28 -29 29 -31 -32 -33 33 -35
leaf_value=-0.067078397179103841 0.10539978025773318 0.025968331818353271 0.085516521599724449 -0.077290252964038797 -0.081245470174870132 0.063346777363257709 0.0043478625848097172 -0.059266917211036101 0.07960669354250377 -0.056954850653597497 -0.067495149662242501 -0.0079477238617949083 -0.011650051425661613 -0.041258348830682953 -0.070311771738789539 0.079138768120001535 0.062752896896907218 0.077984029388763809 -0.061362695784367559 -0.024986165478736694 0.0022601984390695526 0.07783003476681967 0.069608870076526164 0.076380808606889339 0.070955842748243014 0.078301310115168207 0.056809040965542242 0.012257846394051801 -0.057495164923244108 0.10875370302982139 0.041401013347598208 0.017340213466966462 -0.011578342426446713 0.30781871962655533
leaf_weight=176.26191435009241 17.847818344831467 140.74398361891508 5420.9314581304789 162.54029747471213 6839.3204141240567 171.97315302491188 116.53002942353487 25.091239798814058 64.897639386355877 49.644833892583847 460.01819409802556 23.353275470435619 18.90595817938447 26.408730413764715 57.470000330358744 289.9339971318841 55.990867547690868 58.639135055243969 56.925345566123724 332.56553131341934 214.33058193325996 23.994386352598667 46.120572157204151 139.78028056025505 445.5362759269774 503.71705482155085 50.290492907166481 170.57415202260017 11.802844043821098 5.9017609804868689 39.416799120604992 65.356384456157684 16.464147333055738 1.0183817110955704
leaf_count=4192 116 871 80104 4065 207826 1293 1318 308 442 841 9400 138 122 260 443 3662 609 565 473 2745 1324 214 353 905 5268 6401 312 1059 215 26 245 372 329 19
internal_value=-0.00128499 -0.0635606 0.074299 0.0253998 -0.0741309 0.0396961 -0.0773576 -0.0187395 -0.0408102 0.0204184 -0.0529745 0.0120613 0.0501253 -0.0526369 0.0834426 0.0555728 -0.00464679 0.0184727 0.000818507 -0.0121816 0.0334898 -0.0180672 0.0141863 0.0643088 0.0675932 0.0694544 0.0140706 0.00308584 -0.0810411 -0.00207675 0.00823867 0.0506774 -0.0603915 0.00702698
internal_weight=16300.3 8936.93 7363.37 949.117 7987.82 1539.04 7548.12 439.7 691.091 114.542 576.548 797.992 720.751 228.366 5824.33 403.395 113.461 256.308 197.669 374.408 423.585 356.56 260.451 163.134 464.442 741.047 245.956 195.665 6857.03 17.7046 65.8255 237.33 193.744 17.4825
internal_count=336835 238156 98679 11869 226287 13861 220068 6219 12001 1283 10718 5795 7299 4570 84818 4714 1052 1909 1344 3075 2720 2959 1677 1043 5390 8066 1679 1367 208067 241 505 1665 4540 348
is_linear=0
shrinkage=0.08


Tree=29
num_leaves=35
num_cat=0
split_feature=5 0 0 10 4 5 5 12 15 13 12 5 10 0 4 6 5 6 9 4 14 18 10 4 1 17 14 16 3 0 12 3 1 0
split_gain=10880.9 1230.87 361.156 244.213 223.397 175.926 172.935 108.285 105.11 80.6402 72.353 63.9564 44.1837 73.0329 53.1751 43.4049 40.3966 129.895 59.5396 40.3565 37.0606 50.5503 24.805 25.1204 21.3901 20.1986 19.5133 18.732 18.4439 17.7474 16.7617 15.0687 14.9713 14.1049
threshold=69.746105194091811 78.910301208496108 51.316701889038093 1.0000000180025095e-35 1.0000000180025095e-35 57.212205886840827 88.384941101074233 1.0000000180025095e-35 1.0000000180025095e-35 1.0000000180025095e-35 1.0000000180025095e-35 52.195329666137702 1.0000000180025095e-35 76.50690078735353 74.007873535156264 0.60142236948013317 54.067844390869148 0.47734268009662634 1.0000000180025095e-35 41.277122497558601 1.0000000180025095e-35 1.0000000180025095e-35 1.0000000180025095e-35 88.473194122314467 93.419914245605483 1.0000000180025095e-35 1.0000000180025095e-35 1.0000000180025095e-35 94.494949340820327 53.694938659667976 1.0000000180025095e-35 39.780220031738288 94.804317474365249 78.319625854492202
decision_type=2 2 2 2 2 2 2 2 2 2 2 2 2 2 2 2 2 2 2 2 2 2 2 2 2 2 2 2 2 2 2 2 2 2
left_child=1 4 6 16 8 28 10 9 32 -7 26 -5 -4 14 30 -8 17 27 -19 -9 25 -22 -17 -24 -13 -12 31 -3 -6 -10 -14 -2 33 -1
right_child=2 3 12 11 5 7 15 19 29 -11 20 24 13 -15 -16 22 -18 18 -20 -21 21 -23 23 -25 -26 -27 -28 -29 -30 -31 -32 -33 -34 -35
leaf_value=-0.072162650431769282 0.011368918935101295 0.038833349076580398 0.085063861175380798 -0.075886694955614273 -0.08084180471808905 0.049494813310376917 0.0040255530662274093 0.017880914221849651 -0.017551433311993474 -0.060205166675775357 -0.039554811576295187 -0.055101566164743598 0.064629494591175979 0.077388384127224555 0.059922472494067291 0.070340793392667161 0.08600111670788288 -0.095986319407680251 0.044328147693316965 -0.064246070667236019 0.057661779620437281 -0.015075346343671138 -0.059993672966809818 0.083010810543836397 0.052891119746511547 0.055807488464085314 0.080092216401314642 0.074653873337054297 0.17963587884585169 0.028128909138865246 -0.076832748733200007 0.07018927898993188 0.012667741410700062 0.23526343476741129
leaf_weight=172.64446656778455 90.112824603915215 155.77387137338519 4945.9785599336028 146.30982035957277 6324.3083452638239 127.10306315869093 74.842184167355299 41.584442421793938 77.413156762719154 64.725617203861475 198.31208176165819 16.231150632724166 6.0907550901174536 272.95512619614601 44.466007247567177 810.66369303688407 170.79017076455057 56.852422220632434 29.344180950894952 483.82324959337711 97.883041061460972 162.9420418664813 19.057276993989944 13.381857700645922 42.406095907092094 15.312659703195093 78.250624805688858 233.46509724110365 1.7402464747428883 183.35794456675649 44.718841426074505 40.357688251882792 15.06876130774617 0.96045934036373992
leaf_count=4276 515 1061 78725 4000 206695 1285 385 654 770 985 2054 221 37 3666 526 9488 2197 607 260 10204 515 930 117 163 270 134 641 3026 13 1058 357 416 142 8
internal_value=-0.00116683 -0.0626672 0.0730383 0.0284968 -0.0730234 -0.0765129 0.0397311 -0.0389635 -0.0183397 0.0124805 0.00925463 -0.0475948 0.0830735 0.0563392 -0.00396446 0.0624128 0.0526289 0.0406407 -0.0482186 -0.057746 -0.00801335 0.0122216 0.0675958 -0.00100117 0.0229981 -0.0327192 0.048507 0.0603185 -0.0807701 0.0145681 -0.0598751 0.0295635 -0.0638225 -0.0704618
internal_weight=15259.2 8343.9 6915.33 851.173 7492.73 7043.28 1601.12 717.236 449.445 191.829 683.171 204.947 5314.21 368.231 95.2756 917.945 646.226 475.436 86.1966 525.408 474.45 260.825 843.103 32.4391 58.6372 213.625 208.721 389.239 6326.05 260.771 50.8096 130.471 188.674 173.605
internal_count=336401 237732 98669 11642 226090 219836 15358 13128 6254 2270 5205 4491 83311 4586 920 10153 7151 4954 867 10858 3633 1445 9768 280 491 2188 1572 4087 206708 1828 394 931 4426 4284
is_linear=0
shrinkage=0.08


Tree=30
num_leaves=35
num_cat=0
split_feature=5 2 3 10 5 4 5 16 1 12 5 12 3 10 4 3 12 8 4 5 13 18 4 13 2 3 6 14 4 10 2 6 5 4
split_gain=9941.33 944.002 513.255 328.786 279.57 136.875 77.3424 67.123 66.3235 61.4184 57.266 56.7342 72.2015 56.1291 67.5827 46.5555 41.5416 39.1435 63.142 34.2595 31.7805 29.4172 27.2757 27.1883 22.6032 21.421 19.8413 24.7667 18.5573 17.0839 20.9642 18.237 17.0545 115.407
threshold=64.775318145751967 0.88335323333740245 58.123168945312507 1.0000000180025095e-35 79.18729400634767 1.0000000180025095e-35 92.876655578613295 1.0000000180025095e-35 93.419914245605483 1.0000000180025095e-35 57.212205886840827 1.0000000180025095e-35 9.6399536132812518 1.0000000180025095e-35 70.991119384765639 86.526824951171889 1.0000000180025095e-35 1.0000000180025095e-35 1.0000000180025095e-35 52.195329666137702 1.0000000180025095e-35 1.0000000180025095e-35 41.277122497558601 1.0000000180025095e-35 0.83839017152786266 52.114353179931648 0.85483253002166759 1.0000000180025095e-35 48.59284973144532 1.0000000180025095e-35 0.449656292796135 0.59986317157745372 50.510257720947273 1.0000000180025095e-35
decision_type=2 2 2 2 2 2 2 2 2 2 2 2 2 2 2 2 2 2 2 2 2 2 2 2 2 2 2 2 2 2 2 2 2 2
left_child=1 5 4 7 16 8 9 17 24 -6 -7 12 -12 -4 15 -15 20 18 -3 -5 28 -11 -13 -19 -1 -10 27 -18 -2 31 -31 -8 33 -9
right_child=2 3 13 19 6 10 29 32 25 21 11 22 -14 14 -16 -17 26 23 -20 -21 -22 -23 -24 -25 -26 -27 -28 -29 -30 30 -32 -33 -34 -35
leaf_value=-0.059831836108530545 0.092256537958133503 0.022664918420011632 0.084240732545596483 -0.077103486855351885 0.068414011147461221 -0.080664120569350892 0.018307982399742725 0.071004714781233574 -0.015378631970937464 0.038831433238757811 0.15159686808774053 0.011739484901860971 -0.028420403124443397 -0.040422454856098952 0.07418599737711272 0.067142558919870102 -0.058251629277528735 0.10025474678556946 -0.068332802561325331 -0.0087503353092738285 -0.060636321799936804 -0.0025375599568539017 -0.074217039419149741 -0.077141602141699725 -0.0059320858043071393 0.067474801414460911 0.059072806757448096 -0.014316873683122983 0.017132575335270812 0.073783111243908156 -0.093863675202564306 0.07551842733289528 0.095279998241629249 -0.086844618091769341
leaf_weight=203.7982957623899 27.548330649733543 184.00541653484106 4630.0365697108209 225.73466029949486 199.78854411095381 5746.2060781996697 37.821667604148388 264.67037880420685 32.932494401931763 191.84015725180507 16.842155285179615 25.667781159281731 92.980455357581377 69.509098928421736 258.77815243601799 40.907365754246712 181.94986837357283 42.198950983583927 66.417171584442258 59.246323186904192 27.567446552217007 257.90368987619877 297.07963132299483 6.363086797297 65.893777042627335 50.741780936717987 13.919854599982498 149.66133695095778 89.13667568936944 10.245522558689119 8.9388420656323415 623.98272940143943 78.300192132592201 33.382103476673365
leaf_count=4836 174 1095 79248 6795 1961 203556 208 3312 246 1233 130 438 1497 665 3813 384 3081 375 877 612 237 1494 7769 63 437 336 93 1166 561 107 81 8475 1011 259
internal_value=-0.00128344 -0.0648937 0.0686036 0.0091664 0.0322323 -0.0757816 0.0512543 0.0395743 -0.0273574 0.0315047 -0.078551 -0.0504805 -0.000813348 0.081847 0.051828 -0.000571502 -0.0194417 0.0112774 -0.00146953 -0.0628932 0.0166172 0.0151086 -0.067381 0.0770105 -0.0466625 0.0348654 -0.0344955 -0.0384232 0.0348687 0.0700915 -0.00433092 0.0722489 0.0620541 0.0533255
internal_weight=14312 7492.46 6819.54 960.318 1820.3 6532.14 1330.52 675.337 353.366 649.532 6178.78 432.57 109.823 4999.23 369.195 110.416 489.784 298.985 250.423 284.981 144.252 449.744 322.747 48.562 269.692 83.6743 345.531 331.611 116.685 680.989 19.1844 661.804 376.353 298.052
internal_count=336625 233644 102981 14399 18871 219245 13559 6992 5855 4688 213390 9834 1627 84110 4862 1049 5312 2410 1972 7407 972 2727 8207 438 5273 582 4340 4247 735 8871 188 8683 4582 3571
is_linear=0
shrinkage=0.08


Tree=31
num_leaves=35
num_cat=0
split_feature=5 4 2 5 5 2 15 10 1 12 3 12 3 10 4 1 4 14 14 18 14 6 1 2 11 5 13 3 1 17 18 17 3 18
split_gain=9002.92 898.286 514.962 248.368 229.524 218.908 185.079 93.1031 68.9373 65.7916 50.3499 72.1964 45.3014 44.1011 51.5955 43.9193 39.6216 46.7863 38.9463 33.8909 62.4367 36.1211 33.5753 27.3311 108.653 31.0068 29.5134 27.0829 22.6969 21.8306 19.2861 17.1086 15.1882 14.1481
threshold=64.775318145751967 1.0000000180025095e-35 0.71196657419204723 87.540847778320327 56.127729415893562 0.76346477866172802 1.0000000180025095e-35 1.0000000180025095e-35 91.715686798095717 1.0000000180025095e-35 9.6399536132812518 1.0000000180025095e-35 80.206184387207045 1.0000000180025095e-35 74.007873535156264 89.512962341308608 87.528800964355483 1.0000000180025095e-35 1.0000000180025095e-35 1.0000000180025095e-35 1.0000000180025095e-35 0.83971107006073009 44.315244674682624 0.88867244124412548 1.0000000180025095e-35 43.645593643188484 1.0000000180025095e-35 48.050632476806648 92.907444000244155 1.0000000180025095e-35 1.0000000180025095e-35 1.0000000180025095e-35 56.635221481323249 1.0000000180025095e-35
decision_type=2 2 2 2 2 2 2 2 2 2 2 2 2 2 2 2 2 2 2 2 2 2 2 2 2 2 2 2 2 2 2 2 2 2
left_child=1 6 3 9 23 10 8 30 -1 18 11 -6 -8 -4 15 31 17 22 27 20 -11 -21 -5 -3 25 -25 -26 -2 -9 -12 -7 -15 -10 -19
right_child=2 4 13 16 5 7 12 28 32 19 29 -13 -14 14 -16 -17 -18 33 -20 21 -22 -23 -24 24 26 -27 -28 -29 -30 -31 -32 -33 -34 -35
leaf_value=-0.068715453440892638 -0.0045034630333676265 -0.08058104391674259 0.083383574665337148 -0.023072338680108686 0.13391610836174542 0.10631370156410466 0.017554445297123709 -0.069295408932195712 -0.046536457801683133 -0.033460127464482944 -0.074768835611454962 -0.044249408288080654 0.062980899690298589 -0.057622486018258846 0.076008363926233516 0.053154352785897051 0.074794867445576313 0.082708239512538931 0.079770134080302577 -0.040431501311538921 0.053561474030003588 0.043730023783889668 0.056590288782632191 -0.090710961524323064 0.093312721759939876 -0.030534170762586618 -0.081944588876775859 0.083614701928090382 0.023356745950528369 0.083320221369114988 0.036459399934927576 0.12279544865890935 0.070518394471187712 0.046632013866133616
leaf_weight=171.51040114089847 131.22829441726208 5266.7396555524319 4325.6794217787683 96.645533427596092 19.02416661195457 85.323749510571361 269.20418953150511 40.424871211871505 9.026663735508917 109.66656269878149 351.91612049750984 61.978907857090235 293.8739520162344 47.540886372327805 229.73926610127091 68.355858750641346 467.79725781083107 108.91476460546255 77.312871128320694 323.69315589219332 101.70321229100227 36.29703726246953 52.121325954794884 205.64171998389065 35.057685732841492 74.708307174965739 7.4577969014644614 26.898120738565922 29.104016859084368 5.6806257851421824 35.954128965735435 3.6199787333607665 33.13878495246172 192.60274732857943
leaf_count=4399 834 201556 79614 531 152 1013 1937 889 102 1398 10226 1166 3625 455 3678 646 7193 1078 635 3517 561 230 478 5507 336 1480 59 251 285 98 404 26 254 1705
internal_value=-0.00117872 -0.0639075 0.0673914 0.0300318 -0.0740387 -0.0282385 0.017207 0.0432923 -0.0461849 -0.00235109 -0.0593569 -0.00240593 0.0412628 0.0811757 0.0538305 0.0111993 0.0584895 0.04155 0.0332373 -0.0170159 0.00841141 -0.0319457 0.00483792 -0.079196 -0.0566022 -0.0746749 0.0625702 0.0104859 -0.0305123 -0.0722575 0.0856046 -0.0448567 0.0454596 0.0596635
internal_weight=13395.6 6995.77 6399.82 1724.88 6219.01 629.407 776.754 190.807 213.676 806.799 438.6 81.0031 563.078 4674.94 349.256 119.517 918.082 450.284 235.439 571.36 211.37 359.99 148.767 5589.61 322.866 280.35 42.5155 158.126 69.5289 357.597 121.278 51.1609 42.1654 301.518
internal_count=336318 233488 102830 18411 223171 14233 10317 2591 4755 7426 11642 1318 5562 84419 4805 1127 10985 3792 1720 5706 1959 3747 1009 208938 7382 6987 395 1085 1174 10324 1417 481 356 2783
is_linear=0
shrinkage=0.08


Tree=32
num_leaves=35
num_cat=0
split_feature=4 0 0 3 10 15 10 4 17 8 8 11 14 8 4 4 6 18 12 10 0 6 3 4 1 6 4 16 12 16 3 18 3 10
split_gain=7286.59 1205.82 367.451 277.419 194.568 293.35 183.862 172.1 123.307 111.178 49.1557 54.0814 48.23 46.6766 64.411 92.5577 43.2026 39.6429 52.065 31.3323 42.2466 28.5421 27.4756 27.3864 27.3593 26.8471 21.9038 20.0837 19.845 18.9496 18.2682 15.3972 7.92624 7.25057
threshold=62.699214935302741 78.910301208496108 9.1608390808105487 49.25306701660157 1.0000000180025095e-35 1.0000000180025095e-35 1.0000000180025095e-35 79.377197265625014 1.0000000180025095e-35 1.0000000180025095e-35 1.0000000180025095e-35 1.5000000000000002 1.0000000180025095e-35 1.0000000180025095e-35 1.0000000180025095e-35 43.912004470825202 0.85483253002166759 1.0000000180025095e-35 1.0000000180025095e-35 1.0000000180025095e-35 73.746868133544936 0.73261633515357982 12.97335195541382 80.717849731445327 39.314987182617195 0.60661208629608165 96.017620086669936 1.0000000180025095e-35 1.0000000180025095e-35 1.0000000180025095e-35 94.804317474365249 1.0000000180025095e-35 30.0684928894043 1.0000000180025095e-35
decision_type=2 2 2 2 2 2 2 2 2 2 2 2 2 2 2 2 2 2 2 2 2 2 2 2 2 2 2 2 2 2 2 2 2 2
left_child=1 2 12 7 5 8 13 10 -4 -7 -2 16 -1 14 29 -16 -12 25 -19 -5 23 27 -9 28 26 -14 -24 -8 -21 -3 -6 -29 -13 -26
right_child=3 6 4 19 30 9 21 22 -10 -11 11 32 17 -15 15 -17 -18 18 -20 20 -22 -23 24 -25 33 -27 -28 31 -30 -31 -32 -33 -34 -35
leaf_value=-0.084115671069139253 0.10209885624443697 0.03377279882370357 -0.069829189243654999 0.083562815044695815 -0.081131502488645799 -0.017339727163521019 -0.062471344519986045 0.080765805787012146 0.044559466418650787 0.073377587595556751 -0.039833681933033688 0.061213817093640495 0.065179042563387177 0.082275491543074106 -0.093650660303156427 0.060056426524811538 0.046802552508230344 0.043748232720157411 -0.029510574276269672 0.061750898741491554 0.073576969804198339 0.092551940631552476 0.0039692725995499169 0.066175166061266874 0.082587555880320254 0.0061149728733522358 0.071435695414951053 0.030948326822153184 -0.066043416599129448 0.072244706086273439 0.16296430872167197 -0.050889406007478204 -0.0018508556140953624 -0.017816650973369881
leaf_weight=44.973972143605351 25.423677679151297 140.77505531162024 1832.9160185884684 3844.5295868180692 3586.8255527839065 398.23160219937563 112.70797444880009 279.63235476240516 62.363879520446062 110.43804718181491 263.83084622770548 59.59902248904109 83.215595006942749 258.82906194776297 50.193221390247345 50.098473355174065 42.815686274319887 79.096005231142044 288.7368652485311 10.113301414996384 220.68310357071459 10.616485290229319 108.93990622460842 26.789370805025101 91.527943935245275 120.67881584353745 42.936468675732613 33.417381037026644 33.663641637191176 196.05400389432907 1.9633263424038876 26.287703152745962 16.227762710303068 4.846829190850257
leaf_count=1180 224 1021 64154 76862 147595 6304 3340 4595 933 1497 2392 558 960 4428 590 670 326 1293 3864 95 3648 92 875 395 1421 2052 679 500 355 3040 14 579 124 45
internal_value=-0.00129648 -0.0514421 -0.0631491 0.0727462 -0.0692001 -0.0515875 0.0365875 0.0334112 -0.0660652 0.00235605 -0.00561782 -0.0127779 -0.00434835 0.0553512 0.0394086 -0.0168697 -0.0277371 0.00192641 -0.0137576 0.0816463 0.0563477 -0.0347594 0.0635691 0.00246626 0.0441985 0.0302208 0.0230425 -0.0425987 -0.0365205 0.0561657 -0.080998 -0.00508422 0.0477173 0.0775381
internal_weight=12560 7488.42 6609.44 5071.56 5992.74 2403.95 878.979 935.78 1895.28 508.67 407.897 382.473 616.701 695.95 437.121 100.292 306.647 571.727 367.833 4135.78 291.249 183.03 527.884 70.5663 248.251 203.894 151.876 172.413 43.7769 336.829 3588.79 59.7051 75.8268 96.3748
internal_count=336700 244106 229846 92594 220497 72888 14260 11239 65087 7801 3624 3400 9349 9749 5321 1260 2718 8169 5157 81355 4493 4511 7615 845 3020 3012 1554 4419 450 4061 147609 1079 682 1466
is_linear=0
shrinkage=0.08


Tree=33
num_leaves=35
num_cat=0
split_feature=4 0 3 3 2 10 10 4 8 10 15 8 8 4 4 6 8 6 12 0 3 10 0 6 1 4 16 4 18 12 3 16 4 3
split_gain=6615.03 1068.35 357.819 271.055 200.266 215.019 182.394 146.289 68.6095 61.2943 71.6958 43.184 42.6879 60.1645 77.5797 39.4127 35.6648 35.6044 48.3852 33.4158 32.8611 31.3645 40.0909 30.5576 29.3879 26.0562 21.7359 21.342 19.8357 16.0521 15.6339 13.8018 12.815 11.1877
threshold=62.699214935302741 77.849929809570327 11.215932846069338 49.25306701660157 0.85475480556488048 1.0000000180025095e-35 1.0000000180025095e-35 79.377197265625014 1.0000000180025095e-35 1.0000000180025095e-35 1.0000000180025095e-35 1.0000000180025095e-35 1.0000000180025095e-35 1.0000000180025095e-35 43.912004470825202 0.85483253002166759 1.0000000180025095e-35 0.62574568390846264 1.0000000180025095e-35 9.1608390808105487 14.724480628967287 1.0000000180025095e-35 73.746868133544936 0.73261633515357982 43.534002304077156 78.805706024169936 1.0000000180025095e-35 96.787097930908217 1.0000000180025095e-35 1.0000000180025095e-35 94.804317474365249 1.0000000180025095e-35 48.01960754394532 26.36544227600098
decision_type=2 2 2 2 2 2 2 2 2 2 2 2 2 2 2 2 2 2 2 2 2 2 2 2 2 2 2 2 2 2 2 2 2 2
left_child=1 2 16 7 9 8 12 11 -6 10 -4 -2 13 31 -15 19 -1 18 -18 -13 -9 -5 25 26 27 29 -8 -22 -28 -23 -7 -3 -19 -17
right_child=3 6 4 21 5 30 23 20 -10 -11 -12 15 -14 14 -16 33 17 32 -20 -21 24 22 -24 -25 -26 -27 28 -29 -30 -31 -32 -33 -34 -35
leaf_value=0.090760795696499738 0.1006204286487334 0.035154013949133145 -0.067972576958247793 0.08298935165905226 -0.0039531996981601756 -0.077384535328509377 -0.062550662301690332 0.080756336931708694 0.078800239875009698 -0.081302620360875932 -0.014938991677460767 0.0094158546646206341 0.078760365752112801 -0.085962797387355058 0.053500073119635436 0.079977565030593403 0.067439922255472712 -0.049479488308432303 -0.0077088308953839812 -0.042500333151233492 0.0019342047134384077 0.056615628281319996 0.07240003712440507 0.093318195628518466 0.078492255397905344 0.061011271774805753 0.035503909273360307 0.071147277023706018 -0.055005968377916013 -0.066389494838201751 0.16632033507739905 0.06830421365351351 -0.016337223893138918 0.0090666697682513613
leaf_weight=23.425303647294641 24.140215795487165 143.23031571879983 1712.8820885736495 3566.7196951843798 255.28425587341189 298.57558271661401 122.90295725688338 264.3216435983777 85.626730903983116 3002.2334542796016 180.31886342167854 137.32975834235549 246.76866575144231 51.328442510217428 50.785087240859866 34.417126435786486 71.391641482710838 116.69612080603838 236.42534116096795 187.92594268545508 115.54348103329539 8.6672990433871728 208.49517062306404 11.158530876040457 81.366466961801052 27.86443093791604 34.896580442786217 37.854019049555063 27.875061856582761 31.347731281071901 1.6942468956112851 183.17352224886417 207.32607338018715 24.288333587348461
leaf_count=222 221 1050 63506 76782 2819 11743 3985 4629 972 135082 4244 1021 4483 671 712 320 1114 3106 3013 1920 974 79 3671 102 1354 425 521 635 622 331 12 3011 3031 161
internal_value=-0.00130629 -0.0503956 -0.0620717 0.0716929 -0.0686877 -0.0266463 0.0325027 0.0323604 0.016832 -0.0741941 -0.0629214 -0.00316595 0.0522548 0.0369911 -0.0166024 -0.00969115 -0.00617005 -0.00976374 0.00972033 -0.0205802 0.0614103 0.0809776 0.0550146 -0.0352618 0.0396285 0.00161446 -0.0429891 0.019014 -0.0046889 -0.0397465 -0.0760095 0.0537575 -0.0282734 0.0506395
internal_weight=11814.3 7064 6191.88 4750.28 5536.62 641.181 872.119 907.187 340.911 4895.43 1893.2 408.101 675.286 428.517 102.114 383.961 655.264 631.839 307.817 325.256 499.086 3843.09 276.375 196.833 234.764 67.8795 185.675 153.398 62.7716 40.015 300.27 326.404 324.022 58.7055
internal_count=336544 244021 228864 92523 218378 15546 15157 11235 3791 202832 67750 3643 9927 5444 1383 3422 10486 10264 4127 2941 7592 81288 4506 5230 2963 835 5128 1609 1143 410 11755 4061 6137 481
is_linear=0
shrinkage=0.08


Tree=34
num_leaves=35
num_cat=0
split_feature=5 4 2 5 5 2 15 14 18 16 1 6 1 10 2 1 6 4 18 6 11 2 9 5 13 10 10 18 17 1 16 14 6 18
split_gain=6894.45 761.467 490.535 191.5 183.592 160.99 138.255 64.4829 51.1272 49.952 49.3188 48.2668 53.3828 47.4567 45.2153 41.7426 37.1971 36.3945 35.8443 33.2411 23.1357 22.8767 67.0157 28.9727 26.4934 22.4103 20.6012 18.6952 16.9055 39.4221 15.1549 14.5285 14.3154 12.9273
threshold=63.869945526123054 1.0000000180025095e-35 0.71196657419204723 91.316913604736342 55.362188339233406 0.82275250554084789 1.0000000180025095e-35 1.0000000180025095e-35 1.0000000180025095e-35 1.0000000180025095e-35 92.718276977539077 0.60661208629608165 13.873295783996584 1.0000000180025095e-35 0.92308092117309581 87.026645660400405 0.8333338499069215 75.620002746582045 1.0000000180025095e-35 0.58355915546417247 1.5000000000000002 0.88867244124412548 1.0000000180025095e-35 43.963836669921882 1.0000000180025095e-35 1.0000000180025095e-35 1.0000000180025095e-35 1.0000000180025095e-35 1.0000000180025095e-35 80.277778625488295 1.0000000180025095e-35 1.0000000180025095e-35 0.86888945102691661 1.0000000180025095e-35
decision_type=2 2 2 2 2 2 2 2 2 2 2 2 2 2 2 2 2 2 2 2 2 2 2 2 2 2 2 2 2 2 2 2 2 2
left_child=1 6 3 7 21 11 10 15 26 28 -1 12 -6 -4 17 16 -2 27 -9 33 -20 -3 23 -23 -24 -21 -7 -15 29 -8 -10 -27 -13 -5
right_child=2 4 13 19 5 8 9 18 30 -11 -12 32 -14 14 -16 -17 -18 -19 20 25 -22 22 24 -25 -26 31 -28 -29 -30 -31 -32 -33 -34 -35
leaf_value=-0.065279095923929498 -0.032940332659415553 -0.079952869920308423 0.082040790194459853 0.059567931355082142 0.10620764006401444 0.10554981600474397 0.0024167463691139616 0.054990161263303361 -0.042790340697315611 0.064974864933552604 0.038888835220020707 -0.06924668408410406 -0.04389982327133643 0.013498415977361544 0.071877378535621095 0.083436609928334807 0.021800413108843439 0.068308250097638037 -0.0015415155054132206 0.067688481312852933 0.061997077067406529 -0.088355423836743829 0.076941745539639519 -0.024810403923800625 -0.086501452231702219 -0.06759725877649321 0.016565479711930151 -0.070045648195447327 -0.0090756697262558503 0.080562305108198923 0.047124701389314801 0.070598758891874572 0.15751609817644396 -0.04373945049618045
leaf_weight=145.05217540636659 375.6528675686568 4214.4808294307441 3485.4431205932051 11.013163696974514 22.668841311708093 63.875153411179781 115.97383264452219 167.70015338435769 39.424860496073961 226.21699654310942 36.385415360331535 327.89205427840352 45.792136121541262 34.836556695401669 200.23381670936942 25.632810901850462 100.75284894183278 40.125892162322998 237.79477775469422 583.27142461016774 43.364900823682547 177.47057443484664 30.008547820150852 61.949916236102581 8.0498759523034078 13.194281265139582 22.522384840995073 33.751539718359709 114.32291299849749 64.17889366298914 17.244223929941654 7.7157361730933181 1.7914555296301831 26.181596994400024
leaf_count=4411 4975 199881 79800 66 318 868 1028 1265 817 3353 327 11172 1529 304 3588 277 780 667 1799 9208 389 5636 302 1361 61 96 309 384 641 520 214 109 17 134
internal_value=-0.00125474 -0.062297 0.0637383 0.0264711 -0.0731845 -0.0291664 0.0157487 0.00368581 0.0436211 0.0367041 -0.0443893 -0.0553214 0.00580385 0.0793771 0.0493265 -0.0160126 -0.0213635 0.00779126 0.025718 0.0602524 0.00825841 -0.078488 -0.0562382 -0.0719132 0.0423713 0.0647712 0.0823531 -0.0276128 0.0149864 0.0302559 -0.0154295 -0.0166033 -0.0680145 -0.0131507
internal_weight=11122 5735.3 5386.67 1592.27 5033.17 541.211 702.13 950.898 143.067 520.693 181.438 398.144 68.461 3794.39 308.948 502.039 476.406 108.714 448.86 641.376 281.16 4491.96 277.479 239.42 38.0584 604.181 86.3975 68.5881 294.476 180.153 56.6691 20.91 329.684 37.1948
internal_count=336606 232765 103841 19098 222485 15244 10280 9485 2208 5542 4738 13036 1847 84743 4943 6032 5755 1355 3453 9613 2188 207241 7360 6997 363 9413 1177 688 2189 1548 1031 205 11189 200
is_linear=0
shrinkage=0.08


Tree=35
num_leaves=35
num_cat=0
split_feature=5 0 3 4 5 10 5 12 13 12 5 10 0 16 8 5 6 5 18 17 12 3 4 0 1 1 1 3 4 1 1 16 1 0
split_gain=6273.35 783.741 327.035 192.075 194.103 139.917 105.436 96.0819 59.9772 53.3605 52.6422 45.5086 53.4249 40.9826 39.7391 32.7933 77.2556 43.6996 32.6972 28.9159 28.845 26.0634 20.8221 20.1709 16.7406 16.583 15.2272 15.1459 14.0912 14.0759 22.29 13.1639 10.4437 10.1633
threshold=70.997890472412124 77.849929809570327 49.25306701660157 1.0000000180025095e-35 57.212205886840827 1.0000000180025095e-35 92.876655578613295 1.0000000180025095e-35 1.0000000180025095e-35 1.0000000180025095e-35 51.442440032958991 1.0000000180025095e-35 73.375530242919936 1.0000000180025095e-35 1.0000000180025095e-35 56.127729415893562 0.47734268009662634 44.392032623291023 1.0000000180025095e-35 1.0000000180025095e-35 1.0000000180025095e-35 20.144927978515629 84.142135620117202 59.870130538940437 42.588071823120124 92.907444000244155 82.446311950683608 93.419914245605483 43.912004470825202 89.512962341308608 77.871940612792983 1.0000000180025095e-35 7.2077922821044931 47.140522003173835
decision_type=2 2 2 2 2 2 2 2 2 2 2 2 2 2 2 2 2 2 2 2 2 2 2 2 2 2 2 2 2 2 2 2 2 2
left_child=1 3 6 13 27 15 9 8 -6 21 -7 -4 20 23 33 16 31 -18 -16 -9 -13 -2 -22 26 -23 -12 -1 32 -8 30 -15 -3 -5 -11
right_child=2 5 11 4 7 10 28 19 -10 14 25 12 -14 29 18 -17 17 -19 -20 -21 22 24 -24 -25 -26 -27 -28 -29 -30 -31 -32 -33 -34 -35
leaf_value=-0.053381055614963903 0.073611197247406376 0.032693319410673785 0.082244665463046832 -0.058916894223447897 0.048463778823200993 -0.074106078835310049 -0.0096372627923284222 -0.057242716690245062 -0.051626282075445395 0.11078016729431708 -0.048705295383124972 0.082095319693448271 0.069592134443469233 0.11932119160518241 0.019235618432455442 0.07884635624856641 -0.08818970471510984 0.025499655092593346 -0.02223043553933423 0.018127448628947659 -0.064546610486015676 -0.001719029160236464 0.053329324386642139 0.00088385029894115117 0.069656031980766406 0.045251574884980758 -0.0023755818220528918 0.15551368081966624 0.064566000626308781 0.087417898199169897 -0.051560013529727576 0.065864448024749805 -0.079823148633265784 -0.052968685997072162
leaf_weight=143.18141596019268 110.43276254460216 141.04161772504449 3238.0902567058802 159.15488319657743 126.48323907516897 107.93746510893106 17.018999170511961 401.0992188192904 54.968291314318776 24.087506297975782 16.610830143094063 16.463561575859785 196.41505152732134 7.2299364358186748 202.44703334569931 125.70998857170343 45.999221842736006 40.857229545712471 305.14851681143045 35.457383407279849 43.320363558828831 76.213146671652794 12.317862339317797 127.97133523970842 29.04619799554348 43.521461945027113 50.732729054987431 1.7632291987538327 435.40292450785637 30.615571193397045 15.065432369709013 167.4956279322505 3907.9665212016553 2.6974833570420733
leaf_count=3889 1250 1087 79767 4858 1383 4476 90 10916 997 175 328 233 3713 37 1554 2465 616 500 2275 393 411 460 215 1531 301 333 389 15 7245 234 74 3073 201443 20
internal_value=-0.00119104 -0.0572542 0.0672745 -0.0681516 -0.0725585 0.0227833 0.031273 -0.0307847 0.0181428 0.0128754 -0.0406881 0.0796202 0.0479718 -0.0130426 -0.000680891 0.0432545 0.0319386 -0.0347103 -0.00569231 -0.0511211 -0.0109248 0.0464612 -0.0384498 -0.023768 0.0179768 0.0192971 -0.0400368 -0.0789034 0.0617747 0.0522058 0.0038533 0.0507009 -0.079005 0.0942892
internal_weight=10460 5750.86 4709.1 5061.69 4686.89 689.173 1202.49 618.008 181.452 750.073 168.07 3506.61 268.517 374.796 534.381 521.104 395.394 86.8565 507.596 436.557 72.1018 215.692 55.6382 321.885 105.259 60.1323 193.914 4068.88 452.422 52.9109 22.2954 308.537 4067.12 26.785
internal_count=336746 239037 97709 226159 220005 12878 13370 13689 2380 6035 5137 84339 4572 6154 4024 7741 5276 1116 3829 11309 859 2011 626 5809 761 661 4278 206316 7335 345 111 4160 206301 195
is_linear=0
shrinkage=0.08


Tree=36
num_leaves=35
num_cat=0
split_feature=4 1 1 2 10 4 10 2 8 8 16 14 16 10 12 13 18 17 15 13 8 11 1 1 17 4 4 10 4 1 13 6 10 2
split_gain=4986.69 827.279 343.41 257.887 243.662 139.225 128.311 189.449 94.5978 71.5581 70.6128 48.4674 48.1854 39.346 36.1755 90.1481 41.3828 32.933 31.9754 27.7599 26.6148 28.7037 24.5988 59.0376 19.0733 16.6576 16.6278 16.4849 21.3729 20.8558 14.4842 14.1601 12.9222 11.5141
threshold=62.699214935302741 89.725547790527358 11.215932846069338 0.68785348534584057 1.0000000180025095e-35 78.283874511718764 1.0000000180025095e-35 0.76346477866172802 1.0000000180025095e-35 1.0000000180025095e-35 1.0000000180025095e-35 1.0000000180025095e-35 1.0000000180025095e-35 1.0000000180025095e-35 1.0000000180025095e-35 1.0000000180025095e-35 1.0000000180025095e-35 1.0000000180025095e-35 1.0000000180025095e-35 1.0000000180025095e-35 1.0000000180025095e-35 1.5000000000000002 16.108108520507816 39.314987182617195 1.0000000180025095e-35 22.026123046875004 90.94474029541017 1.0000000180025095e-35 74.842666625976577 85.89511871337892 1.0000000180025095e-35 0.72381538152694713 1.0000000180025095e-35 0.99772727489471447
decision_type=2 2 2 2 2 2 2 2 2 2 2 2 2 2 2 2 2 2 2 2 2 2 2 2 2 2 2 2 2 2 2 2 2 2
left_child=1 2 11 5 9 13 7 18 -9 10 17 -1 31 20 15 -13 -16 -3 -4 -11 -2 -22 -7 26 -8 -12 -24 -5 29 -29 33 -6 -25 -14
right_child=3 4 6 27 12 22 24 8 -10 19 25 14 30 -15 16 -17 -18 -19 -20 -21 21 -23 23 32 -26 -27 -28 28 -30 -31 -32 -33 -34 -35
leaf_value=-0.076215792027556031 0.09230344110167002 0.054479616917865806 -0.068201085075407258 0.081770444793410793 -0.070188068894301278 0.077123241621204486 -0.080583044803233653 -0.02541907542685742 0.066607564445948828 0.086035333310589726 0.069422216994859801 0.10021277707954196 -0.015932441975830689 -0.068680793923594219 0.025981235236486259 -0.046371104314752956 -0.025807513769069871 -0.016437774544046421 -0.0062957042425430274 -0.033329241673875611 -0.014124631045513874 0.045604897131694501 -0.018308432085912561 0.083511126456506365 0.10139314999357951 0.014667424909748004 0.041675482525596726 -0.04118049404835223 0.073463424353286455 0.0577083960311119 -0.071555365860660719 0.049012455490541167 -0.035294864418782601 0.056757051484915264
leaf_weight=54.413836879655719 20.836429063230753 52.285885130986571 1347.2597987391055 2799.9458775185049 191.4210644569248 238.39389713853598 2539.399982444942 275.31666120328009 96.560952762141824 223.19454348087311 180.82546826452017 69.112518271431327 23.363868966698647 54.403279475867748 152.45000341162086 43.911503329873085 280.32901842333376 211.16126990877092 55.603573074564338 13.207295723259447 237.36498841643333 65.756822565570474 83.481228098273277 131.56122453510761 3.6915355995297423 44.262970959767699 45.804386388510466 23.390653178095818 169.59513108059764 32.774636534973979 11.298710459843276 6.5979064218699923 6.1323306821286669 34.600660253316164
leaf_count=1899 202 532 61430 75868 8833 4880 141664 5100 1497 4577 3214 878 544 630 2340 1199 4070 2447 1878 206 2156 620 585 2636 84 588 752 216 3686 475 448 74 60 427
internal_value=-0.00110673 -0.0474728 -0.0609166 0.0689893 0.0191626 0.0309703 -0.0687983 -0.05229 -0.00152363 0.0432347 0.0257505 -0.00421717 -0.0461272 -0.00572745 0.00296073 0.0432628 -0.0075645 -0.00236293 -0.0657474 0.0793667 0.0048445 -0.00116738 0.0584452 0.0417669 -0.0803189 0.0586549 0.00294317 0.0800937 0.0592981 0.016525 0.0113062 -0.0662164 0.07822 0.027458
internal_weight=9819.71 5910.27 4918.05 3909.44 992.22 883.735 4317.83 1774.74 371.878 724.937 488.536 600.217 267.282 378.362 545.803 113.024 432.779 263.447 1402.86 236.402 323.958 303.122 505.373 266.979 2543.09 225.088 129.286 3025.71 225.76 56.1653 69.2632 198.019 137.694 57.9645
internal_count=336695 243929 222039 92766 21890 12521 211653 69905 6597 11564 6781 10386 10326 3608 8487 2077 6410 2979 63308 4783 2978 2776 8913 4033 141748 3802 1337 80245 4377 691 1419 8907 2696 971
is_linear=0
shrinkage=0.08


Tree=37
num_leaves=35
num_cat=0
split_feature=5 4 1 5 5 2 1 18 15 12 4 3 6 12 10 3 17 4 3 1 10 11 3 18 4 6 18 1 17 3 5 6 9 3
split_gain=5277.09 631.5 450.888 191.758 149.855 142.822 90.8443 82.8982 62.5164 56.2414 55.1311 42.0769 57.8584 38.1248 32.0063 28.4369 33.2277 27.2776 30.3253 23.0427 22.2762 20.7376 17.9967 17.5854 16.2155 15.4736 15.1684 12.8457 12.4551 11.2156 18.627 14.8746 13.9767 11.115
threshold=62.977544784545906 1.0000000180025095e-35 82.807880401611342 81.853973388671889 53.242082595825202 0.82028478384017955 92.40384674072267 1.0000000180025095e-35 1.0000000180025095e-35 1.0000000180025095e-35 82.505603790283217 8.4219856262207049 0.6312425732612611 1.0000000180025095e-35 1.0000000180025095e-35 19.433517456054691 1.0000000180025095e-35 46.882476806640632 47.413022994995124 89.725547790527358 1.0000000180025095e-35 1.5000000000000002 72.850124359130874 1.0000000180025095e-35 68.769905090332045 0.76064607501029979 1.0000000180025095e-35 90.366767883300795 1.0000000180025095e-35 86.526824951171889 41.56573677062989 0.64057400822639476 1.0000000180025095e-35 45.035211563110359
decision_type=2 2 2 2 2 2 2 2 2 2 2 2 2 2 2 2 2 2 2 2 2 2 2 2 2 2 2 2 2 2 2 2 2 2
left_child=1 6 3 9 29 11 8 14 -1 17 13 12 -6 -5 -7 23 -17 -2 -19 -13 -4 -15 28 -11 26 -9 27 -22 -8 -3 32 -32 -31 -12
right_child=2 4 20 10 5 7 22 25 -10 15 33 19 -14 21 -16 16 -18 18 -20 -21 24 -23 -24 -25 -26 -27 -28 -29 -30 30 31 -33 -34 -35
leaf_value=-0.061907656805412811 0.092686542660886231 -0.079391954624584302 0.082162201241313043 0.07396715939237318 0.088141930778599817 0.12014015150195011 0.11322492726735726 -0.046438193164091909 0.012367650879021402 0.033654378425002227 0.056790925851692944 -0.072821367338169407 -0.056311585960863893 0.014366883273762213 0.011577200331523062 -0.046068111653231901 0.10790913733359109 -0.0070234082681919505 0.067699532459054204 0.051549903707342387 -0.048464186576467762 0.059833993152544701 0.05353421000377457 -0.017533762963504965 0.069025420935251214 0.092548148477757552 -0.035930333546891215 0.069764294130323978 0.0057890213417482808 -0.092393730971928392 0.031472983959282747 -0.066050159671764433 0.044067539777305015 0.079949392097913435
leaf_weight=125.72463823854923 34.861716829240322 3371.0276775052771 2581.9810299314559 109.34148009493947 27.787810128182173 56.988238599151373 7.4427781328558913 58.690524023026228 171.39326890930533 67.254536420106888 309.63568349555135 345.04557500220835 49.103702468797565 402.75067239627242 25.00651521794498 240.83501913398504 9.3164591826498491 118.41975458338857 49.202130634337664 9.8048770260065776 7.1461886372417203 76.376148398965597 238.08496348559856 118.87165368907154 160.6316676735878 5.6172453463077536 20.29922784678638 33.235477905720472 95.762593567371368 55.286276848986745 23.198596647009254 17.605725830420852 5.2606624886393538 232.03538447245955
leaf_count=4390 284 197574 74384 1701 486 853 62 1344 1498 484 5923 16865 1250 2951 403 4897 155 948 778 224 61 819 3722 1236 3661 78 218 313 586 1682 430 226 42 6219
internal_value=-0.00103633 -0.0606695 0.0601181 0.028492 -0.0723253 -0.0346109 0.0132818 0.0337005 -0.0190617 -0.00654373 0.0482944 -0.0577592 -0.00410756 0.0313421 0.0870309 -0.0227157 -0.0403335 0.0283009 0.0149101 -0.0693849 0.0800743 0.0216147 0.0414391 0.000962477 0.0557159 -0.0342978 0.0204835 0.0488419 0.0135369 -0.0786036 -0.0523823 -0.0106051 -0.0805372 0.0667113
internal_weight=9261.03 4688.83 4572.19 1768.9 4050.42 578.044 638.408 146.303 297.118 638.761 1130.14 431.742 76.8915 588.468 81.9948 436.278 250.151 202.484 167.622 354.85 2803.29 479.127 341.29 186.126 221.313 64.3078 60.6809 40.3817 103.205 3472.38 101.351 40.8043 60.5469 541.671
internal_count=336747 231715 105032 26395 221457 21503 10258 2678 5888 8782 17613 18825 1736 5471 1256 6772 5052 2010 1726 17089 78637 3770 4370 1720 4253 1422 592 374 648 199954 2380 656 1724 12142
is_linear=0
shrinkage=0.08


Tree=38
num_leaves=35
num_cat=0
split_feature=5 2 1 10 5 5 5 12 5 5 12 5 14 0 18 3 12 10 0 8 18 15 3 17 1 15 0 0 5 1 5 3 12 5
split_gain=4726.61 654.154 314.918 173.722 119.508 144.694 85.5305 58.9898 57.7291 98.995 54.8215 48.2427 40.5165 29.3192 27.0103 29.5023 25.6185 25.2343 25.9495 23.1033 22.4256 21.6453 20.5157 19.8351 18.5174 19.1899 18.1766 17.782 17.4891 15.3109 15.2391 15.2334 13.1936 12.9192
threshold=70.997890472412124 0.87446627020835888 70.505386352539077 1.0000000180025095e-35 1.0000000180025095e-35 57.212205886840827 92.876655578613295 1.0000000180025095e-35 50.510257720947273 1.0000000180025095e-35 1.0000000180025095e-35 58.892297744750984 1.0000000180025095e-35 59.870130538940437 1.0000000180025095e-35 11.215932846069338 1.0000000180025095e-35 1.0000000180025095e-35 77.849929809570327 1.0000000180025095e-35 1.0000000180025095e-35 1.0000000180025095e-35 67.05426406860353 1.0000000180025095e-35 93.419914245605483 1.0000000180025095e-35 84.660633087158217 85.89511871337892 86.28794097900392 7.2077922821044931 81.853973388671889 68.13346099853517 1.0000000180025095e-35 96.633934020996108
decision_type=2 2 2 2 2 2 2 2 2 2 2 2 2 2 2 2 2 2 2 2 2 2 2 2 2 2 2 2 2 2 2 2 2 2
left_child=1 4 6 8 13 27 10 12 9 26 30 -5 -7 21 15 -12 31 -4 28 -11 -9 -1 -18 -16 25 -15 -3 29 32 -6 -2 -10 -19 -8
right_child=2 3 17 11 5 7 33 20 16 19 14 -13 -14 24 23 -17 22 18 -20 -21 -22 -23 -24 -25 -26 -27 -28 -29 -30 -31 -32 -33 -34 -35
leaf_value=-0.06554553966166389 0.024195903383887888 0.015515115415167103 0.081759971512224167 -0.067155056725823545 -0.052975199039783281 -0.013953977654966006 0.04124673849671167 -0.020158134111978573 0.20100751141661555 -0.082872671062640471 0.053725095501738637 0.02277068096885556 0.082417529066338896 -0.035166263316646476 -0.016104460185289441 -0.0038215543110989808 -0.091452021277700218 0.06538962920396095 0.069541142538979334 0.0081429846121997065 -0.063472799197279439 -0.0072250609273447489 0.050820204218017188 0.088171601470528341 0.076397637458041401 0.054186079676386813 0.051222762343730584 0.023765997089205189 0.068223981460006466 -0.07983406723906869 0.065207674621089035 0.089899499966203097 -0.052959297265238139 0.069108423199488331
leaf_weight=80.01045654900372 101.24847038835287 163.6622271053493 2461.9620149899274 190.08261255081743 142.24044762924314 112.98242939077318 169.87878091074526 111.26454496942461 8.724105801433323 65.568122891709208 107.26933084055781 47.777354639023542 37.08403854817152 41.853760631754994 328.34615385904908 121.7038967050612 7.3147107306867829 7.6784764789044848 153.44339705258608 24.525931237265468 244.82507901266217 82.957672465592623 57.306104935705662 12.105078512802718 26.894550919532776 24.322455450892448 206.1706930808723 10.892810232937334 18.542336322367191 3015.4057680638507 135.7051845677197 83.345213668420911 28.056639768183231 285.5497755408287
leaf_count=3369 926 1054 76327 9212 4913 1851 3005 3154 90 1224 747 503 306 1116 2638 1202 78 103 3547 260 7808 908 1037 291 218 159 3521 234 342 196219 2221 1874 266 6089
internal_value=-0.00105738 -0.0544544 0.0639348 0.00898603 -0.0682453 -0.0719274 0.0310009 -0.032209 0.0313897 0.0171022 0.015348 -0.0490923 0.0098611 -0.0153997 0.00189216 0.0231379 0.0733273 0.0795008 0.0527241 -0.0580959 -0.0499386 -0.0358579 0.0347158 -0.0123968 0.0204229 -0.00232564 0.0354211 -0.0782722 0.00518198 -0.0786242 0.0476837 0.100428 -0.0275294 0.0587158
internal_weight=8716.7 4785.21 3931.49 854.477 3930.73 3674.7 1261.81 506.156 616.617 459.927 806.378 237.86 150.066 256.039 569.424 228.973 156.69 2669.68 207.721 90.0941 356.09 162.968 64.6208 340.451 93.0708 66.1762 369.833 3168.54 54.2775 3157.65 236.954 92.0693 35.7351 455.429
internal_count=336812 239108 97704 18853 220255 214485 17119 13119 9138 6059 8025 9715 2157 5770 4878 1949 3079 80585 4258 1484 10962 4277 1115 2929 1493 1275 4575 201366 711 201132 3147 1964 369 9094
is_linear=0
shrinkage=0.08


Tree=39
num_leaves=35
num_cat=0
split_feature=5 5 0 5 5 2 0 18 10 11 15 6 0 5 8 1 10 6 2 3 6 0 2 5 18 6 11 0 16 2 16 1 2 6
split_gain=4278.15 568.987 480.86 162.907 124.872 131.344 81.5187 71.7652 49.1401 43.0443 39.2731 37.6242 36.1499 33.7977 32.5003 44.2505 31.7316 30.6581 27.7829 62.3132 23.422 20.8821 17.7832 35.6808 18.1307 16.5681 16.4802 16.172 14.3936 17.0459 11.1087 17.1508 12.2652 10.6028
threshold=62.149042129516609 1.0000000180025095e-35 58.919960021972663 87.540847778320327 53.242082595825202 0.73350545763969432 74.322341918945327 1.0000000180025095e-35 1.0000000180025095e-35 1.5000000000000002 1.0000000180025095e-35 0.54845148324966442 86.526824951171889 96.633934020996108 1.0000000180025095e-35 48.683298110961921 1.0000000180025095e-35 0.88023561239242565 0.68457981944084179 23.845060348510746 0.78365594148635875 14.459930419921877 0.90737509727478038 44.392032623291023 1.0000000180025095e-35 0.76064607501029979 1.0000000180025095e-35 9.1608390808105487 1.0000000180025095e-35 0.89672121405601513 1.0000000180025095e-35 84.924243927001967 0.99772727489471447 0.59553864598274242
decision_type=2 2 2 2 2 2 2 2 2 2 2 2 2 2 2 2 2 2 2 2 2 2 2 2 2 2 2 2 2 2 2 2 2 2
left_child=1 6 3 9 22 11 10 16 -4 14 -1 21 20 18 15 -2 -7 -16 19 -5 -10 -6 -3 26 -25 -9 -24 -13 29 -12 32 -32 -8 -15
right_child=2 4 8 13 5 7 30 25 12 -11 28 27 -14 33 17 -17 -18 -19 -20 -21 -22 -23 23 24 -26 -27 -28 -29 -30 -31 31 -33 -34 -35
leaf_value=-0.055677124707414045 0.12785813873002724 -0.078973577871506204 0.081020973743479247 0.047161107164993325 0.15177256413125143 0.12202862931742119 0.039430544125105348 -0.041338198214230355 -0.020201666188036611 0.045642425611439545 0.0049220304928703244 -0.030762146819094897 0.069657014616512289 0.010081637726432165 -0.019554396001117573 -0.031167371739454029 0.010614756123260139 0.052224895494760351 0.07992140415154958 -0.027045380100699009 0.061377873519452238 -0.020341218425028788 -0.085564697025323933 0.057082456892253219 -0.049935227890236494 0.097568997180923087 0.025605624331010254 -0.075622016879279261 0.050408844561902671 -0.064616274968884183 -0.055541741113434143 0.064328158749101153 -0.015281124155024544 0.072933921091443463
leaf_weight=106.41666048020124 24.449215866625309 2842.6265734285116 2359.8819321449846 236.25137997046113 7.6269856411963728 49.752581561915576 113.24271239712834 61.012108186259866 68.015221020206809 98.980533925816417 151.28692344948649 64.008629394695163 138.19729544967413 18.288728041574359 621.79782423004508 20.663066925480962 24.376113884150982 40.567256040871143 69.477268220856786 104.4387367144227 33.675752570852637 11.044726412743328 93.830181333236396 24.203242108225822 17.426803946495056 6.0394399724900714 9.3881434388458711 261.74517392367125 35.404924675822258 26.514720410108566 8.0800526440143567 139.9844706505537 34.126546084880829 282.68760314956307
leaf_count=4347 236 195390 77892 2911 96 788 968 1800 979 1035 1257 1681 3292 114 8296 237 494 510 1807 854 709 478 3365 328 420 76 73 14996 217 115 47 3119 234 6911
internal_value=-0.000933551 -0.0589048 0.0566261 0.020843 -0.0714645 -0.0338396 0.0120168 0.0311454 0.0775143 -0.00377023 -0.0159841 -0.060477 0.0430173 0.0487551 -0.0106834 0.0550187 0.0853918 -0.0151582 0.0338155 0.0244131 0.00681403 0.0499635 -0.0775803 -0.0502373 0.0122837 -0.0288266 -0.0754533 -0.0668073 0.00382764 -0.00544789 0.0423103 0.0577867 0.0267609 0.0691147
internal_weight=8205.51 4088.14 4117.37 1517.6 3473.08 485.606 615.057 141.18 2599.77 806.458 319.623 344.426 239.888 711.144 707.477 45.1123 74.1287 662.365 410.167 340.69 101.691 18.6717 2987.47 144.848 41.63 67.0515 103.218 325.754 213.207 177.802 295.434 148.065 147.369 300.976
internal_count=336072 230289 105783 22911 219985 20409 10304 3158 82872 10314 5936 17251 4980 12597 9279 473 1282 8806 5572 3765 1688 574 199576 4186 748 1876 3438 16677 1589 1372 4368 3166 1202 7025
is_linear=0
shrinkage=0.08


Tree=40
num_leaves=35
num_cat=0
split_feature=5 2 0 10 5 4 5 4 16 8 11 5 10 0 12 0 12 1 14 17 1 15 12 4 5 4 0 4 0 12 0 2 4 17
split_gain=3861.19 579.947 307.788 143.28 122.582 130.767 78.7115 57.5275 51.6188 46.334 46.4525 44.1485 36.672 33.0242 29.6188 29.2645 27.4273 27.0362 26.7672 26.5119 25.8179 26.4885 22.2669 22.2544 18.8259 52.351 17.7287 49.3992 15.3376 14.0034 13.7482 11.7066 11.6463 10.8882
threshold=70.997890472412124 0.87446627020835888 51.316701889038093 1.0000000180025095e-35 56.82439041137696 1.0000000180025095e-35 95.67297744750978 46.556285858154304 1.0000000180025095e-35 1.0000000180025095e-35 1.5000000000000002 50.920385360717781 1.0000000180025095e-35 76.50690078735353 1.0000000180025095e-35 54.261501312255866 1.0000000180025095e-35 62.145593643188484 1.0000000180025095e-35 1.0000000180025095e-35 93.419914245605483 1.0000000180025095e-35 1.0000000180025095e-35 77.095886230468764 47.83648872375489 1.0000000180025095e-35 6.7231638431549081 27.707540512084964 84.660633087158217 1.0000000180025095e-35 52.114353179931648 0.449656292796135 46.384283065795906 1.0000000180025095e-35
decision_type=2 2 2 2 2 2 2 2 2 2 2 2 2 2 2 2 2 2 2 2 2 2 2 2 2 2 2 2 2 2 2 2 2 2
left_child=1 4 6 8 5 20 9 16 17 -2 18 -5 -4 23 15 -9 31 -3 -11 -19 21 -1 -13 29 25 -10 27 -7 -28 -14 -22 -6 -8 -18
right_child=2 3 12 11 7 26 32 14 24 10 -12 22 13 -15 -16 -17 33 19 -20 -21 30 -23 -24 -25 -26 -27 28 -29 -30 -31 -32 -33 -34 -35
leaf_value=-0.058872779147683477 0.08782031766661455 0.15478023340963357 0.080412363302590273 -0.073430957471651528 0.13103912137084148 0.41928544666391937 -0.012600111444240711 -0.027626498950574147 0.056858994891962847 -0.016960628315189213 0.049112369915576749 0.062067961674071484 0.076983574496277962 0.066092580448586347 -0.056729792138533457 0.076201228805180141 -0.012819772598559449 0.024671231340310417 0.015976802086899725 -0.02388823514158582 -0.012334920750439873 0.0024472555560189411 -0.028810369897835569 0.060595581696248742 0.086388307607784376 -0.070092527520853681 -0.079546573284876312 -0.053251069194787858 0.0064954613922272421 -0.059356869682646911 0.062813680744362776 0.031378280321045976 0.067386498727218289 0.11861808705579942
leaf_weight=102.52686515450478 51.360359519720078 7.73959170654416 2190.2283331081271 137.78748828731477 17.751720827072862 1.4330769572406996 12.198256962001322 98.471113620325923 168.7272230386734 309.62766447663307 151.87132351845503 26.246420884504914 5.6208837889134875 142.1194512899965 285.70883047673851 21.095854407176375 57.603104375302792 163.42376955039799 322.25480728037655 128.56530203297734 29.304626904428005 80.471534430980682 50.369649322703481 21.887273274362087 85.19031030125916 23.71007345430553 2571.7965897833928 118.05664085224271 13.327895153313873 33.892783772200346 33.269048020243645 13.117251195013521 259.31882347725332 4.337324544787406
leaf_count=4341 627 105 78301 8649 125 44 66 1737 3346 3366 2048 288 60 3633 10182 236 1576 1935 2499 1305 233 898 839 472 2221 214 195233 4614 376 321 268 211 6241 53
internal_value=-0.000921933 -0.0522602 0.0612645 0.00948499 -0.0664376 -0.0726353 0.0263749 -0.0297284 0.0302236 0.0142093 0.00938545 -0.046361 0.077394 0.0449108 -0.042739 -0.0093076 0.0270855 0.00720186 -0.000162813 0.00329008 -0.0167398 -0.031908 0.00232188 -0.0041169 0.0550781 0.0412174 -0.0777105 -0.0475838 -0.079103 -0.0399622 0.0276199 0.0886899 0.063793 -0.00361595
internal_weight=7740.41 4240.03 3500.38 791.76 3448.27 2950.19 1106.63 498.085 577.356 835.114 783.754 214.404 2393.75 203.52 405.276 119.567 92.8094 299.729 631.882 291.989 245.572 182.998 76.6161 61.4009 277.628 192.437 2704.61 119.49 2585.12 39.5137 62.5737 30.869 271.517 61.9404
internal_count=336663 239029 97634 18902 220127 206007 14847 14120 9126 8540 7913 9776 82787 4486 12155 1973 1965 3345 5865 3240 5740 5239 1127 853 5781 3560 200267 4658 195609 381 501 336 6307 1629
is_linear=0
shrinkage=0.08


Tree=41
num_leaves=35
num_cat=0
split_feature=5 4 1 5 4 2 1 12 10 1 3 4 1 3 8 16 17 2 4 6 12 17 10 2 10 4 3 5 3 3 5 12 3 6
split_gain=3541.88 507.522 406.41 159.574 130.979 114.58 56.9274 55.8015 54.8407 66.3182 80.3585 52.7779 38.7625 31.8209 29.4158 26.5892 24.8168 24.5997 24.3437 23.0444 21.8261 20.5093 20.3534 18.8526 15.0668 14.7011 13.8805 23.2197 13.5773 55.0598 17.3162 12.1675 11.2786 9.25727
threshold=63.869945526123054 1.0000000180025095e-35 82.807880401611342 53.242082595825202 82.505603790283217 0.82028478384017955 91.715686798095717 1.0000000180025095e-35 1.0000000180025095e-35 44.315244674682624 22.378716468811039 43.083177566528327 14.907407283782961 19.433517456054691 1.0000000180025095e-35 1.0000000180025095e-35 1.0000000180025095e-35 0.83839017152786266 52.519609451293952 0.62127217650413524 1.0000000180025095e-35 1.0000000180025095e-35 1.0000000180025095e-35 0.89672121405601513 1.0000000180025095e-35 73.029678344726577 86.526824951171889 41.56573677062989 40.838270187377937 23.845060348510746 98.31455230712892 1.0000000180025095e-35 85.89511871337892 0.58612227439880382
decision_type=2 2 2 2 2 2 2 2 2 2 2 2 2 2 2 2 2 2 2 2 2 2 2 2 2 2 2 2 2 2 2 2 2 2
left_child=1 6 4 26 8 11 17 24 9 10 -2 12 -5 18 -11 16 -8 -1 -10 -9 -13 -15 -4 -18 -7 31 -3 -28 29 -6 -31 -24 -33 -29
right_child=2 3 22 5 28 7 15 19 13 14 -12 20 -14 21 -16 -17 23 -19 -20 -21 -22 -23 25 -25 -26 -27 27 33 -30 30 -32 32 -34 -35
leaf_value=-0.040523679866226722 0.022721698392187767 -0.078313579474889761 0.080736475943120944 0.12169007493079892 0.071200964212170481 0.11806653509091077 0.082388137274316695 0.060139346703244771 0.13392466747243209 -0.007550764681899115 -0.034344598929365547 -0.027875547019998718 -0.033328091255808844 -0.062045013257718419 0.073272978617194021 0.061107412810495844 0.023505141076544965 0.0075118583476801648 -0.011346064476307484 -0.035340541831386359 -0.074628636243784768 0.11381771909358163 0.075970660820937272 -0.036097109575098589 0.03023337668609466 0.069371522809180519 -0.080974912167283364 0.079169555588790033 0.077609069264032812 -0.041538798789569856 0.049893961060654572 -0.037350177325894046 0.044251369225724799 -0.018339786167997047
leaf_weight=126.35562186874449 541.24701194092631 2491.4179245484993 1904.1635661255568 17.936522600241005 185.26613842695951 41.644010173156857 28.542830530554056 22.061146113090217 10.408114785328506 35.249447874724865 222.98958787508309 86.397175654768944 24.322455305606127 111.83872021734715 157.98353707045317 140.78327535092831 88.869051456451416 148.3271461352706 25.397211313247681 60.664021026343107 245.47458375990391 4.4114835113286963 18.283204849809408 54.975314423441887 17.859778871759772 114.73173462972045 49.738830912858248 8.0198593754321319 186.92163304053247 45.366141745820642 18.729467242956161 24.786606369540095 19.266040492802858 27.938643143512309
leaf_count=4801 4910 197457 74194 288 4863 804 308 474 78 504 3060 3438 1190 1903 2747 3208 639 1003 209 1419 14647 54 269 322 222 3421 1704 169 6405 434 462 234 250 483
internal_value=-0.000862558 -0.0561429 0.0552452 -0.0690916 0.0241725 -0.0284998 0.0119974 0.0326204 0.00956999 0.0166578 0.00607085 -0.0517352 0.0324683 -0.0350608 0.0585292 0.0353128 0.0142471 -0.0145848 0.0308821 -0.00987797 -0.0624573 -0.0553713 0.078324 0.000725991 0.0917038 0.0523804 -0.0772247 -0.045568 0.0613087 0.04909 -0.0148211 0.0211075 -0.00166245 0.00340782
internal_weight=7308.37 3681.33 3627.04 3093.47 1545.81 516.36 587.853 142.229 1109.53 957.47 764.237 374.131 42.259 152.056 193.233 313.17 172.387 274.683 35.8053 82.7252 331.872 116.25 2081.23 143.844 59.5038 177.068 2577.12 85.6973 436.283 249.362 64.0956 62.3359 44.0526 35.9585
internal_count=336573 232576 103997 222295 25629 22482 10281 2919 13465 11221 7970 19563 1478 2244 3251 4477 1269 5804 287 1893 18085 1957 78368 961 1026 4174 199813 2356 12164 5759 896 753 484 652
is_linear=0
shrinkage=0.08


Tree=42
num_leaves=35
num_cat=0
split_feature=5 4 3 5 5 2 1 9 12 10 18 15 14 4 3 1 3 6 0 0 9 5 6 6 10 6 12 6 14 0 0 0 2 12
split_gain=3143.13 492.921 438.064 112.226 111.575 89.6475 58.2497 54.3092 54.1384 50.6401 45.8581 42.3122 42.22 39.9714 32.876 35.3981 29.2908 23.8097 22.0997 20.4787 31.9263 22.6535 22.2631 20.3412 20.6893 19.6573 18.9771 18.7802 14.3649 14.0191 12.5099 12.4828 12.1604 12.1522
threshold=62.149042129516609 1.0000000180025095e-35 62.575302124023445 92.876655578613295 53.242082595825202 0.74085462093353283 92.40384674072267 1.0000000180025095e-35 1.0000000180025095e-35 1.0000000180025095e-35 1.0000000180025095e-35 1.0000000180025095e-35 1.0000000180025095e-35 41.396726608276374 9.6399536132812518 51.471860885620124 86.526824951171889 0.85483253002166759 14.459930419921877 78.910301208496108 1.0000000180025095e-35 44.392032623291023 0.56718158721923839 0.61346963047981273 1.0000000180025095e-35 0.78365594148635875 1.0000000180025095e-35 0.63579535484313976 1.0000000180025095e-35 9.1608390808105487 72.850124359130874 77.459678649902358 0.86671569943428051 1.0000000180025095e-35
decision_type=2 2 2 2 2 2 2 2 2 2 2 2 2 2 2 2 2 2 2 2 2 2 2 2 2 2 2 2 2 2 2 2 2 2
left_child=1 6 3 8 19 13 11 26 14 -4 12 32 -10 18 -2 -16 25 -12 -6 -3 21 -21 -22 -5 -25 33 -7 -9 -26 -15 -8 -13 -1 -11
right_child=2 4 9 23 5 7 30 27 10 16 17 31 -14 29 15 -17 -18 -19 -20 20 22 -23 -24 24 28 -27 -28 -29 -30 -31 -32 -33 -34 -35
leaf_value=-0.049563250237446177 0.07685563772271585 -0.078131351876351854 0.079485693139730695 0.0013979563263143515 0.11059051000717528 0.043937842852035641 0.012500195121940489 0.16477804997759443 -0.011692510991521538 0.046717717263359208 -0.030522020703900879 -0.0023748519974855402 0.050283813479996858 -0.029189058089173204 -0.0031483330104812622 0.069525677707780981 0.064469410669248786 0.029632315322754725 -0.034065347951577681 -0.085867666904134804 0.14986313106668223 -0.001314762068843791 -0.016094113511844244 0.06339530736520671 -0.10758377537822761 0.059249248045134914 -0.040512655764302428 0.057037066379816752 0.070128701860585382 -0.07467750607506296 0.046875884543550239 0.050788709557208468 -0.16629991648622511 -0.039427654123559051
leaf_weight=94.364961264654994 78.709469297900796 2265.0179933477193 1883.2443378064781 42.74431780166924 13.197279484942557 24.089814146980643 101.24476368352771 15.277354639023541 151.28748683258891 13.301035989075897 395.49724463187158 132.03603994846344 131.48738322965801 54.310697052627802 158.55080746859312 58.8030945379287 115.67762757837772 47.129627743735909 13.85545813757926 78.399795351549983 7.7899117711931494 27.355553578585386 15.40207709930837 347.865573650226 7.8293105550110322 28.211239146068692 58.105928334407508 32.131146876141429 4.6339994799345732 215.06920041609555 204.81792404875159 35.965458862483501 6.0789386183023444 49.417053791694343
leaf_count=4358 1151 195001 78270 291 181 334 628 263 2280 156 5476 1123 1056 1628 1407 1151 3277 444 712 3822 77 803 177 9485 100 727 1881 606 100 14892 3826 354 35 752
internal_value=-0.000989276 -0.0558931 0.0520417 0.0178316 -0.069653 -0.0319318 0.0116477 0.0235677 0.00372638 0.0753609 -0.00803976 -0.0155521 0.0171258 -0.0561969 0.0325553 0.016513 0.0377633 -0.024117 0.0365029 -0.0763659 -0.0453552 -0.0639965 0.0396489 0.053577 0.0597668 0.00378855 -0.015762 0.0917565 -0.0415083 -0.0655064 0.0355045 0.00900631 -0.0566282 -0.0211582
internal_weight=6908.9 3394.51 3514.39 1424.54 2820 426.037 574.508 129.604 1021.47 2089.85 725.402 268.445 282.775 296.433 296.063 217.354 206.607 442.627 27.0527 2393.97 128.947 105.755 23.192 403.073 360.329 90.9293 82.1957 47.4085 12.4633 269.38 306.063 168.001 100.444 62.7181
internal_count=336824 230701 106123 22941 220377 20497 10324 3084 12965 83182 9256 5870 3336 17413 3709 2558 4912 5920 893 199880 4879 4625 254 9976 9685 1635 2215 869 200 16520 4454 1477 4393 908
is_linear=0
shrinkage=0.08


Tree=43
num_leaves=35
num_cat=0
split_feature=4 10 1 3 14 2 2 8 8 2 3 16 1 6 4 17 11 8 10 18 4 0 13 4 13 2 6 2 4 6 1 3 6 6
split_gain=2475.04 558.753 320.932 190.696 121.656 149.309 65.6383 65.2794 59.3293 52.2514 50.3685 34.9414 34.2147 33.9485 32.8191 32.7465 32.636 30.5048 25.8414 23.6644 19.5295 19.3335 19.2251 15.304 13.6024 12.4127 12.3972 13.2328 10.0138 9.19129 8.11048 8.46766 7.70126 7.56761
threshold=66.135383605957045 1.0000000180025095e-35 92.40384674072267 47.413022994995124 1.0000000180025095e-35 0.76346477866172802 0.94737470149993908 1.0000000180025095e-35 1.0000000180025095e-35 0.40676510334014898 18.321678161621097 1.0000000180025095e-35 65.599384307861342 0.8333338499069215 77.658481597900405 1.0000000180025095e-35 1.5000000000000002 1.0000000180025095e-35 1.0000000180025095e-35 1.0000000180025095e-35 96.787097930908217 62.910053253173835 1.0000000180025095e-35 36.40611648559571 1.0000000180025095e-35 0.82545602321624767 0.73261633515357982 0.89355900883674633 1.0000000180025095e-35 0.86888945102691661 62.593282699584968 57.804552078247077 0.71179157495498668 0.69262680411338817
decision_type=2 2 2 2 2 2 2 2 2 2 2 2 2 2 2 2 2 2 2 2 2 2 2 2 2 2 2 2 2 2 2 2 2 2
left_child=1 2 4 9 5 13 10 -7 11 14 23 15 17 -1 29 -4 19 -11 -5 -6 -19 30 25 -3 32 -10 -12 -28 -13 33 31 -20 -8 -2
right_child=3 6 8 18 16 7 24 -9 22 12 26 28 -14 -15 -16 -17 -18 20 21 -21 -22 -23 -24 -25 -26 -27 27 -29 -30 -31 -32 -33 -34 -35
leaf_value=-0.062432847377328432 0.041124780402897215 0.17322674403494986 0.077907727757624737 0.079986830729464026 0.01707797099384813 -0.018368733642272053 0.0083387714899527329 0.062036599994121165 0.14300817959505174 0.10005781246034376 -0.078398512298839665 0.061053079906025973 0.072376469479719138 0.030358165929697482 0.070054983847121777 -0.010766053980586721 0.055448596178753043 -0.025338564431640179 -0.043671967779503919 -0.018275707894658561 0.056066853599200162 0.058028301042117696 -0.03005416040245212 -0.0016979416060644748 -0.072451668860254753 0.077131852071691598 -0.051524317507365337 0.093404100157496311 0.014622293282146922 0.089340502542154504 -0.068024837263406884 0.086795353084555382 0.09368717590591745 -0.010142988629941832
leaf_weight=890.52081556245685 25.788106746971607 3.5135189583525053 31.041940888389945 1660.2883611042053 189.72059110365808 248.1071485709399 49.896324921399355 87.383057748898864 21.004744114354253 14.868430722504852 1620.7171908831224 128.48805350065231 36.027951456606388 25.970036656595767 169.87346026115119 188.53543310146779 62.965572378598154 212.78960024565458 6.101849243044855 335.37211280781776 20.695395421236753 130.41142012737691 9.7478151079267246 35.985433012247086 12.395646989345549 142.46516000106931 18.720090379007164 5.1388982590287915 38.676634658128023 8.9832678325474244 11.60063494555652 6.6573707405477762 7.8278049938380709 64.552702818065882
leaf_count=60100 245 104 396 75521 5070 5049 1120 1760 339 165 149168 3208 994 567 4904 2453 761 2084 64 8118 630 3945 225 1069 760 5057 704 42 716 155 163 130 110 596
internal_value=-0.000725021 -0.0379358 -0.0128522 0.0645365 -0.0289905 -0.0430884 -0.0722539 0.00257395 0.0401783 0.0234341 -0.0754116 0.022751 -0.000478859 -0.0598035 0.0486959 0.00176987 0.0010241 -0.0110478 0.0770724 -0.00550211 -0.018123 0.0458081 0.0790883 0.013862 0.00358463 0.0855965 -0.0775558 -0.0203087 0.0503105 0.0121657 -0.0196135 0.0244019 0.0199126 0.00449158
internal_weight=6522.83 4154.19 2400 2368.64 1840.04 1251.98 1754.19 335.49 559.96 553.579 1684.08 386.742 284.381 916.491 269.198 219.577 588.058 248.353 1815.06 525.093 233.485 154.771 173.218 39.499 70.1198 163.47 1644.58 23.859 167.165 99.3241 24.3599 12.7592 57.7241 90.3408
internal_count=336492 246896 93819 89596 81425 67476 153077 6809 12394 9773 151087 6773 3873 60667 5900 2849 13949 2879 79823 13188 2714 4302 5621 1173 1990 5396 149914 746 3924 996 357 194 1230 841
is_linear=0
shrinkage=0.08


Tree=44
num_leaves=35
num_cat=0
split_feature=5 4 1 4 5 2 0 10 1 8 6 9 3 8 2 4 3 2 1 10 1 0 9 2 16 1 5 6 6 2 1 1 0 2
split_gain=2602.72 453.285 402.572 119.857 109.83 79.417 51.2176 45.7744 46.5501 63.3236 40.3168 38.4539 31.8981 29.1135 28.7333 24.8357 20.0417 40.7282 19.9476 19.0901 18.8431 18.0368 25.5084 16.8821 16.7673 15.8761 15.686 15.4043 15.0321 12.8444 11.7792 12.1741 11.7332 10.8949
threshold=62.149042129516609 22.026123046875004 85.89511871337892 80.717849731445327 53.242082595825202 0.74085462093353283 59.870130538940437 1.0000000180025095e-35 44.315244674682624 1.0000000180025095e-35 0.60661208629608165 1.0000000180025095e-35 19.433517456054691 1.0000000180025095e-35 0.42470984160900122 48.220619201660163 58.578638076782234 0.4131507426500321 42.588071823120124 1.0000000180025095e-35 91.922958374023452 78.910301208496108 1.0000000180025095e-35 0.86455583572387706 1.0000000180025095e-35 30.877573013305668 43.256237030029304 0.63579535484313976 0.56718158721923839 0.93970835208892833 92.40384674072267 79.205974578857436 86.526824951171889 0.95007002353668224
decision_type=2 2 2 2 2 2 2 2 2 2 2 2 2 2 2 2 2 2 2 2 2 2 2 2 2 2 2 2 2 2 2 2 2 2
left_child=1 6 3 7 21 10 23 8 9 -2 14 20 15 -10 -6 -9 17 -5 -19 -4 -7 33 26 25 -8 -1 -23 -13 -24 -14 31 -26 -21 -3
right_child=2 4 19 16 5 11 24 12 13 -11 -12 27 29 -15 -16 -17 -18 18 -20 32 -22 22 28 -25 30 -27 -28 -29 -30 -31 -32 -33 -34 -35
leaf_value=0.25110514871591799 0.10869736712368483 -0.077806978507415678 0.080103305192576982 0.073494315005929831 0.074479540330296259 -0.050933204379485675 0.014583422349795712 0.15069663456036844 -0.012815693383456709 -0.0011716507472032316 -0.069421599127126726 0.1557653313010566 -0.058364304530644909 0.064432218154936757 -0.044371294078694827 -0.0044094937561393243 0.079839389403479927 -0.0059798575980516168 0.05988815016803533 0.016922803005577598 0.02683677728076404 -0.08541323303840874 0.12519645597531173 0.023068719502656685 0.09608424784251178 -0.041275548305305401 -0.015204108487212455 0.052395478158843281 -0.014452230748606038 0.096291652607707112 0.059477070591079394 -0.034449871669694203 0.065097343537673297 0.15440176799801572
leaf_weight=1.1993417171761382 35.232988733798265 1956.8861239841208 1494.8819927573204 144.57691079750657 23.499483323656023 37.446542682126164 249.23536162823439 8.5061405152082425 39.416687067598104 712.7557525774464 215.75261345040053 13.264035557396708 116.46522272098809 150.2451180908829 29.188851688057184 29.590439817868173 147.80157411843538 100.92967807874084 41.534332778304815 46.560663981363177 42.64805762656033 65.099807742983103 7.3627634011209038 36.009746396914124 6.105565530247989 132.38474462646991 29.637977591715753 30.310053995810449 14.949860159307717 3.5413578171282998 117.82468681223691 18.21282771602273 106.06377073936164 1.293995365500449
leaf_count=65 434 194027 72877 4662 479 1699 2920 63 564 8184 14945 255 2407 2866 2036 256 6823 1431 1157 826 571 3571 78 218 31 4865 974 605 176 46 3149 155 3300 18
internal_value=-0.000662948 -0.0537352 0.0499079 0.0203678 -0.0684933 -0.0296635 0.0111759 0.00626515 0.0129794 0.00400358 -0.0541006 0.0233806 -0.0335543 0.0483781 0.00863727 0.0302223 0.0559049 0.0435807 0.0132235 0.0773517 -0.00952294 -0.0758301 -0.0453247 -0.0255457 0.0270883 -0.0386505 -0.0634489 0.0838615 0.0316293 -0.0538005 0.0490146 -0.00167696 0.0504009 -0.0776535
internal_weight=6206.42 3028.31 3178.1 1530.6 2467.34 392.11 560.972 1095.75 937.651 747.989 268.441 123.669 158.103 189.662 52.6883 38.0966 434.842 287.041 142.464 1647.51 80.0946 2075.23 117.05 169.594 391.378 133.584 94.7378 43.5741 22.3126 120.007 142.143 24.3184 152.624 1958.18
internal_count=336733 230837 105896 28893 219434 20590 11403 14820 12048 8618 17460 3130 2772 3430 2515 319 14073 7250 2588 77003 2270 198844 4799 5148 6255 4930 4545 860 254 2453 3335 186 4126 194045
is_linear=0
shrinkage=0.08


Tree=45
num_leaves=35
num_cat=0
split_feature=5 2 2 5 4 10 12 5 12 5 5 4 12 6 14 18 5 18 4 10 1 0 0 0 6 8 2 18 6 6 1 4 0 6
split_gain=2357.49 390.805 262.952 134.23 146.282 78.6513 58.6584 54.972 36.6862 36.1797 33.8951 53.6613 32.6113 31.2323 30.5431 43.5979 30.1402 29.18 36.7574 26.0017 25.2 22.3047 20.789 19.3785 18.9646 17.3229 15.8929 15.3527 18.7572 15.1382 15.0603 14.8387 14.5846 40.0395
threshold=73.623714447021499 0.87446627020835888 0.71196657419204723 56.82439041137696 23.896820068359379 1.0000000180025095e-35 1.0000000180025095e-35 96.633934020996108 1.0000000180025095e-35 42.821605682373054 50.510257720947273 22.026123046875004 1.0000000180025095e-35 0.60914894938468944 1.0000000180025095e-35 1.0000000180025095e-35 50.110132217407234 1.0000000180025095e-35 53.528240203857429 1.0000000180025095e-35 55.625879287719734 59.870130538940437 51.649148941040046 68.13346099853517 0.8333338499069215 1.0000000180025095e-35 0.4131507426500321 1.0000000180025095e-35 0.76064607501029979 0.86888945102691661 39.314987182617195 74.007873535156264 7.4772884845733651 0.56147718429565441
decision_type=2 2 2 2 2 2 2 2 2 2 2 2 2 2 2 2 2 2 2 2 2 2 2 2 2 2 2 2 2 2 2 2 2 2
left_child=1 3 7 4 9 10 13 8 26 21 11 -3 -12 -5 22 -16 -7 18 -8 -4 -11 -1 -10 -14 -15 -13 -2 -18 -29 -19 -28 -21 33 -6
right_child=2 5 19 6 32 16 17 -9 14 20 12 25 23 24 15 -17 27 29 -20 31 -22 -23 -24 -25 -26 -27 30 28 -30 -31 -32 -33 -34 -35
leaf_value=-0.03088479628325147 0.071772306014875775 0.024872324827954932 0.079431183839797706 0.078140682149886273 0.10854065543537406 -0.069483384142145152 0.030671115270189581 0.059450916608134986 -0.028228416918186339 0.86064651822717841 0.092426622877901307 -0.075548810919461473 -0.079870977079280078 -0.017392744350301421 0.057434835723382552 -0.0036006153099856332 0.031988263081822975 -0.061227846436717165 -0.055496519101993165 0.0050242650505018084 0.098816324820615697 0.019960166706988764 0.03351590598598618 0.035582870285192011 0.071272170320366132 0.012361499390206568 0.0042820079845071468 -0.060569780602039158 0.099258214606458353 0.10601752732011049 0.067161782400219971 0.060731476383202705 -0.078262714268035993 -0.063326229861120242
leaf_weight=149.9637137632817 77.146983880549669 319.74289214145392 1455.8175300061703 40.258483220823109 9.5892914328724128 95.625688667409122 66.012191464193165 211.3615477271378 207.28873944282532 0.50716147385537513 74.981510857120156 52.431064606644213 11.580113715492187 98.82058787997812 120.7284173425287 197.31323252618313 40.142061822116375 222.38441693689674 60.926573517732322 43.79681390337646 0.61468086298555136 87.399139750748873 41.964716449379921 47.343398896045983 18.297768589109182 19.749347751960158 75.626944513991475 33.82196144759655 5.4577217828482381 3.5185490474104872 35.973345514386892 101.57689933665097 1760.3496875604615 91.017600710503757
leaf_count=5754 1561 4593 76601 496 355 8532 1809 6575 1911 22 2668 1205 152 1855 1339 1392 530 8866 1909 517 31 1967 552 1328 185 240 557 740 60 32 682 3685 193237 4724
internal_value=-0.00119831 -0.0458211 0.0563138 -0.0600657 -0.0690101 0.00721751 -0.0232615 0.0233833 0.0133002 -0.0100211 0.02268 0.0108077 0.0574287 0.0173544 0.00313526 0.0195684 -0.0392304 -0.0413773 -0.0106866 0.0762097 0.443224 -0.0121632 -0.017833 0.012893 -0.00354035 -0.0514956 0.0438517 -0.00280515 -0.0383625 -0.0586229 0.0245507 0.0439485 -0.0765696 -0.0469448
internal_weight=5879.13 3310.54 2568.6 2609.66 2099.44 700.876 510.219 967.404 756.042 238.485 525.828 391.923 133.905 157.377 567.295 318.042 175.047 352.842 126.939 1601.19 1.12184 237.363 249.253 58.9235 117.118 72.1804 188.747 79.4217 39.2797 225.903 111.6 145.374 1860.96 100.607
internal_count=336662 241290 95372 221242 206090 20048 15152 14569 7994 7774 10186 6038 4148 2536 5194 2731 9862 12616 3718 80803 53 7721 2463 1480 2040 1445 2800 1330 800 8898 1239 4202 198316 5079
is_linear=0
shrinkage=0.08


Tree=46
num_leaves=35
num_cat=0
split_feature=5 2 2 10 17 10 5 6 5 4 5 4 12 5 15 2 0 0 12 11 10 0 2 8 0 4 4 16 0 12 5 6 2 6
split_gain=2159.75 371.354 247.282 128.434 83.3861 65.7936 63.6966 55.9876 55.6689 40.4303 37.5278 55.4319 35.1079 33.5387 30.4676 34.7081 29.1943 28.5045 26.5148 20.6496 20.2282 17.6514 16.8769 16.159 15.1725 24.9475 14.788 13.9999 11.0635 9.68852 8.55876 8.53954 8.31428 8.16475
threshold=73.623714447021499 0.87446627020835888 0.7591443955898286 1.0000000180025095e-35 1.0000000180025095e-35 1.0000000180025095e-35 56.82439041137696 0.47142750024795538 96.633934020996108 50.802230834960945 49.130369186401374 22.026123046875004 1.0000000180025095e-35 44.392032623291023 1.0000000180025095e-35 0.46428650617599493 64.051280975341811 56.635221481323249 1.0000000180025095e-35 1.0000000180025095e-35 1.0000000180025095e-35 68.13346099853517 0.94737470149993908 1.0000000180025095e-35 10.62030076980591 35.323825836181648 46.190130233764656 1.0000000180025095e-35 76.253131866455092 1.0000000180025095e-35 81.106575012207045 0.73261633515357982 0.92000734806060802 0.76994219422340404
decision_type=2 2 2 2 2 2 2 2 2 2 2 2 2 2 2 2 2 2 2 2 2 2 2 2 2 2 2 2 2 2 2 2 2 2
left_child=1 3 8 4 6 10 7 -1 14 -8 11 27 32 -7 15 18 -6 -17 -2 -18 -4 -14 31 -13 25 -5 -10 -3 29 -22 -31 -15 -12 -26
right_child=2 5 20 24 16 13 9 -9 26 -11 12 23 21 22 -16 17 19 -19 -20 -21 28 -23 -24 -25 33 -27 -28 -29 -30 30 -32 -33 -34 -35
leaf_value=-0.019698651913095746 0.062120218746383085 0.0083627698044824554 0.079829945416090467 0.24281042924947907 -0.00090538973984315727 -0.076499235934692031 0.01870658178134902 -0.071573040573001623 -0.024743911520455006 -0.037755889567265638 0.13993973032318849 -0.083741437204889788 -0.069443894386818833 -0.050721247756578165 0.096541331966831748 -0.023031489278708683 0.052377355713822446 0.040711051240162055 0.015157241704661808 0.19396434785192779 0.082606168272678138 0.03616776856599449 0.032828166833408792 0.005576982554669244 -0.079088795727659408 -0.040021300587617797 0.065411334702046575 0.042419366217297444 0.061856499677530138 -0.067793917247815028 0.021606989452046865 0.038066995365600528 0.079501989093404751 -0.0012472890735891564
leaf_weight=171.29998429585248 98.052695140242577 180.59290691278875 1316.3994536977261 2.2355938535183695 63.887506515718997 73.127689924091101 119.09986375179142 598.01748893409967 12.335553877055643 254.82259510364383 20.431704026646912 46.126382964663208 12.715290511026977 41.172656263224781 28.052302174270153 226.81928564049304 23.52677265740931 55.979918213561177 357.34502329491079 9.1588049773126823 9.2517673969268781 49.780952662229538 42.790875654667616 18.030357882380486 1194.9896255154163 18.620274661108851 207.74280182644725 134.99788659252226 95.610101899132133 10.831380097195508 18.660780023783445 8.3364171441644412 50.756405123509467 8.6865244507789594
leaf_count=6135 1785 1237 75133 43 1309 7309 2808 60111 71 7227 311 1179 163 1944 313 2114 293 1208 3146 137 239 1358 575 220 142014 622 7581 3354 3452 103 343 79 2346 273
internal_value=-0.000721541 -0.0445456 0.0558002 -0.0589779 -0.0408275 0.00784566 -0.0468575 -0.0600224 0.0248945 -0.0197718 0.0219826 0.00914989 0.0584355 -0.0360306 0.0147088 0.0115991 0.0305562 -0.0104137 0.0252689 0.0920514 0.0768121 0.0146803 -0.00396793 -0.0586397 -0.0773549 -0.00970384 0.0603581 0.0229309 0.0472428 0.0111799 -0.0112267 -0.0357709 0.0968482 -0.078527
internal_weight=5580.29 3143.2 2437.08 2464.35 1239.81 678.86 1143.24 769.317 986.328 373.922 513.432 379.748 133.684 165.428 766.249 738.197 96.5731 282.799 455.398 32.6856 1450.75 62.4962 92.2999 64.1567 1224.53 20.8559 220.078 315.591 134.354 38.7439 29.4922 49.5091 71.1881 1203.68
internal_count=336535 241047 95488 220972 78020 20075 76281 66246 16218 10035 10168 5990 4178 9907 8566 8253 1739 3322 4931 430 79270 1521 2598 1399 142952 665 7652 4591 4137 685 446 2023 2657 142287
is_linear=0
shrinkage=0.08


Tree=47
num_leaves=35
num_cat=0
split_feature=5 2 1 5 10 4 4 6 6 5 16 11 10 8 0 5 6 1 17 6 17 6 1 5 1 6 0 15 3 3 0 1 0 16
split_gain=1889.25 369.323 243.176 139.287 97.9193 90.3756 51.9126 50.5906 42.7744 42.5164 36.7029 31.3696 21.5601 21.4768 21.2015 20.2939 26.0026 20.0291 29.0111 18.6083 18.5405 17.2644 16.897 15.2322 14.5772 48.6058 13.8791 18.2025 12.7509 34.6298 12.4371 11.6425 11.1766 10.6501
threshold=73.623714447021499 0.85475480556488048 74.133811950683608 55.362188339233406 1.0000000180025095e-35 1.0000000180025095e-35 82.505603790283217 0.63579535484313976 0.82234114408493053 51.442440032958991 1.0000000180025095e-35 1.5000000000000002 1.0000000180025095e-35 1.0000000180025095e-35 82.972846984863295 49.130369186401374 0.43859836459159857 13.873295783996584 1.0000000180025095e-35 0.79321691393852245 1.0000000180025095e-35 0.69889304041862499 54.261501312255866 56.82439041137696 7.2077922821044931 0.56147718429565441 59.870130538940437 1.0000000180025095e-35 12.97335195541382 42.488718032836921 55.488622665405281 88.303691864013686 23.629112243652347 1.0000000180025095e-35
decision_type=2 2 2 2 2 2 2 2 2 2 2 2 2 2 2 2 2 2 2 2 2 2 2 2 2 2 2 2 2 2 2 2 2 2
left_child=1 3 6 5 10 26 11 17 14 -6 19 13 -4 22 -9 16 -12 23 -19 21 -15 -3 -2 -5 25 -7 32 -28 -8 -30 -10 -14 -1 -11
right_child=2 4 12 7 9 24 28 8 30 33 15 -13 31 20 -16 -17 -18 18 -20 -21 -22 -23 -24 -25 -26 -27 27 -29 29 -31 -32 -33 -34 -35
leaf_value=0.2349871369438315 0.086579562707440647 0.0049901590625992713 0.079480406862955974 0.22273841127450589 -0.072038175393641546 0.12040046863084249 0.074831950328350078 -0.055527276101709079 0.0083160214216698412 -0.023518044749688487 0.045067571341718307 0.051674260376627847 -0.0078799079143594703 -0.0022286912828662375 0.118596128314538 0.083461277165373673 -0.046647070242583494 -0.024523584607462238 0.12593182355172311 0.091111978901927182 0.088817813535271864 -0.10497818764238746 -0.030498424173585739 0.034857712813073163 -0.077863022726430989 -0.066615690923279333 -0.0031589531485217721 0.11517007057062353 0.0072000165189132648 0.077029736576534336 0.10827243607650716 0.055932241212512536 -0.034539242936891007 0.034136322894422373
leaf_weight=0.99398032203316589 33.118086043745279 323.81506082136184 1212.1454195855185 2.8654582304880014 122.98747216397896 10.193203615024684 103.48132241889834 277.20571132609621 34.418357452377677 46.261234190315008 132.09082408621907 107.16222323291004 22.361078590154648 526.57150562666357 4.5488436240702859 69.027389914728701 23.26948253531009 95.878448475617915 8.9694755440577847 15.662614173255859 14.714436950162051 9.4021085025742632 10.356418300420044 76.280909365974367 1452.7395003344864 69.795908628031611 52.921950045973063 9.8721548318862897 97.702029908075929 84.989006095565856 10.366092078387735 100.72179331444204 105.05391446687281 36.83089735172689
leaf_count=25 480 4369 74224 104 13506 348 4253 12279 723 1272 3347 1571 399 4502 63 2957 267 4266 135 470 543 192 189 841 186010 4171 1277 71 1594 4181 118 3591 4075 476
internal_value=-0.000249107 -0.0422326 0.0540415 -0.0589172 0.00512493 -0.0699131 0.0237361 -0.0222687 -0.0411725 -0.0421706 0.0221268 0.0118834 0.076241 0.00459134 -0.0527161 0.0473675 0.0313308 0.0112802 -0.0116525 0.00589293 0.000246337 0.00188727 0.0586895 0.0416598 -0.0760323 -0.0427838 -0.0143632 0.0154441 0.0523945 0.0396852 0.0314526 0.0443392 -0.032013 0.00203747
internal_weight=5304.77 2991.45 2313.32 2212.1 779.347 1701.57 978.095 510.533 326.539 206.08 573.267 691.923 1335.23 584.76 281.755 224.388 155.36 183.994 104.848 348.88 541.286 333.217 43.4745 79.1464 1532.73 79.9891 168.842 62.7941 286.172 182.691 44.7844 123.083 106.048 83.0921
internal_count=336889 241362 95527 214506 26856 195977 17313 18529 13183 15254 11602 7285 78214 5714 12342 6571 3614 5346 4401 5031 5045 4561 669 945 190529 4519 5448 1348 10028 5775 841 3990 4100 1748
is_linear=0
shrinkage=0.08


Tree=48
num_leaves=35
num_cat=0
split_feature=5 0 1 10 10 5 6 5 12 12 8 5 5 5 17 14 6 1 15 5 1 2 3 0 3 13 10 2 3 6 6 5 1 2
split_gain=1732.94 305.57 252.223 128.291 82.6597 60.0964 81.0612 49.4881 50.5612 39.5178 38.4538 38.2422 36.3298 32.7934 25.2503 25.1486 24.1138 23.2671 19.4026 15.8494 14.8038 14.7356 13.9749 13.399 13.2607 13.0477 12.1626 11.8862 10.0298 9.94697 9.09862 11.1609 7.21984 5.9951
threshold=73.623714447021499 70.064933776855483 84.680576324462905 1.0000000180025095e-35 1.0000000180025095e-35 58.892297744750984 0.50548085570335399 96.633934020996108 1.0000000180025095e-35 1.0000000180025095e-35 1.0000000180025095e-35 1.0000000180025095e-35 50.920385360717781 43.256237030029304 1.0000000180025095e-35 1.0000000180025095e-35 0.65415573120117199 48.934240341186531 1.0000000180025095e-35 81.853973388671889 92.907444000244155 0.70652657747268688 9.6399536132812518 6.7231638431549081 87.026645660400405 1.0000000180025095e-35 1.0000000180025095e-35 0.91336831450462352 44.033897399902351 0.59640809893608104 0.62946256995201122 49.677366256713874 92.907444000244155 0.95352423191070568
decision_type=2 2 2 2 2 2 2 2 2 2 2 2 2 2 2 2 2 2 2 2 2 2 2 2 2 2 2 2 2 2 2 2 2 2
left_child=1 3 7 5 10 6 18 8 19 17 11 32 -6 -13 15 -10 -11 -7 -1 28 33 -12 30 -8 -24 -23 -4 -22 -2 -9 31 -5 -3 -14
right_child=2 4 26 22 12 9 23 29 14 16 21 13 20 -15 -16 -17 -18 -19 -20 -21 27 25 24 -25 -26 -27 -28 -29 -30 -31 -32 -33 -34 -35
leaf_value=-0.043462401425782941 0.00098621185687572345 0.0077520480629624036 0.080366596641021304 -0.081950991087612959 -0.071283188630437491 0.0097296606332679236 -0.037839976647496637 0.0036950709064811349 -0.017035173561146075 0.00064221806506957154 0.22153675083676674 -0.09050102209045674 -0.057968189060317692 0.011556549359904309 0.08678563923888144 0.015856572534839342 -0.053323322491918193 0.097708244573349701 0.00076742476447191064 0.061892896904874144 0.13614513691129987 0.069663062096044573 -0.07867097406429123 -0.072399769122120608 0.15733495455514049 -0.030678378086165359 0.051321555035208813 0.014334586696609353 0.066663504304131468 0.065318949890425027 -0.062378827000135577 0.10127534881169915 0.036001452475912465 0.075734455709105197
leaf_weight=97.15825492143631 58.4165392909199 86.512333519756794 1051.2314731031656 3.1044298410415667 100.46537650749087 89.987088277935982 84.463221590965986 18.48528978228569 284.97794323600829 94.430550931952894 3.7881600637920192 37.921615858096629 23.587920684833083 42.996776191052049 22.329452009871602 311.26623548287898 120.75990516040474 24.469809585250914 183.09897167608142 154.29615511279553 5.8484794655814758 95.083787561859936 1018.013616095297 478.79892988083884 1.525982801336794 9.0863303956575674 101.14853174053133 41.552214744500816 19.967999886721373 180.01114054396749 10.914447218645362 6.762321806512773 175.07916487008333 2.3611787259578696
leaf_count=6566 446 819 70471 160 12050 1319 4511 132 3948 2265 105 1521 1189 1136 989 2807 3844 308 1867 4828 72 3572 138754 56026 24 189 3721 435 612 7520 396 104 3823 21
internal_value=-0.00127585 -0.0426 0.0519764 -0.0565415 0.00683159 -0.038405 -0.0497241 0.0236093 0.0152216 -0.00944108 0.0249141 0.0117915 -0.0400319 -0.0362717 0.00326371 0.000135795 -0.029642 0.0285387 -0.014566 0.0470111 0.00277232 0.0665469 -0.076994 -0.0672174 -0.0783177 0.0609107 0.0778172 0.029364 0.0177171 0.0595801 -0.0120486 0.0436258 0.0266589 -0.0458022
internal_weight=5039.9 2837.77 2202.13 2213.49 624.283 1173.17 843.519 1049.75 851.254 329.647 450.468 342.51 173.815 80.9184 618.574 596.244 215.19 114.457 280.257 232.681 73.3498 107.958 1040.32 563.262 1019.54 104.17 1152.38 47.4007 78.3845 198.496 20.7812 9.86675 261.591 25.9491
internal_count=336550 241076 95474 216144 24932 76706 68970 21282 13630 7736 11165 7299 13767 2657 7744 6755 6109 1627 8433 5886 1717 3866 139438 60537 138778 3761 74192 507 1058 7652 660 264 4642 1210
is_linear=0
shrinkage=0.08


Tree=49
num_leaves=35
num_cat=0
split_feature=5 1 4 4 5 12 13 12 18 14 6 15 13 1 10 1 3 6 18 1 9 6 17 16 14 17 1 3 1 1 4 1 3 1
split_gain=1557.45 357.389 323.637 84.1837 80.2011 67.1268 65.2403 58.6203 35.8373 35.1327 34.9279 32.6889 27.1784 23.3867 21.3866 20.102 17.8814 17.5991 18.4006 16.5606 33.3784 25.5203 18.1809 15.705 14.9073 14.5081 20.7482 13.801 13.0937 17.4772 11.8065 11.5975 11.3392 23.2816
threshold=60.72363471984864 85.89511871337892 23.896820068359379 85.254531860351577 52.195329666137702 1.0000000180025095e-35 1.0000000180025095e-35 1.0000000180025095e-35 1.0000000180025095e-35 1.0000000180025095e-35 0.82751414179801952 1.0000000180025095e-35 1.0000000180025095e-35 14.907407283782961 1.0000000180025095e-35 91.715686798095717 4.8199768066406259 0.62222254276275646 1.0000000180025095e-35 91.010101318359389 1.0000000180025095e-35 0.59126198291778576 1.0000000180025095e-35 1.0000000180025095e-35 1.0000000180025095e-35 1.0000000180025095e-35 81.302967071533217 7.4772884845733651 92.40384674072267 77.871940612792983 44.492963790893562 91.476997375488295 60.660173416137702 14.907407283782961
decision_type=2 2 2 2 2 2 2 2 2 2 2 2 2 2 2 2 2 2 2 2 2 2 2 2 2 2 2 2 2 2 2 2 2 2
left_child=2 3 11 7 19 6 13 12 9 -9 -10 15 27 -6 -3 16 -1 18 -7 22 30 -22 -4 25 -14 26 -13 -2 29 -25 -21 -18 33 -5
right_child=1 14 4 32 5 17 -8 8 10 -11 -12 23 24 -15 -16 -17 31 -19 -20 20 21 -23 -24 28 -26 -27 -28 -29 -30 -31 -32 -33 -34 -35
leaf_value=0.35106792603901843 0.08359298651720859 0.078420636352183076 -0.077778153777341014 0.074793477403988715 0.18702459460418269 0.048007672132220958 -0.060696112643113843 -0.0085613852841722043 -0.026452496709450816 0.045168390782415579 0.034385193420957236 0.0027473903399016244 -0.050964821215286692 0.054791728201926723 0.044039268775209132 0.023780838781954743 -0.048244449183544244 -0.067450446977079859 -0.049535459722638051 -0.076480948802019666 0.14860563444796709 -0.027663310651701623 0.14431532853868559 0.10027616174750806 0.057044778886548471 -0.016161850245438911 0.066379437801850807 0.036653158787130283 0.052669807965425565 -0.047434418784432782 -0.0057060415972875044 -0.28239968801800031 0.080367393919715549 0.016656401450050869
leaf_weight=0.71100080013275047 50.307473439723253 1031.2960352068767 1268.9614745602012 84.001561425626278 10.379007847514002 19.293814140371978 34.28946394007653 172.41867418307811 457.27831912692636 142.05799713172019 69.586581810377538 114.22443488286808 31.568867392838001 48.840236787218601 130.43635235819966 32.961868771817535 93.827280928846449 160.02671136334538 34.525281564798206 96.194486796390265 8.7185811344534176 13.238757318817077 2.3633728278800836 6.8673116560094085 11.037482807412742 115.66621815925464 46.002981511410326 197.32396773155779 100.53993163397536 20.22496814886108 17.890385623089969 1.3735651224851597 81.396931241266429 92.771603419445455
leaf_count=8 921 72946 182993 3943 165 1165 2460 3276 7605 1371 1269 1474 583 2157 4166 395 5970 14247 2579 9230 137 222 103 48 143 777 525 3649 3181 165 1048 15 5421 2414
internal_value=-0.000958998 0.0418128 -0.049524 0.0144381 -0.0664411 -0.0294185 0.0271198 0.00503333 -0.00566122 0.0157099 -0.0184173 0.00496189 0.0360347 0.0779674 0.0745604 -0.0301153 -0.0486377 -0.0541411 -0.0145668 -0.0745265 -0.0479978 0.0423276 -0.0773653 0.0161645 -0.0229842 0.00542996 0.0210168 0.0461892 0.0393685 -0.00999296 -0.0653823 -0.0516229 0.0556597 0.0442828
internal_weight=4798.6 2551.48 2247.12 1389.75 1714.72 307.355 93.5087 1131.58 841.342 314.477 526.865 532.4 290.238 59.2192 1161.73 128.874 95.9118 213.846 53.8191 1407.37 136.042 21.9573 1271.32 403.526 42.6064 275.894 160.227 247.631 127.632 27.0923 114.085 95.2008 258.17 176.773
internal_count=336771 107707 229064 30595 216506 22773 4782 18817 13521 4647 8874 12558 5296 2322 77112 6388 5993 17991 3744 193733 10637 359 183096 6170 726 2776 1999 4570 3394 213 10278 5985 11778 6357
is_linear=0
shrinkage=0.08


Tree=50
num_leaves=35
num_cat=0
split_feature=5 1 4 5 4 12 13 12 5 0 2 10 6 5 1 3 3 18 17 17 12 2 3 6 1 1 15 11 6 0 4 18 2 1
split_gain=1404.35 321.559 272.636 104.659 81.6396 68.4843 56.5496 47.806 37.025 28.1333 23.2823 23.034 22.3366 22.0204 21.2244 20.7105 41.4638 19.4999 19.4307 18.0244 12.3385 12.0819 28.5302 11.1259 11.0275 10.8676 10.7856 10.7063 9.31786 8.49705 8.24253 12.111 7.31436 7.1101
threshold=62.149042129516609 88.303691864013686 1.0000000180025095e-35 52.737262725830085 85.254531860351577 1.0000000180025095e-35 1.0000000180025095e-35 1.0000000180025095e-35 80.123455047607436 77.849929809570327 0.91000398993492138 1.0000000180025095e-35 0.6024027168750764 41.56573677062989 95.040985107421889 51.66851997375489 25.15822792053223 1.0000000180025095e-35 1.0000000180025095e-35 1.0000000180025095e-35 1.0000000180025095e-35 0.67778688669204723 18.321678161621097 0.84718990325927745 7.2077922821044931 43.534002304077156 1.0000000180025095e-35 2.5000000000000004 0.7282359004020692 65.26175689697267 67.507961273193374 1.0000000180025095e-35 0.92000734806060802 91.010101318359389
decision_type=2 2 2 2 2 2 2 2 2 2 2 2 2 2 2 2 2 2 2 2 2 2 2 2 2 2 2 2 2 2 2 2 2 2
left_child=2 4 9 10 7 6 12 15 18 26 23 -3 -5 -12 19 16 -2 -10 -9 -7 -15 22 -6 24 -4 -24 29 -8 -16 -1 31 -13 -28 -34
right_child=1 11 3 5 21 14 27 8 17 -11 13 30 -14 20 28 -17 -18 -19 -20 -21 -22 -23 25 -25 -26 -27 32 -29 -30 -31 -32 -33 33 -35
leaf_value=-0.050255860355570774 0.05364379866423695 0.078557771628484971 -0.041963321715623329 0.13978329611515275 0.074325783425092759 -0.061061968895830217 -0.061732365301782707 -0.026146574316081014 0.032044434998198139 0.028480663965156767 -0.07038409270496486 0.042204248319579751 0.041805967004118136 0.052451593428997557 -0.0087934673084930966 0.071991472807368048 -0.018340044221320708 -0.0015703686779485315 0.12244417989417461 0.22873877273116094 -0.034920727672605921 0.078056136473702797 -0.010268927658813877 0.37633818864203356 -0.077547986433421548 0.061482403725924596 0.0017990576649702886 0.21068089312753446 0.10508292726300029 0.010809218239181514 0.055931153122580839 -0.0525185610029342 -0.14209664118070678 -0.014590399713549954
leaf_weight=61.405524033121765 116.02198318578303 934.66926975455135 58.462216214742512 20.924182434566319 84.373779291287065 183.67355442233384 33.632662490941584 339.92572455666959 174.02288455609232 191.59969381429255 47.966469816863537 26.109825016930699 51.653975171037018 20.926822620444 30.147632016334683 70.72773019131273 91.681960458867252 302.31547074858099 5.7271943958476177 1.3838875703513611 20.455191242974252 98.156101802363992 57.577168306335807 0.34827536158263583 1195.0105988238938 17.651725868694484 212.41713840514421 0.94940728321671386 5.4263552725315085 19.125802138820291 77.677280705422163 12.910282410681246 4.4889073222875577 7.4345260448753834
leaf_count=3871 1604 71673 3911 503 4050 16996 2282 7200 2014 4070 2734 317 1933 533 652 2811 898 3074 133 20 538 6887 1007 29 189767 625 1633 13 75 523 3503 155 29 97
internal_value=-0.00087125 0.0411572 -0.0475945 -0.0630603 0.0154443 -0.0225317 0.0299374 0.00595161 -0.00375298 0.00445837 -0.072951 0.0743737 0.0700527 -0.0334952 -0.0480158 0.0346017 0.0218696 0.0107103 -0.0236845 -0.0588948 0.00926332 0.0559703 0.0423875 -0.0757627 -0.0758883 0.00656682 -0.0106387 -0.0542536 0.00857692 -0.0357532 0.0408621 0.010864 -0.00162334 -0.0625937
internal_weight=4576.98 2409.55 2167.43 1670.96 1358.18 327.792 107.16 1100.42 821.991 496.472 1343.17 1051.37 72.5782 89.3485 220.631 278.432 207.704 476.338 345.653 185.057 41.382 257.759 159.603 1253.82 1253.47 75.2289 304.872 34.5821 35.574 80.5313 116.697 39.0201 224.341 11.9234
internal_count=336160 105951 230209 219986 30303 22474 4731 17734 12421 10223 197512 75648 2436 3805 17743 5313 2502 5088 7333 17016 1071 12569 5682 193707 193678 1632 6153 2295 727 4394 3975 472 1759 126
is_linear=0
shrinkage=0.08


Tree=51
num_leaves=35
num_cat=0
split_feature=5 10 1 2 5 2 9 18 2 4 14 1 4 10 3 9 11 0 4 16 18 0 5 5 10 4 13 4 4 14 18 4 0 3
split_gain=1260.1 250.113 239.471 171.707 63.7709 52.699 44.4818 49.8197 42.6952 38.9278 36.8094 33.9339 33.4969 25.3665 26.9726 24.7872 24.1984 22.071 26.7641 19.4913 19.3856 19.1854 19.0005 14.7677 13.925 13.486 12.454 12.1801 10.2107 14.1246 8.90164 10.478 8.75606 8.44992
threshold=73.623714447021499 1.0000000180025095e-35 82.807880401611342 0.73350545763969432 60.72363471984864 0.90737509727478038 1.0000000180025095e-35 1.0000000180025095e-35 0.8615492880344392 1.0000000180025095e-35 1.0000000180025095e-35 45.867485046386726 42.829349517822273 1.0000000180025095e-35 41.060766220092781 1.0000000180025095e-35 1.5000000000000002 9.1608390808105487 35.729484558105476 1.0000000180025095e-35 1.0000000180025095e-35 58.578638076782234 59.473320007324226 41.56573677062989 1.0000000180025095e-35 50.802230834960945 1.0000000180025095e-35 44.397953033447273 45.622552871704109 1.0000000180025095e-35 1.0000000180025095e-35 41.684398651123054 86.526824951171889 62.910053253173835
decision_type=2 2 2 2 2 2 2 2 2 2 2 2 2 2 2 2 2 2 2 2 2 2 2 2 2 2 2 2 2 2 2 2 2 2
left_child=1 3 8 4 17 22 9 26 10 19 13 15 -11 14 -2 -6 20 18 -1 -5 -12 -19 -3 -7 -4 -9 -8 -13 29 -24 31 -25 -26 -30
right_child=2 5 24 6 11 23 7 25 -10 12 16 27 -14 -15 -16 -17 -18 21 -20 -21 -22 -23 28 30 32 -27 -28 -29 33 -31 -32 -33 -34 -35
leaf_value=0.080422471080274144 -0.008266072054698979 -0.079243452622150878 0.07968595199047962 0.0018501404655712644 0.15658770188180346 -0.069025500447750077 0.096002942253151369 -0.077357332882721758 0.06977105162885211 -0.077090705201777271 0.048679629036863452 0.19196993684256827 0.0088643008559621522 -0.052724927680348421 0.040582005535924122 -0.023392164703820911 0.065697455716626746 -0.071889803555669943 -0.040732076005804842 0.040047605419533817 0.0082998177269811776 -0.017729345389214852 -0.039253407010680377 0.13636926390682721 0.011435747129205007 0.014655161599318144 -0.0040921627631625599 0.051457693947264613 -0.068396433684231747 0.12938709489044806 -0.021524097170245154 0.017246359848887702 0.064014342596401194 -0.0041494227408491449
leaf_weight=13.326448663137851 266.47367939725518 822.89468096802011 849.47988419514149 297.00644836388528 5.0140774119645348 20.56915561389178 83.07649924652651 15.090132903773336 98.93602648191154 65.899441653396934 109.24881516862661 4.8782893735915449 51.843858931213617 56.217082940042019 99.305487146601081 210.32960470952094 96.339393391273916 394.37126884516329 93.855477580800653 120.05702800862491 250.70223264954984 46.829146164935082 8.3414423968642932 5.7042255587875834 29.941461801528931 31.423785313032568 8.7978765135630947 20.709354757331312 49.235363104380667 5.1354857133701435 31.791830419097096 27.547898538410664 62.760628096759319 17.852202282752842
leaf_count=474 3052 145635 71376 2586 56 2623 3185 499 6140 4724 1621 55 1558 628 2742 5076 3110 54386 5839 3381 3194 4792 316 113 749 946 298 333 2335 74 856 497 3054 625
internal_value=-0.00084983 -0.0388568 0.047695 -0.0178432 -0.0431584 -0.0699288 0.0118385 0.0522644 0.0199488 0.00137774 0.0143364 -0.00885224 -0.0392436 -0.00269366 0.00499571 -0.0192015 0.0300866 -0.0582307 -0.0256683 0.0128458 0.0205555 -0.0661412 -0.0756134 -0.00994129 0.0764731 -0.0151957 0.0864178 0.0782464 -0.0385351 0.0250083 0.00874319 0.0376813 0.0470322 -0.0513001
internal_weight=4370.99 2451.58 1919.4 1462.51 789.314 989.072 673.195 138.388 977.223 534.807 878.287 240.931 117.743 421.996 365.779 215.344 456.29 548.382 107.182 417.063 359.951 441.2 903.459 85.6131 942.182 46.5139 91.8744 25.5876 80.5645 13.4769 65.044 33.2521 92.7021 67.0876
internal_count=336928 241262 95666 88188 71011 153074 17177 4928 20487 12249 14347 5520 6282 6422 5794 5132 7925 65491 6313 5967 4815 59178 148985 4089 75179 1445 3483 388 3350 390 1466 610 3803 2960
is_linear=0
shrinkage=0.08


Tree=52
num_leaves=35
num_cat=0
split_feature=5 1 2 10 16 2 5 5 17 10 12 2 0 15 5 8 18 4 4 4 6 1 15 6 4 1 2 5 4 0 1 6 18 5
split_gain=1112.86 240.349 218.688 135.275 52.7816 49.8489 69.0289 41.0289 29.9418 27.2533 26.354 24.9978 43.4613 24.8965 23.1188 21.9109 39.948 29.4809 20.9789 19.9662 17.2234 15.384 19.8616 14.0099 12.1423 11.8442 11.7291 11.353 11.1014 10.9589 11.0361 10.7626 8.30004 8.19818
threshold=76.220237731933608 89.725547790527358 0.71196657419204723 1.0000000180025095e-35 1.0000000180025095e-35 0.76346477866172802 56.82439041137696 96.633934020996108 1.0000000180025095e-35 1.0000000180025095e-35 1.0000000180025095e-35 0.89355900883674633 64.051280975341811 1.0000000180025095e-35 59.473320007324226 1.0000000180025095e-35 1.0000000180025095e-35 22.026123046875004 66.135383605957045 80.09216690063478 0.55174127221107494 92.907444000244155 1.0000000180025095e-35 0.60068076848983776 46.384283065795906 89.512962341308608 0.95605227351188671 81.106575012207045 40.68530464172364 10.62030076980591 39.314987182617195 0.57086554169654857 1.0000000180025095e-35 38.07201004028321
decision_type=2 2 2 2 2 2 2 2 2 2 2 2 2 2 2 2 2 2 2 2 2 2 2 2 2 2 2 2 2 2 2 2 2 2
left_child=1 3 7 5 8 6 20 10 21 -4 29 12 -10 -8 26 17 -17 -7 23 -20 -1 22 -3 -12 -9 27 -5 -11 31 -2 -31 -16 33 -6
right_child=2 4 9 14 32 15 13 24 11 25 18 -13 -14 -15 28 16 -18 -19 19 -21 -22 -23 -24 -25 -26 -27 -28 -29 -30 30 -32 -33 -34 -35
leaf_value=-0.035837428411738668 0.071729871677418094 -0.092027254871485026 0.078363910945204659 -0.078956419134359593 0.032621659255830986 0.0042175770240921668 -0.017351858254309915 -0.025429562331829754 -0.024832262724726478 -0.090705181402014001 -0.0093634884613302046 -0.051411465757088215 0.070982410716772901 0.16965553575594006 -0.0062396042415273781 0.095593216335314729 -0.043408185613874294 -0.064872637295750699 -0.038423632068794754 0.0097339425281510027 -0.071340659603435427 0.070523813333730298 0.061876298951917194 0.028720488521486343 0.059561008256381713 0.051483686688001282 0.16848115572753905 0.022022148682386927 -0.044057918419609592 0.0082095808272198544 0.070414035092370639 0.19264292107979969 0.023636350128251191 0.074133223896234723
leaf_weight=119.43239454505965 43.020407066680491 10.502395722083747 849.19206189922988 728.95367061998695 54.986710299737751 161.22096577845514 362.75797233823687 11.614554744213818 122.35035540536046 7.9662324078381088 99.47427766956389 103.4215466924943 40.270763596519828 4.6141297454014412 5.8202689560130221 35.199494428001344 21.203070050105453 52.364531478378922 135.52194654848427 92.848730769008398 326.57357305148616 40.084324017167091 10.974255525972694 163.31723454222083 145.90434050001204 70.889985861256719 1.2281347038224328 20.258908087387681 77.460122364573181 74.891164125874639 24.136828894726932 2.4849156644195318 89.871052990201861 68.228574001695961
leaf_count=12348 1390 582 75462 139396 1967 1333 10360 66 7149 96 661 2936 1092 54 174 903 540 3853 1093 1616 49490 1115 266 1212 6571 3353 23 537 3188 622 667 40 3425 3394
internal_value=-0.00107508 -0.0359273 0.0478253 -0.0493239 0.0111314 -0.0307952 -0.040682 0.0167576 -0.00902717 0.0737306 0.00766871 -0.0206612 -0.00110515 -0.0150031 -0.0739251 -0.00100974 0.0433393 -0.0127212 -0.00110826 -0.0188442 -0.0618335 0.0412508 -0.0133848 0.0143046 0.0532943 0.0340336 -0.0785402 -0.00979389 -0.0346334 0.0380169 0.0233711 0.0532662 0.0421237 0.0556081
internal_weight=4179.04 2440 1739.04 1899.31 540.69 1083.37 813.378 790.729 327.604 948.307 633.211 266.043 162.621 367.372 815.947 269.988 56.4026 213.585 491.162 228.371 446.006 61.561 21.4767 262.792 157.519 99.1151 730.182 28.2251 85.7653 142.048 99.028 8.30518 213.086 123.215
internal_count=336974 243628 93346 221702 21926 78881 72252 13898 13140 79448 7261 11177 8241 10414 142821 6629 1443 5186 4582 2709 61838 1963 848 1873 6637 3986 139419 633 3402 2679 1289 214 8786 5361
is_linear=0
shrinkage=0.08


Tree=53
num_leaves=35
num_cat=0
split_feature=5 10 1 0 0 5 6 0 5 4 12 5 4 10 5 12 8 5 6 0 4 0 6 11 13 5 5 16 6 0 6 6 6 5
split_gain=979.285 233.937 229.976 127.588 50.339 42.9841 45.7558 45.2812 37.1796 39.2499 32.0733 29.2432 26.6267 24.3092 23.73 23.657 21.5851 19.6315 18.9422 16.1379 15.2142 14.707 14.6088 12.0808 12.0766 10.8341 10.2865 9.80324 11.3211 8.04222 7.73572 6.96204 11.2707 6.80673
threshold=73.623714447021499 1.0000000180025095e-35 77.032970428466811 59.122919082641609 87.585617065429702 57.212205886840827 0.55514711141586315 6.7231638431549081 52.737262725830085 23.896820068359379 1.0000000180025095e-35 97.732414245605483 49.668815612792976 1.0000000180025095e-35 59.473320007324226 1.0000000180025095e-35 1.0000000180025095e-35 44.392032623291023 0.81611520051956188 46.894290924072273 44.397953033447273 45.773809432983406 0.63309633731842052 1.5000000000000002 1.0000000180025095e-35 28.292357444763187 81.853973388671889 1.0000000180025095e-35 0.72381538152694713 73.375530242919936 0.59553864598274242 0.76994219422340404 0.65873080492019664 61.374887466430671
decision_type=2 2 2 2 2 2 2 2 2 2 2 2 2 2 2 2 2 2 2 2 2 2 2 2 2 2 2 2 2 2 2 2 2 2
left_child=1 3 11 5 14 6 7 -1 9 25 33 15 19 -4 -3 26 21 -11 -14 -7 -13 -17 -12 -18 27 -5 30 28 -6 -15 -2 32 -16 -10
right_child=2 4 13 8 24 12 -8 -9 10 17 22 20 18 29 31 16 23 -19 -20 -21 -22 -23 -24 -25 -26 -27 -28 -29 -30 -31 -32 -33 -34 -35
leaf_value=0.15337791264068235 0.071921139288517427 -0.078050505373946047 0.078462617235589685 0.014598212544166196 -0.047768708224140866 0.012922967111447805 -0.069038154125176512 -0.028212447950553093 0.1372743351068125 -0.066983438545125382 0.066504456607494503 -0.048362689801330509 -0.038125033924981712 -0.010102471756302068 -0.011370557987177295 0.093004540378001682 -0.0069447129283418674 0.0083657844241702469 0.02845084377099364 0.13529490753095025 0.057796455466413217 -0.027679720609818898 -0.0097593541057084763 0.025776674215476986 -0.081817088578694949 0.24655511793474247 0.049301997813387434 0.05908384031906546 0.11738594751290471 0.047421957405115109 -0.00099202202109715978 0.025742987356248907 -0.072615765097401627 0.077691098683596999
leaf_weight=9.2273361887782794 11.054914727807043 724.61896805465221 758.32858784403652 348.56159618729725 14.988367664162071 90.181451949756593 312.49396027438343 184.7725258837454 19.491538777947426 65.665451616048813 24.858633386902511 9.2864810526370984 182.04317217413336 19.550181629136205 37.820476352237165 26.127389462664723 466.77693397924304 33.37851125234738 32.187140479683876 7.4682027813978484 124.1121061919257 8.5863438947126252 45.496315196622163 85.429063718765974 7.8975713406689456 1.2934973891824473 116.10285930987448 24.365762587636709 3.2285448294132939 76.101475530304015 59.086258638650179 10.921985910274087 39.122664424125105 33.123100815806538
leaf_count=273 147 147201 73293 6172 713 2018 48673 12095 545 5369 596 49 6477 360 1517 368 5301 1590 649 102 5761 236 1397 1699 834 21 3964 549 44 3598 735 168 1785 2143
internal_value=-0.000825937 -0.0357554 0.0438781 -0.0154463 -0.0684735 -0.0357055 -0.0500927 -0.0195754 0.0135456 0.00286932 0.0525191 0.0158152 -0.0123407 0.0736689 -0.0732896 0.00984696 0.00196406 -0.0415902 -0.0281223 0.0222819 0.0504062 0.0631536 0.0171871 -0.00188255 0.00904269 0.0154558 0.0346887 0.0258939 -0.0184987 0.0356646 0.0104998 -0.0340271 -0.0425114 0.0997642
internal_weight=4013.75 2253.21 1760.54 1390.24 862.964 818.374 506.494 194 571.869 448.899 122.97 906.562 311.88 853.98 812.484 773.164 586.92 99.044 214.23 97.6497 133.399 34.7137 70.3549 552.206 50.4802 349.855 186.244 42.5827 18.2169 95.6517 70.1412 87.8651 76.9431 52.6146
internal_count=336442 240931 95511 88120 152811 70287 61041 12368 17833 13152 4681 18260 9246 77251 150671 12450 7604 6959 7126 2120 5810 604 1993 7000 2140 6193 4846 1306 757 3958 882 3470 3302 2688
is_linear=0
shrinkage=0.08


Tree=54
num_leaves=35
num_cat=0
split_feature=5 1 10 0 0 12 13 0 8 12 6 5 6 17 5 12 5 5 3 18 10 5 6 3 0 18 6 11 3 0 6 6 0 3
split_gain=888.757 223.664 208.199 111.819 46.6636 35.9726 54.2789 54.513 35.4825 40.1492 34.9818 33.6565 33.1815 28.9413 27.7468 22.6219 20.8864 20.1324 17.1196 17.0469 15.5099 14.3745 13.8321 13.1637 12.2963 9.74363 11.3008 9.32451 8.57772 8.25743 7.06686 10.637 7.01474 6.96643
threshold=73.623714447021499 85.89511871337892 1.0000000180025095e-35 59.122919082641609 78.910301208496108 1.0000000180025095e-35 1.0000000180025095e-35 9.1608390808105487 1.0000000180025095e-35 1.0000000180025095e-35 0.59553864598274242 96.633934020996108 0.75102970004081737 1.0000000180025095e-35 58.892297744750984 1.0000000180025095e-35 44.392032623291023 59.473320007324226 23.166368484497074 1.0000000180025095e-35 1.0000000180025095e-35 43.645593643188484 0.64453122019767772 51.66851997375489 83.43881988525392 1.0000000180025095e-35 0.72381538152694713 3.5000000000000004 74.133811950683608 86.526824951171889 0.62946256995201122 0.76994219422340404 10.62030076980591 94.804317474365249
decision_type=2 2 2 2 2 2 2 2 2 2 2 2 2 2 2 2 2 2 2 2 2 2 2 2 2 2 2 2 2 2 2 2 2 2
left_child=2 11 3 5 17 6 7 -1 9 16 24 13 -12 15 28 23 -5 33 -17 -16 -3 -6 -13 -2 -10 -23 -27 -8 -7 -22 32 -32 -19 -4
right_child=1 20 4 8 21 14 27 -9 10 -11 12 22 -14 -15 19 18 -18 30 -20 -21 29 25 -24 -25 -26 26 -28 -29 -30 -31 31 -33 -34 -35
leaf_value=0.093978895892254721 0.019946787571620512 0.079336345962550819 -0.078588064139380104 0.0059924846230490648 -0.062373578347491486 -0.071354454156399488 -0.067285225731566797 -0.012646923402025414 0.17806936372874418 -0.064090797328303528 -0.011374898532760762 0.0038808613064908156 0.091624877081640049 0.082987633659691459 0.00084287407503568835 0.010276553303864273 0.097090742873008368 0.084903437131856788 -0.017916472362369155 -0.049180456051324165 0.0027350974740831626 0.047348190496633392 0.062581648271800475 0.073095694036065778 0.073503638756540854 -0.050589563192921433 0.073382466453087269 0.33813797847787941 0.21150100296896443 0.059061921381688087 -0.068245849918923282 0.023458089209438229 -0.021432005299512943 0.17856905868122677
leaf_weight=35.165471308864653 142.21491677779704 657.95075426250696 652.37348511256278 369.18527570040897 21.872017370536923 227.63449867768213 107.81687870016322 240.96242374647409 14.781711558811368 53.322013967204839 55.964990579523146 32.454492632299662 31.163579027634114 32.952008280903101 74.375341836363077 331.08654803410172 16.842095668427646 5.0216492228209999 236.17228362429887 105.36563683860004 24.168155621737242 27.887625694274902 123.27779256924987 37.738485455513 14.027530320920048 19.621678945608441 6.1906103915534905 0.36429558880627055 0.68823037622496386 53.595234368927777 43.98424925794825 9.9210575781762582 18.966220259666443 0.67490386962890525
leaf_count=640 2373 69845 144841 9161 3250 35988 14060 13529 363 3243 2153 304 1763 2298 1806 3029 577 46 3891 4117 646 569 7517 2557 558 695 85 3 63 3023 2309 150 841 5
internal_value=-0.00143371 0.0423381 -0.0354 -0.01616 -0.0675495 -0.0354509 -0.0178864 0.0009321 0.0113673 0.000978944 0.0507342 0.0163926 0.0254654 0.00961453 -0.0519929 0.00637878 0.00996704 -0.0737369 -0.00146132 -0.0284812 0.0753431 -0.00770362 0.0503484 0.0310928 0.127155 0.0145635 -0.0208571 -0.06592 -0.0705018 0.0415561 -0.0352937 -0.0513681 0.000828383 -0.0783223
internal_weight=3825.78 1671.61 2154.17 1347.66 806.513 792.373 384.309 276.128 555.287 439.349 115.938 935.897 87.1286 780.164 408.064 747.212 386.027 730.942 567.259 179.741 735.714 75.5719 155.732 179.953 28.8092 53.6999 25.8123 108.181 228.323 77.7634 77.8932 53.9053 23.9879 653.048
internal_count=336298 95483 240815 88024 152791 70206 28232 14169 17818 12981 4837 21969 3916 14148 41974 11850 9738 148192 6920 5923 73514 4599 7821 4930 921 1349 780 14063 36051 3669 3346 2459 887 144846
is_linear=0
shrinkage=0.08


Tree=55
num_leaves=35
num_cat=0
split_feature=5 10 2 2 5 5 6 6 5 16 2 1 10 10 14 1 18 0 1 8 6 18 18 14 6 6 3 5 1 11 0 5 6 14
split_gain=796.292 199.479 198.765 114.965 68.5675 57.4657 35.1926 28.1955 30.3647 27.4073 25.7461 40.1427 48.1215 25.7343 24.0333 27.5533 23.9089 21.9884 23.2814 20.3653 19.8265 17.1514 15.9123 15.3798 14.6927 12.6243 10.7847 9.84362 8.95642 8.16266 8.0913 7.94768 8.58816 7.92766
threshold=77.291824340820327 1.0000000180025095e-35 0.71196657419204723 0.76346477866172802 52.195329666137702 55.362188339233406 0.81611520051956188 0.54705888032913219 46.395877838134773 1.0000000180025095e-35 0.43934066593647009 44.552318572998054 1.0000000180025095e-35 1.0000000180025095e-35 1.0000000180025095e-35 47.478813171386726 1.0000000180025095e-35 78.629974365234389 10.128205299377443 1.0000000180025095e-35 0.78365594148635875 1.0000000180025095e-35 1.0000000180025095e-35 1.0000000180025095e-35 0.65307843685150158 0.76994219422340404 90.990257263183608 49.130369186401374 91.476997375488295 1.5000000000000002 86.526824951171889 81.106575012207045 0.67868709564208995 1.0000000180025095e-35
decision_type=2 2 2 2 2 2 2 2 2 2 2 2 2 2 2 2 2 2 2 2 2 2 2 2 2 2 2 2 2 2 2 2 2 2
left_child=1 3 10 5 26 7 9 8 -1 16 20 19 -13 -4 15 -7 -5 18 24 -12 21 33 -16 -21 -6 -20 -3 -11 -28 -23 31 32 -15 -2
right_child=2 4 13 6 17 14 -8 -9 -10 27 11 12 -14 30 22 -17 -18 -19 25 23 -22 29 -24 -25 -26 -27 28 -29 -30 -31 -32 -33 -34 -35
leaf_value=-0.033542924436601243 0.0013073276866246838 -0.079231764389144213 0.078462058351954758 0.013486754191229685 0.12692643030247144 -0.043090017491715454 0.086025254852740679 -0.070963524634197597 0.14861457940473213 0.023368331045488869 0.082876754508159151 0.062211289399250691 -0.067128043706387905 0.015943522873887953 0.040130950101638668 0.031753149361660536 -0.024374422346104201 0.023200328333823232 -0.058116947271126533 -0.026684377681328381 0.055901636909558912 -0.0013027232939477431 -0.0098481693474448736 -0.12417569792590918 -0.04035973101245996 0.025264614180405674 0.3162145177255084 0.068906518193367849 -0.024436629889999603 0.043039436352639147 0.055531708980902386 0.025929992781249141 -0.13538434577602662 0.057341082514222805
leaf_weight=113.93395553575829 20.605383942835033 572.92005155002698 669.8817039122805 231.18214412406087 8.3341910457238537 182.22377366945148 38.187278479803354 262.90852310927585 6.1740955077111712 133.44575460487977 10.305065228603778 86.417122300714254 23.393980446271598 4.9782716725021583 67.233776036649942 38.055622668471187 198.31687759095803 50.449493106920272 111.74753721663728 163.55881192814559 112.44455602392554 193.80070381611586 103.57755364663899 11.056236169300972 5.6301055396907023 12.969939803238956 0.50948363635689276 39.334410511888564 16.215270761400461 30.790386973880231 45.69870878290385 32.015823505818844 4.6346968077123165 74.892782058566809
leaf_count=11141 185 139703 74353 5100 128 9009 2649 48440 651 3681 101 3198 235 47 712 951 4116 869 10780 1733 4814 1553 2204 111 151 271 5 2530 1502 602 2873 963 71 1036
internal_value=-0.000799529 -0.0314236 0.0444484 -0.0135226 -0.0639392 -0.0342673 0.0115508 -0.0562927 -0.0241792 0.00682879 0.0145784 -0.00365622 0.034657 0.0731371 -0.0126966 -0.0301601 -0.00399527 -0.0220254 -0.0384776 -0.0264078 0.0270035 0.0168519 0.00982433 -0.0328573 0.0594802 -0.0494457 -0.0773832 0.0337354 -0.0140594 0.00477638 0.03229 0.00677598 -0.0570161 0.0452508
internal_weight=3677.82 2193.35 1484.47 1414.57 778.776 774.107 640.466 383.017 120.108 602.279 727.265 294.731 109.811 757.209 391.091 220.279 429.499 189.131 138.682 184.92 432.534 320.089 170.811 174.615 13.9643 124.717 589.645 172.78 16.7248 224.591 87.3275 41.6288 9.61297 95.4982
internal_count=336468 244593 91875 91184 153409 73108 18076 60232 11792 15427 13568 5378 3433 78307 12876 9960 9216 12199 11330 1945 8190 3376 2916 1844 279 11051 141210 6211 1507 2155 3954 1081 118 1221
is_linear=0
shrinkage=0.08


Tree=56
num_leaves=35
num_cat=0
split_feature=4 10 0 1 11 0 1 14 15 8 0 17 12 10 18 4 17 16 0 4 4 2 8 6 6 18 6 3 14 1 6 0 3 8
split_gain=653.784 265.302 116.231 96.1163 58.3365 49.2216 47.9476 46.474 55.0817 26.9275 24.4569 21.1737 19.9301 18.6293 16.702 15.469 14.3615 20.3273 12.6373 12.4067 11.153 10.9447 10.5323 10.1696 10.8004 9.80943 9.81293 9.7382 9.11937 8.19339 8.16123 7.84287 7.16701 7.01505
threshold=70.991119384765639 1.0000000180025095e-35 49.719100952148445 92.40384674072267 1.5000000000000002 78.629974365234389 24.068965911865238 1.0000000180025095e-35 1.0000000180025095e-35 1.0000000180025095e-35 20.204081535339359 1.0000000180025095e-35 1.0000000180025095e-35 1.0000000180025095e-35 1.0000000180025095e-35 85.254531860351577 1.0000000180025095e-35 1.0000000180025095e-35 69.309261322021499 58.853387832641609 60.567405700683601 0.7591443955898286 1.0000000180025095e-35 0.67283234000206005 0.76064607501029979 1.0000000180025095e-35 0.7462858557701112 44.033897399902351 1.0000000180025095e-35 90.595520019531264 0.89713951945304882 57.321428298950202 71.010189056396499 1.0000000180025095e-35
decision_type=2 2 2 2 2 2 2 2 2 2 2 2 2 2 2 2 2 2 2 2 2 2 2 2 2 2 2 2 2 2 2 2 2 2
left_child=1 3 10 4 7 6 19 8 -1 16 15 22 -9 -4 21 30 -5 -18 -16 -3 -8 -11 -12 27 -25 29 -27 -6 -24 -7 33 -15 -22 -2
right_child=2 5 13 9 23 25 20 12 -10 14 11 -13 -14 31 18 -17 17 -19 -20 -21 32 -23 28 24 -26 26 -28 -29 -30 -31 -32 -33 -34 -35
leaf_value=-0.045139039965183932 0.10112132290636323 0.048881062559421873 0.078248633776370632 0.072109172517355477 0.04788415552485932 -0.042296959830724998 -0.076128807647856706 0.035005130298865227 0.00072029018904322753 0.17838040034628985 0.067439459727758347 0.076561433369002091 -0.0076063985074361021 -0.044975904203538815 -0.080022185512707997 0.065586751028690035 -0.0062848925612534424 0.038238659744238242 0.042162455298661597 -0.048408990139282133 -0.046415784722938287 0.073641710196308663 -0.014160302306517731 -0.014688116035579972 0.065776325876020558 -0.049515606537618495 0.072021416953158793 0.13063165014742781 -0.098385986931452812 0.037998140235558336 0.078774400940457096 0.04412567883224093 0.04901464922900152 -3.6679856618525305e-05
leaf_weight=562.74993580044247 4.6771880853921166 26.497842282289639 595.78050824301317 27.464736397843808 49.411195866763592 10.428182959323747 607.01409202488139 87.301942944526672 238.73141662590206 7.0202099489979437 9.5812193434685451 18.496503127738833 359.61301019135863 6.9783875718712798 7.1779504874721196 73.712113508954644 164.95524279261008 108.98593905800954 22.089230304583907 12.274825230939312 31.27487312303856 70.584184465929866 140.75372382439673 30.468250014353544 16.434904593043029 33.496774854371324 4.8698046831414095 11.157659906428306 8.7380240205675346 36.95798529102467 11.427226058207451 67.26105226110667 6.0035199355334035 70.820633207447827
leaf_count=60049 148 1477 72016 554 1486 931 146047 3994 6361 153 179 1413 9476 129 161 4353 2519 4032 1556 169 903 5647 2094 884 366 2521 87 303 205 1450 382 3800 90 1079
internal_value=-0.000242455 -0.0219293 0.0542414 -0.00483744 -0.0150843 -0.0611487 -0.0683209 -0.0199531 -0.0314793 0.0291918 0.0160095 -0.00445202 0.000717488 0.0735397 0.0636947 0.0386279 0.0169579 0.0114285 0.0121959 0.0180805 -0.0735204 0.0831165 -0.013872 0.0414719 0.0135067 -0.00401886 -0.0340891 0.0631274 -0.0190834 0.0203278 0.0157669 0.0357503 -0.0310471 0.00623019
internal_weight=3541.19 2532.96 1008.23 1764.15 1355.87 768.818 683.065 1248.4 801.481 408.277 338.207 177.569 446.915 670.02 106.872 160.637 301.406 273.941 29.2672 38.7727 644.292 77.6044 159.073 107.472 46.9032 85.7527 38.3666 60.5689 149.492 47.3862 86.925 74.2394 37.2784 75.4978
internal_count=337014 251216 85798 97541 82919 153675 148686 79880 66410 14622 9853 3891 13470 75945 7517 5962 7105 6551 1717 1646 147040 5800 2478 3039 1250 4989 2608 1789 2299 2381 1609 3929 993 1227
is_linear=0
shrinkage=0.08


Tree=57
num_leaves=35
num_cat=0
split_feature=5 10 2 15 17 5 5 8 4 18 10 6 2 5 5 3 15 4 6 6 8 6 3 6 5 3 4 8 6 2 2 3 4 2
split_gain=644.318 188.587 171.017 86.4364 69.5306 60.2254 55.9059 32.6384 33.9142 28.6495 25.6361 24.6026 23.1545 21.54 21.4039 22.2968 24.8996 19.7962 20.4907 19.1668 18.7146 23.0641 16.1035 15.418 15.3252 25.2541 14.0044 13.3133 13.0844 9.40013 8.96489 7.68178 6.8323 6.27751
threshold=77.291824340820327 1.0000000180025095e-35 0.71196657419204723 1.0000000180025095e-35 1.0000000180025095e-35 51.66114807128907 53.528240203857429 1.0000000180025095e-35 1.0000000180025095e-35 1.0000000180025095e-35 1.0000000180025095e-35 0.83971107006073009 0.6297166943550111 43.256237030029304 98.598102569580092 23.845060348510746 1.0000000180025095e-35 36.40611648559571 0.75581637024879467 0.81611520051956188 1.0000000180025095e-35 0.63773187994956981 41.060766220092781 0.54604250192642223 54.583652496337898 27.334994316101078 46.384283065795906 1.0000000180025095e-35 0.90822467207908641 0.94737470149993908 0.75452139973640453 86.526824951171889 28.13657379150391 0.92595797777175914
decision_type=2 2 2 2 2 2 2 2 2 2 2 2 2 2 2 2 2 2 2 2 2 2 2 2 2 2 2 2 2 2 2 2 2 2
left_child=1 3 14 4 6 33 23 8 -5 12 -4 -8 -9 -10 15 27 22 24 29 -11 -6 -22 -17 -1 25 -7 -16 -2 -29 -19 -20 -12 -26 -3
right_child=2 5 10 7 20 17 11 9 13 19 31 -13 -14 -15 26 16 -18 18 30 -21 21 -23 -24 -25 32 -27 -28 28 -30 -31 -32 -33 -34 -35
leaf_value=-0.035097676216387326 0.090804575384986458 -0.079301972495418219 0.077143857691620146 0.014212526443043858 0.024625448664655929 0.98946852403531471 -0.021101865840128839 0.43058181729731315 -0.081235810774955827 -0.041601826673329775 0.004561427918802324 0.051424824532789057 0.076912815434108731 -0.0040646182621037344 -0.03359904244001382 -0.034153757879398686 0.075272528898597618 -0.051404927617349792 -0.030958110235935369 0.08766466184717947 0.22107208803460135 0.042445804962766703 0.013284212406198585 -0.071591705186776211 -0.050974472999271797 0.13666366815438497 0.057060555401339697 0.013259772084655397 0.073159530628750108 0.0023478247954285374 0.071006229548683714 0.053380213401333323 0.090306486047523449 -0.033515877886517297
leaf_weight=111.17149909795262 16.623136448673904 483.11740853893571 578.27251062588766 361.35994787700474 37.80662731686607 0.29687017388641723 382.9064010605216 1.2060077656060446 43.265607105568051 25.873769622296095 40.403727987781167 32.472646963316947 67.174289783462882 49.783288628328592 12.268251489847897 142.87454772088677 19.626287123188376 119.57074379571714 8.3114159493707138 10.248946126550434 8.3793944437056798 10.328536528162656 67.404840774834156 222.12955938512459 3.1671821214258653 0.88396520516835153 98.118807265534997 326.70302432682365 25.134643146768212 25.211772489361465 16.423293833620846 42.147166598588228 7.1052928646095097 19.95625285897404
leaf_count=11167 498 137820 74459 5530 833 7 16314 46 3775 947 1112 531 4153 1723 69 1185 318 11893 250 694 215 380 1362 44839 83 56 5539 3588 1087 301 364 2841 186 2149
internal_value=-0.000563729 -0.028968 0.0419138 -0.0117777 -0.0285555 -0.0632485 -0.0350145 0.0123932 0.00312223 0.0527059 0.0711904 -0.015432 0.0831504 -0.0399475 0.014617 0.00864577 -0.0109043 -0.0236708 -0.0305484 -0.00492559 0.0570094 0.122454 -0.0189476 -0.0594192 0.0781222 0.351065 0.0469848 0.0208443 0.0175389 -0.0420447 0.0367439 0.0294863 0.0467471 -0.0774857
internal_weight=3417.73 2048.15 1369.58 1364.11 805.195 684.044 748.68 558.912 454.409 104.503 660.823 415.379 68.3803 93.0489 708.754 598.366 229.906 180.971 169.517 36.1227 56.5146 18.7079 210.279 333.301 11.4533 1.18084 110.387 368.461 351.838 144.783 24.7347 82.5509 10.2725 503.074
internal_count=336314 244256 92058 91147 74279 153109 72851 16868 11028 5840 78412 16845 4199 5498 13646 8038 2865 13140 12808 1641 1428 595 2547 56006 332 63 5608 5173 4675 12194 614 3953 269 139969
is_linear=0
shrinkage=0.08


Tree=58
num_leaves=35
num_cat=0
split_feature=5 10 2 15 5 17 5 5 4 12 12 5 6 10 1 1 8 1 4 17 2 15 12 1 4 2 4 12 2 6 4 5 16 4
split_gain=561.397 170.444 164.077 85.6794 69.0931 54.386 56.3542 30.0966 44.286 30.7518 24.8337 23.1642 20.2668 20.0734 18.8147 18.4963 18.343 17.0944 18.7977 16.1817 15.2862 24.835 18.1803 14.4198 12.7982 12.2069 10.8509 9.3475 9.02476 8.65957 7.36334 7.91612 6.66327 6.46363
threshold=79.18729400634767 1.0000000180025095e-35 0.70938351750373851 1.0000000180025095e-35 52.195329666137702 1.0000000180025095e-35 56.82439041137696 47.83648872375489 25.074850082397464 1.0000000180025095e-35 1.0000000180025095e-35 97.883537292480483 0.64453122019767772 1.0000000180025095e-35 90.366767883300795 7.2077922821044931 1.0000000180025095e-35 18.350168228149418 45.476087570190437 1.0000000180025095e-35 0.4889191091060639 1.0000000180025095e-35 1.0000000180025095e-35 83.910789489746108 46.190130233764656 0.92595797777175914 23.896820068359379 1.0000000180025095e-35 0.66826397180557262 0.61432817578315746 75.620002746582045 81.106575012207045 1.0000000180025095e-35 36.40611648559571
decision_type=2 2 2 2 2 2 2 2 2 2 2 2 2 2 2 2 2 2 2 2 2 2 2 2 2 2 2 2 2 2 2 2 2 2
left_child=1 3 11 5 25 6 15 8 32 28 -8 16 -11 -4 17 -1 -2 18 -6 -19 22 -22 -18 29 -13 -3 -27 -16 -9 -7 31 -15 -5 -29
right_child=2 4 13 7 14 23 10 9 -10 12 -12 24 -14 30 27 -17 20 19 -20 -21 21 -23 -24 -25 -26 26 -28 33 -30 -31 -32 -33 -34 -35
leaf_value=-0.011515015304786769 0.069678407951924731 -0.079210213822848 0.077021938835247758 0.0065542833926118095 0.14857040995588786 0.25491523598179383 0.015126688341008575 0.32316464190075417 -0.059553050498911797 0.064586255084828612 -0.026636834440680719 -0.027399712721537878 -0.020823943032690036 -0.099482651206251757 0.056403262928498211 -0.063719025496177265 0.054387270651236594 -0.053896618904713353 -0.022380763626611962 0.17811319923848498 -0.027353770512970242 0.074570836423392572 0.0047471424469157563 0.03018506316246608 0.057203882326080285 0.46902435680284116 -0.023071675141900411 0.084487143418343985 0.084092160171519145 0.088615406408571587 0.048788403011387732 0.018369090655154109 0.030351654243702612 -0.019091567723604704
leaf_weight=50.720433803740889 28.09987901430577 451.27616011048667 527.56006250018254 254.70140216778964 6.1141853178851333 2.8408484114333969 137.3793233120814 1.0277656624093641 62.072708927094936 28.769926987588406 270.63101139897481 12.987290209159253 46.549398099537939 4.6397838452830937 23.802828429965302 302.47888523270376 56.392163189128041 102.63046913524158 12.600242703920228 1.9606911386363197 147.53915498265997 17.069965337403119 290.27510940376669 46.864814249798656 96.256140142213553 0.29090685117990034 20.207068685209379 4.3471796419471493 60.318622422870249 6.8027131175622344 51.130358676426113 17.059827678836882 106.91073279967532 34.112716946750879
leaf_count=4437 657 139150 73334 2367 75 79 2343 19 4696 907 8999 72 1944 68 534 57363 1509 10623 370 31 1745 273 3034 1173 5707 33 2130 55 4858 286 3414 282 3379 794
internal_value=-0.000772724 -0.0266818 0.0414493 -0.0106931 -0.060201 -0.0272059 -0.0328272 0.013404 0.00287403 0.0460486 -0.0125748 0.0135526 0.0118004 0.0715869 -0.0188462 -0.0562224 0.00674875 -0.0369474 0.0334706 -0.0495473 0.00329012 -0.0167842 0.0128221 0.048517 0.0471459 -0.0764676 -0.0160879 0.0170017 0.0880975 0.137605 0.032217 -0.00682982 0.01359 -0.00738391
internal_weight=3284.42 2035.41 1249.01 1378.07 657.342 817.718 761.21 560.351 423.685 136.666 408.01 648.62 75.3193 600.39 185.568 353.199 539.376 123.306 18.7144 104.591 511.276 164.609 346.667 56.5084 109.243 471.774 20.498 62.2627 61.3464 9.64356 72.83 21.6996 361.612 38.4599
internal_count=336740 246645 90095 92850 153795 74680 73142 18170 10442 7728 11342 12997 2851 77098 12482 61800 7218 11099 445 10654 6561 2018 4543 1538 5779 141313 2163 1383 4877 365 3764 350 5746 849
is_linear=0
shrinkage=0.08


Tree=59
num_leaves=35
num_cat=0
split_feature=5 1 4 5 6 17 11 6 10 4 3 12 18 3 5 18 14 15 1 17 3 12 1 1 6 1 12 5 6 5 12 5 9 16
split_gain=518.109 207.857 182.061 88.9346 48.9718 35.7909 33.7528 28.7244 23.481 22.5409 25.6025 18.8595 20.7667 18.1623 23.7555 22.2666 16.6009 11.3447 12.3686 11.4052 11.0925 10.507 10.3804 10.015 22.2821 8.30932 7.55549 8.70547 6.63941 6.59923 7.91423 6.40135 6.31611 6.12168
threshold=62.149042129516609 88.303691864013686 23.896820068359379 52.195329666137702 0.63579535484313976 1.0000000180025095e-35 1.5000000000000002 0.76994219422340404 1.0000000180025095e-35 84.866104125976577 24.316333770751957 1.0000000180025095e-35 1.0000000180025095e-35 69.631092071533217 41.56573677062989 1.0000000180025095e-35 1.0000000180025095e-35 1.0000000180025095e-35 92.718276977539077 1.0000000180025095e-35 42.179391860961921 1.0000000180025095e-35 6.2996032238006601 9.1966171264648455 0.47142750024795538 48.683298110961921 1.0000000180025095e-35 76.220237731933608 0.76525962352752697 98.441547393798842 1.0000000180025095e-35 62.977544784545906 1.0000000180025095e-35 1.0000000180025095e-35
decision_type=2 2 2 2 2 2 2 2 2 2 2 2 2 2 2 2 2 2 2 2 2 2 2 2 2 2 2 2 2 2 2 2 2 2
left_child=2 5 17 13 11 6 9 21 -3 10 -2 16 -13 23 32 -16 -5 18 19 22 -11 -6 -1 24 -4 -9 31 28 -28 30 -8 -10 -15 -19
right_child=1 8 3 4 7 -7 29 25 26 20 -12 12 -14 14 15 -17 -18 33 -20 -21 -22 -23 -24 -25 -26 -27 27 -29 -30 -31 -32 -33 -34 -35
leaf_value=0.1725986213475687 0.0094869921661434441 0.076168287913264979 0.44206555030026684 0.03319365051312359 -0.020353400441459439 0.086227952495256874 0.060210192962550604 -0.015942357903724086 -0.20627350226240551 0.017060058949983054 -0.018936707262598381 0.06233612870318752 -0.035275914122303811 -0.080139396225970758 0.047673778057081631 -0.054794512422495098 0.14129300347012805 0.005792642808617068 0.025439021679991302 0.33261339598625589 0.06968384126231357 -0.06945943589348802 -0.042256333594697319 -0.077815846072938899 -0.045231694624398473 0.083571078747930821 -0.054333617210504198 0.035610668522110388 0.06856802409156855 0.074278856015318653 0.019923565503182944 0.068264300481107792 0.00017520614568979252 0.028712395119269891
leaf_weight=1.4685375690460194 456.57361376145855 481.93225704971701 0.60874009365215798 24.568343510152772 38.971461969194934 38.233167528174818 45.964829122181982 9.1214776872657257 0.55376270972192543 76.710044058039784 364.91518230177462 22.412701976019889 36.9378569254186 62.886988430283964 28.21565204905346 26.152083266992122 14.43367361021228 263.48867181455716 30.275915754958987 0.53543055057525535 38.502815239597112 98.035920858150348 71.899585081730038 556.16619278048165 44.631859174696729 13.057362867053596 15.065947351977231 37.623169428668916 3.459038831293582 29.727398385759443 97.207824111450464 29.502436728216708 6.9603207502514115 104.02655760804191
leaf_count=21 5156 71468 23 1651 2899 3575 1688 793 10 2895 8537 1686 3969 12577 2157 3433 227 2791 395 4 3832 13021 5972 170237 4675 435 206 2091 63 2340 2392 1655 176 3447
internal_value=-6.23356e-05 0.0297139 -0.0351827 -0.054785 -0.0143975 0.0101252 0.00750298 -0.0418185 0.0692898 0.0015084 -0.00313916 0.0299839 0.00158557 -0.0691194 -0.04127 -0.00161574 0.0731985 0.00567461 -0.0176279 -0.035271 0.0346463 -0.0554913 -0.0379558 -0.0748715 -0.0386748 0.0426443 0.030835 0.0135067 -0.0313851 0.0399791 0.0328574 0.0632061 -0.072136 0.0122802
internal_weight=3170.83 1715.97 1454.86 983.161 257.539 1147.83 1109.6 159.186 568.137 936.702 821.489 98.3526 59.3506 725.622 124.215 54.3677 39.002 471.695 104.179 73.9036 115.213 137.007 73.3681 601.407 45.2406 22.1788 86.2044 56.1482 18.525 172.9 143.173 30.0562 69.8473 367.515
internal_count=336497 105908 230589 217959 24681 30415 26840 17148 75493 20420 13693 7533 5655 193278 18343 5590 1878 12630 6392 5997 6727 15920 5993 174935 4698 1228 4025 2360 269 6420 4080 1665 12753 6238
is_linear=0
shrinkage=0.08


Tree=60
num_leaves=35
num_cat=0
split_feature=5 0 4 5 12 11 11 10 17 3 8 10 2 5 4 18 0 2 5 5 1 6 10 12 1 3 0 0 6 2 0 5 12 2
split_gain=433.629 199.493 193.991 68.8202 45.1174 36.8383 25.1724 24.3721 23.7708 28.1394 30.3105 24.5769 22.6769 20.2277 16.6533 27.6092 14.6242 14.5982 14.4347 14.0133 15.9797 9.20548 8.44383 22.8837 8.33996 18.8576 8.09619 7.99721 17.3965 7.75951 7.62032 10.2476 9.93587 7.27906
threshold=60.72363471984864 71.010189056396499 23.896820068359379 50.757749557495124 1.0000000180025095e-35 1.5000000000000002 1.5000000000000002 1.0000000180025095e-35 1.0000000180025095e-35 25.15822792053223 1.0000000180025095e-35 1.0000000180025095e-35 0.62108692526817333 42.821605682373054 42.674797058105476 1.0000000180025095e-35 91.734970092773452 0.90737509727478038 41.56573677062989 77.291824340820327 99.462364196777358 0.6396811604499818 1.0000000180025095e-35 1.0000000180025095e-35 43.951219558715827 28.759398460388187 91.476997375488295 9.1608390808105487 0.57907161116600048 0.70938351750373851 81.705284118652358 84.650035858154311 1.0000000180025095e-35 0.99772727489471447
decision_type=2 2 2 2 2 2 2 2 2 2 2 2 2 2 2 2 2 2 2 2 2 2 2 2 2 2 2 2 2 2 2 2 2 2
left_child=2 5 13 17 6 8 12 30 9 10 -2 -11 -5 16 15 -6 26 27 -19 20 -10 -20 -15 -24 25 -7 -1 28 -4 -16 31 32 -3 -18
right_child=1 7 3 4 14 24 -8 -9 19 11 -12 -13 -14 22 29 -17 33 18 21 -21 -22 -23 23 -25 -26 -27 -28 -29 -30 -31 -32 -33 -34 -35
leaf_value=0.00024560554549164294 0.092042806967155555 0.070473629837136426 0.051026343531566626 -0.026379884413715176 0.10626797072330156 0.044542140901354665 0.16534004613175071 0.028531632638172016 0.1148205768427789 -0.0084148457944930293 0.005142779451424352 -0.05838796859937305 0.060510958656738688 0.16472385978389933 -0.069389127023636851 -0.075380135298934808 0.080110755003040421 -0.06838537009245961 0.044716956645232203 0.06889657378833694 -0.036122160733471791 -0.048262543944094322 1.0007150473862461 -0.081077940038399549 0.071544917514617945 -0.031850162356321376 -0.13966799279463393 -0.076171645330753379 -0.069990536485832811 -0.029092428934982185 0.078012904640796077 0.072380254880914999 -0.027091970791914624 0.023754767407346732
leaf_weight=353.4377022490371 27.085432223044336 11.090359867084773 10.206670280778779 41.89578952989541 11.314618611475453 116.85567496437579 7.6795860934071234 93.213014591019601 5.741700442973527 296.27742341393605 497.95807974739 79.989102769643068 35.520139096770436 1.5778873576782637 88.864317629253492 10.167287566699088 17.835194028913975 33.83836510963738 17.605734787881378 50.192305408418179 20.569485685322434 11.118500154232605 0.29306478262878943 0.2184156037401408 42.156175474170595 25.127862477209419 2.6668931543827048 545.19184913067147 29.7954858741723 46.630596000468358 382.98427779902704 49.317225314676762 16.799180722329766 82.603302487172186
leaf_count=9328 915 1018 610 4566 682 3675 250 4260 198 7507 7314 2792 1801 34 17808 1238 419 2933 721 5208 339 305 17 29 3627 449 30 177946 3717 3394 63246 7037 500 2678
internal_value=-0.000381725 0.0263028 -0.0343267 -0.0561109 -0.019717 0.00747486 0.0271917 0.0658349 0.0012934 -0.00234062 0.00962569 -0.0190384 0.0134876 0.00793843 -0.0451458 0.0202948 0.00680185 -0.0697116 -0.0329811 0.0441069 -0.00318302 0.0087267 0.256289 0.538761 0.0402995 0.0310224 -0.000802218 -0.0736384 -0.0391127 -0.055521 0.0733907 0.0504625 0.0117053 0.0337621
internal_weight=3063.82 1715.36 1348.46 889.829 242.072 1161.95 85.0955 553.404 977.814 901.31 525.044 376.267 77.4159 458.632 156.977 21.4819 456.543 647.757 62.5626 76.5035 26.3112 28.7242 2.08937 0.51148 184.14 141.984 356.105 585.194 40.0022 135.495 460.191 77.2068 27.8895 100.438
internal_count=336591 108085 228506 215971 29739 32024 6617 76061 24273 18528 8229 10299 6367 12535 23122 1920 12455 186232 3959 5745 537 1026 80 46 7751 4124 9358 182273 4327 21202 71801 8555 1518 3097
is_linear=0
shrinkage=0.08


Tree=61
num_leaves=35
num_cat=0
split_feature=4 10 3 1 11 0 1 13 12 8 17 16 4 8 1 0 13 1 10 4 4 3 3 18 17 4 18 13 16 4 4 3 4 4
split_gain=388.532 169.398 90.8801 53.1504 47.9363 41.7462 41.8272 32.0897 37.912 21.8937 17.4997 21.4712 16.0039 14.4321 14.2297 17.9515 14.1526 13.8046 11.4096 9.76091 9.34365 8.66433 11.0684 8.64852 7.42503 7.01409 6.7863 6.02827 5.81593 5.61336 6.1022 5.08772 4.60279 4.48216
threshold=74.007873535156264 1.0000000180025095e-35 58.578638076782234 92.907444000244155 1.5000000000000002 78.910301208496108 24.068965911865238 1.0000000180025095e-35 1.0000000180025095e-35 1.0000000180025095e-35 1.0000000180025095e-35 1.0000000180025095e-35 56.811456680297859 1.0000000180025095e-35 68.237251281738295 30.0684928894043 1.0000000180025095e-35 39.314987182617195 1.0000000180025095e-35 48.220619201660163 85.254531860351577 44.033897399902351 25.15822792053223 1.0000000180025095e-35 1.0000000180025095e-35 42.887798309326179 1.0000000180025095e-35 1.0000000180025095e-35 1.0000000180025095e-35 45.929470062255866 47.084966659545906 99.462364196777358 45.788761138916023 50.106382369995124
decision_type=2 2 2 2 2 2 2 2 2 2 2 2 2 2 2 2 2 2 2 2 2 2 2 2 2 2 2 2 2 2 2 2 2 2
left_child=1 3 13 4 7 6 19 8 -1 10 -5 -12 -8 -2 15 20 25 -17 -4 27 -15 22 -6 28 -14 -11 -23 -3 31 -25 -31 -7 -9 -18
right_child=2 5 18 9 21 23 12 32 -10 16 11 -13 24 14 -16 17 33 -19 -20 -21 -22 26 -24 29 -26 -27 -28 -29 -30 30 -32 -33 -34 -35
leaf_value=0.0063935174959855682 0.084800490745975662 0.085911946253579216 0.077843989610818079 0.077998771932337813 0.044189689741138086 0.020296327137057188 -0.074943481267955178 -0.078831485084572064 -0.024677070501747424 0.10807742332229328 -0.013064720583838148 0.034611409349811113 -0.044628802903730162 0.0012408578264811983 0.070058821403969435 -0.060850550093401651 -0.07934097365659501 0.0095137481421009983 0.037330388690902841 -0.013998651329373293 0.038041972263344243 0.12197199322498067 -0.021126567256005532 -0.078042595777027365 0.026257573438762009 0.052432444727610009 0.012565742987058093 -0.080540510128879084 0.052911747380547158 0.14096255760502002 -0.019576678592825081 -0.060513311329292149 -0.041874805659800306 0.081594265764966742
leaf_weight=397.87472066981718 17.899089118931442 12.9647557020653 380.66737289074808 22.706294587347656 69.502133581787348 16.030707320664082 413.6328770024702 51.401889301836491 682.42972623580135 18.315471438458189 161.8301857393235 96.508192121051252 48.224399558035657 93.025296770036221 23.566913782153279 39.040997340809554 6.1582160135731092 32.86635289574042 50.376183602958918 25.724215599009767 84.047697287984192 12.408684906316923 21.816386838210747 10.851341916946692 11.763932178728281 69.551798609551042 5.128042635973542 1.5600499727297581 21.447683854959905 1.6251752546522791 22.417299597524107 7.2374703651294103 37.161019406979904 1.3504295572638509
leaf_count=17776 941 677 68048 562 1405 1171 145103 11829 47418 1102 2555 4244 2176 1460 2378 448 145 1010 3676 674 4455 498 1140 1983 165 7681 185 329 736 70 488 528 3544 161
internal_value=-0.00127589 -0.0176721 0.0498024 -0.00451684 -0.0123003 -0.0543383 -0.0626896 -0.0170291 -0.0132338 0.0219035 0.0106641 0.00474578 -0.0693432 0.0152135 0.0106435 0.00501962 0.0550228 -0.0286895 0.0731092 0.0156047 0.0187085 0.0384761 0.0285854 -0.000432092 -0.0307277 0.0640313 0.0899797 0.068034 0.0228607 -0.0302814 -0.00872487 -0.00483918 -0.0633245 -0.0503968
internal_weight=2969.11 2247.62 721.49 1654.14 1277.72 593.48 513.87 1168.87 1080.3 376.421 281.045 258.338 473.621 290.446 272.547 248.98 95.3759 71.9074 431.044 40.249 177.073 108.855 91.3185 79.6097 59.9883 87.8673 17.5367 14.5248 44.7159 34.8938 24.0425 23.2682 88.5629 7.50865
internal_count=336761 254345 82416 100245 83795 154100 149124 80567 65194 16450 7361 6799 147444 10692 9751 7373 9089 1458 71724 1680 5915 3228 2545 4976 2341 8783 683 1006 2435 2541 558 1699 15373 306
is_linear=0
shrinkage=0.08


Tree=62
num_leaves=35
num_cat=0
split_feature=5 1 10 12 13 5 5 3 5 10 6 6 17 1 3 1 10 8 3 3 12 16 1 6 4 5 3 1 6 3 3 4 6 5
split_gain=346.673 146.089 123.312 67.085 68.3881 59.4292 42.9924 41.8465 40.6251 23.4444 22.1941 33.487 19.285 18.3209 15.633 25.6266 37.3403 13.236 13.0354 12.2945 11.9194 11.3683 10.7552 15.1049 14.1729 9.8544 10.1384 8.25539 7.24981 14.6439 9.95613 6.66942 6.11547 5.25169
threshold=77.291824340820327 74.133811950683608 1.0000000180025095e-35 1.0000000180025095e-35 1.0000000180025095e-35 51.442440032958991 44.392032623291023 48.834688186645515 56.82439041137696 1.0000000180025095e-35 0.82751414179801952 0.64363023638725292 1.0000000180025095e-35 10.128205299377443 23.845060348510746 39.314987182617195 1.0000000180025095e-35 1.0000000180025095e-35 28.759398460388187 90.990257263183608 1.0000000180025095e-35 1.0000000180025095e-35 10.128205299377443 0.76994219422340404 48.220619201660163 53.528240203857429 9.6399536132812518 91.476997375488295 0.60570147633552562 70.659969329833999 99.462364196777358 23.896820068359379 0.86888945102691661 81.853973388671889
decision_type=2 2 2 2 2 2 2 2 2 2 2 2 2 2 2 2 2 2 2 2 2 2 2 2 2 2 2 2 2 2 2 2 2 2
left_child=2 12 3 4 6 19 13 -8 28 -3 11 -10 14 -1 17 18 -17 -2 -16 -4 -19 22 24 -24 -7 -6 -27 -21 29 -5 -30 -29 -12 -11
right_child=1 9 5 8 25 21 7 -9 10 33 32 -13 -14 -15 15 16 -18 20 -20 27 -22 -23 23 -25 -26 26 -28 31 30 -31 -32 -33 -34 -35
leaf_value=0.18527234785234101 0.085934798692482314 0.076012393852455451 -0.078333282168665821 -0.063381360410720525 -0.07494142053898796 0.11229125751376806 0.018860730756716834 0.10149226458349477 0.0096693049155382044 -0.021951641165082424 0.029069819517004075 -0.048109722856473733 0.083446143044523441 0.00092859827916631982 -0.00305572643009001 0.047011954773457675 -0.061391352190293465 0.051037460095010145 -0.052386955696864225 0.30828702078753273 0.0089858037936704268 0.025029348425717548 -0.046485553297524976 0.045406937407597686 -0.042822478177146177 0.047219688478359688 -0.048677294040256343 0.30276729593586504 -0.071534501976272521 0.023594406846217643 -0.20402539559752622 -0.023295627895037609 0.11184354650475513 0.035217699470583057
leaf_weight=3.4752479528542599 17.136183660011739 387.08058507554233 334.12226766161621 52.915561936562881 65.170145709533244 7.6672027492895705 107.2691312849056 61.833404784323648 115.88257039431483 12.888373428955672 20.597428819630299 143.93434405839071 22.180415669921786 482.77648075670004 60.547935271635652 83.470450686756521 26.886974008753896 49.164144082926214 79.023727889638394 0.53477851767092666 351.98447776772082 33.379997015465051 99.546264553209767 12.935883149038998 7.4168357467278838 9.6861242619343084 25.981723420321941 0.41509247105568725 107.71566320769489 16.176524400245398 3.7565231006592503 12.24350976757705 7.9047947861254206 50.887280056253076
leaf_count=169 825 72161 138009 12260 14848 108 5132 4451 3322 420 744 6427 2740 16137 660 3278 340 1499 845 5 6000 691 12435 313 202 159 1589 24 24802 627 47 1460 427 3295
internal_value=-0.00104992 0.0331884 -0.0235929 -0.00984886 0.0048925 -0.0567204 0.0143296 0.0490755 -0.033623 0.0686075 -0.0149878 -0.0223393 0.0100583 0.00224611 0.00762229 -0.00820772 0.0206011 0.0170809 -0.0309865 -0.0753423 0.0141396 -0.016535 -0.0274111 -0.0359176 0.0360217 -0.0564399 -0.0226351 0.000403343 -0.0633791 -0.0430177 -0.0759993 -0.0126036 0.0520263 0.0236644
internal_weight=2874.59 1141.25 1733.34 1225.08 756.192 508.262 655.354 169.103 468.883 450.856 288.319 259.817 690.394 486.252 668.214 249.929 110.357 418.285 139.572 347.316 401.149 160.946 127.566 112.482 15.084 100.838 35.6678 13.1934 180.564 69.0921 111.472 12.6586 28.5022 63.7757
internal_count=336451 92063 244388 91141 42485 153247 25889 9583 48656 75876 10920 9749 16187 16306 13447 5123 3618 8324 1505 139498 7499 13749 13058 12748 310 16596 1748 1489 37736 12887 24849 1484 1171 3715
is_linear=0
shrinkage=0.08


Tree=63
num_leaves=35
num_cat=0
split_feature=5 0 4 5 6 10 2 11 18 6 4 6 4 0 0 3 5 5 5 3 6 3 0 2 14 9 5 0 6 1 6 2 10 1
split_gain=318.006 168.168 146.999 61.3823 48.6675 32.9972 31.8181 25.2141 23.3315 19.1907 24.6108 28.1856 24.9837 17.1574 13.4357 10.6908 12.6303 8.82508 14.9119 30.2197 9.71244 8.7633 20.9714 8.65933 15.5203 11.7794 8.4838 8.46398 11.2219 8.18696 20.0376 7.60716 7.57518 7.3981
threshold=60.72363471984864 68.801231384277358 23.896820068359379 48.376554489135749 0.57086554169654857 1.0000000180025095e-35 0.69109612703323375 1.5000000000000002 1.0000000180025095e-35 0.88023561239242565 52.839963912963874 0.61862373352050792 82.505603790283217 76.50690078735353 9.1608390808105487 80.206184387207045 41.56573677062989 97.732414245605483 97.309360504150405 26.36544227600098 0.68872883915901195 41.060766220092781 30.0684928894043 0.75452139973640453 1.0000000180025095e-35 1.0000000180025095e-35 41.686414718627937 9.1608390808105487 0.5921759605407716 31.662488937377933 0.43859836459159857 0.63805952668190014 1.0000000180025095e-35 79.205974578857436
decision_type=2 2 2 2 2 2 2 2 2 2 2 2 2 2 2 2 2 2 2 2 2 2 2 2 2 2 2 2 2 2 2 2 2 2
left_child=2 7 13 15 23 -3 14 9 -8 10 11 -2 -12 29 -6 27 -17 18 20 -20 -9 22 -11 24 -5 -25 -18 28 -4 30 -1 -31 -23 -15
right_child=1 5 3 4 6 -7 8 17 -10 21 12 -13 -14 33 -16 16 26 -19 19 -21 -22 32 -24 25 -26 -27 -28 -29 -30 31 -32 -33 -34 -35
leaf_value=0.51329564491509039 0.00083819015070494402 0.072614841807624592 0.029128514422402777 -0.031320698889898829 -0.017537170698980302 0.019717556399479263 0.042260586562248341 0.055485499709464869 -0.039099970391032704 0.040837939683311043 -0.019757733925766765 0.060691699952832634 0.03284083169845449 0.098115888247299415 -0.072701460216232999 -0.066016732116145102 0.32435939258438196 0.071666404279009041 0.081415623047052299 -0.62027690377481792 0.011003971797598877 0.082172319968304125 -0.06253169981832829 0.050111273219590025 0.099805796211483 0.21568267831354163 0.0096576492983132707 -0.076966539312219293 -0.071846612094968454 -0.045022935573156196 -0.0060717570300030492 -0.0046399464245454273 -0.023024077805462079 0.01987906181964532
leaf_weight=0.66249154461547677 197.47113028075546 384.37656647292897 11.495384258683773 10.862093303119764 38.047302479157224 93.912475261837244 45.334069222677499 50.628629667684436 44.898795905755833 53.132650920655578 488.73355841194279 67.587404247839004 65.545994746964425 8.1069494793191534 109.80990452854894 29.247650136239827 0.56651386385783808 32.044286279939115 0.92271448951214441 0.68397647561505437 82.785574802663177 28.607521617785096 16.449750822037458 6.1389998807571811 12.339912434574217 4.9814636562950909 16.998072390910238 414.32505420595407 18.19038819661364 33.91485042264685 1.6836325447075067 249.3461105634924 5.1732054371386758 168.73896889691241
leaf_count=22 2475 73154 786 1933 3125 4388 2339 765 4947 2001 9416 1492 3197 67 29959 3036 26 3376 78 72 3073 3864 347 304 346 134 941 165824 2653 3467 97 4704 213 4216
internal_value=-0.00118048 0.0226824 -0.0317089 -0.0532745 -0.0228214 0.0622284 -0.0356599 0.00532606 0.00177655 0.000148115 -0.00394974 0.0161003 -0.0135377 0.00388304 -0.0585063 -0.0701763 -0.0338142 0.0339238 0.0249665 -0.217298 0.027884 0.0326309 0.0164007 0.0662375 0.0384185 0.12428 0.0198078 -0.07401 -0.0327455 -0.00824233 0.140586 -0.009475 0.0660625 0.0234656
internal_weight=2793.74 1568.06 1225.69 763.236 272.413 478.289 238.09 1089.77 90.2329 922.701 819.338 265.059 554.28 462.453 147.857 490.823 46.8122 167.065 135.021 1.60669 133.414 103.363 69.5824 34.3225 23.202 11.1205 17.5646 444.011 29.6858 285.607 2.34612 283.261 33.7807 176.846
internal_count=336837 107911 228926 216353 43087 77542 40370 30369 7286 23005 16580 3967 12613 12573 33084 173266 4003 7364 3988 150 3838 6425 2348 2717 2279 438 967 169263 3439 8290 119 8171 4077 4283
is_linear=0
shrinkage=0.08


Tree=64
num_leaves=35
num_cat=0
split_feature=4 10 3 6 6 13 2 1 12 8 2 1 6 18 10 4 11 15 4 1 6 2 2 3 13 13 6 3 2 3 4 4 1 18
split_gain=258.665 147.291 90.8819 50.2972 51.915 36.1772 34.9549 35.707 30.5896 14.954 15.527 22.0791 15.81 13.4954 13.4794 13.1555 11.9896 9.71749 9.67987 8.57608 8.54043 8.1408 7.85499 7.8384 6.4927 6.45561 7.93413 6.43839 6.13964 5.50213 5.33344 9.69036 4.7445 4.1466
threshold=74.007873535156264 1.0000000180025095e-35 58.578638076782234 0.82234114408493053 0.69262680411338817 1.0000000180025095e-35 0.88867244124412548 24.068965911865238 1.0000000180025095e-35 1.0000000180025095e-35 0.40676510334014898 68.237251281738295 0.6868371069431306 1.0000000180025095e-35 1.0000000180025095e-35 79.377197265625014 2.5000000000000004 1.0000000180025095e-35 60.567405700683601 9.1966171264648455 0.86888945102691661 0.85270762443542492 0.69488087296485912 88.067794799804702 1.0000000180025095e-35 1.0000000180025095e-35 0.86888945102691661 94.201679229736342 1.0000000180025095e-35 97.01425933837892 45.476087570190437 45.176797866821296 60.943256378173835 1.0000000180025095e-35
decision_type=2 2 2 2 2 2 2 2 2 2 2 2 2 2 2 2 2 2 2 2 2 2 2 2 2 2 2 2 2 2 2 2 2 2
left_child=1 3 9 4 5 8 7 30 -1 -2 15 12 -12 21 -4 20 -7 25 23 -15 -11 -6 -20 -9 27 26 -5 32 -17 -29 31 -3 -8 -27
right_child=2 6 14 17 13 16 24 18 -10 10 11 -13 -14 19 -16 28 -18 -19 22 -21 -22 -23 -24 -25 -26 33 -28 29 -30 -31 -32 -33 -34 -35
leaf_value=0.01519858757974969 0.084980736879278762 0.037387382510254044 0.077363306681263191 0.025378339942338627 -0.033565287887468181 -0.059018681230818236 0.20640874457801375 -0.074307366172797845 -0.01014623292944445 -0.029739955299814672 0.077798594687511241 0.069944420889643352 -0.026670457301056653 -0.034718120933474032 0.030736065276908246 -0.019245475834120333 0.12973549844718435 0.089233404494016788 -0.063145500801512836 -0.084359636648998412 0.10055854208961447 0.038743014837342923 0.013295381943837168 0.1085816774233585 -0.065183848181722043 0.073027210925447616 0.081936223331239122 0.12030970743926883 0.061974687944848263 0.015891314712324328 -0.0086938433541935752 0.34151350244119966 -0.021486959657176223 -0.082059920268740316
leaf_weight=616.24801572528668 15.981692199129609 11.357281527249139 306.45921467058361 54.933913884218782 57.623359029414132 75.491548683494329 0.59205430210567911 337.35600620671175 602.98621346987784 24.741470444947485 9.9357563122175616 19.953295023646206 138.61345695471391 34.148406045511365 45.58195920009166 6.6889515197835854 2.2169865092728278 29.076243326766416 19.384946688311175 64.047249129042029 3.7010332187637678 12.048384871566666 15.468952065799384 1.5064932445529837 10.944747409317641 1.4571185775566835 22.325704558286816 3.6126580727286628 54.400811617262661 30.464018657803535 26.821456799516454 0.71259175916202444 46.7664096923545 4.5448418161831796
leaf_count=23657 947 754 68160 1692 2598 15251 13 144139 45696 318 92 2303 2593 761 3609 456 44 3998 736 4278 119 1342 308 86 2353 73 543 59 3832 1201 898 30 3492 163
internal_value=-0.000653918 -0.0142112 0.0444347 -0.00217114 -0.00612752 -0.000709152 -0.0518139 -0.0617731 0.00266402 0.00988613 0.00523506 -0.00906974 -0.019683 -0.0479898 0.0713261 0.0321571 -0.0536336 0.0494174 -0.0693651 -0.0670964 -0.0127851 -0.021061 -0.0292193 -0.0734943 -0.00733203 0.0355131 0.0417219 0.000443155 0.0530816 0.0269613 0.0111798 0.0553426 -0.0186379 -0.0444088
internal_weight=2708.19 2082.14 626.058 1577.15 1464.81 1296.94 504.988 412.608 1219.23 274.016 258.035 168.503 148.549 167.867 352.041 89.5323 77.7085 112.338 373.716 98.1957 28.4425 69.6717 34.8539 338.862 92.3799 83.2616 77.2596 81.4351 61.0898 34.0767 38.8913 12.0699 47.3585 6.00196
internal_count=336594 254165 82429 100096 93627 84648 154069 146951 69353 10660 9713 4988 2685 8979 71769 4725 15295 6469 145269 5039 437 3940 1044 144225 7118 2471 2235 4765 4288 1260 1682 784 3505 236
is_linear=0
shrinkage=0.08


Tree=65
num_leaves=35
num_cat=0
split_feature=6 10 1 0 16 1 18 3 9 3 12 13 10 0 17 2 6 2 11 2 15 1 1 2 2 0 1 0 13 2 2 6 6 6
split_gain=213.96 146.189 67.8205 60.0535 37.6257 34.2254 27.6411 25.5347 24.0168 23.505 55.4736 19.7795 17.0153 16.7749 16.2033 11.6616 10.8683 10.8333 8.77201 8.17188 7.22747 6.68986 10.1436 9.18236 6.57087 7.59517 6.41647 7.54501 5.9436 5.94021 5.62888 5.30852 5.13951 5.57446
threshold=0.79321691393852245 1.0000000180025095e-35 46.709957122802741 74.322341918945327 1.0000000180025095e-35 29.679679870605472 1.0000000180025095e-35 25.15822792053223 1.0000000180025095e-35 16.064516067504886 1.0000000180025095e-35 1.0000000180025095e-35 1.0000000180025095e-35 78.629974365234389 1.0000000180025095e-35 0.99772727489471447 0.49047842621803289 0.68968829512596141 2.5000000000000004 0.94737470149993908 1.0000000180025095e-35 79.205974578857436 83.484848022460952 0.77619683742523204 0.76346477866172802 30.0684928894043 83.484848022460952 82.426471710205092 1.0000000180025095e-35 0.33350533246994024 0.49187898635864263 0.87521871924400341 0.66351884603500377 0.66110166907310497
decision_type=2 2 2 2 2 2 2 2 2 2 2 2 2 2 2 2 2 2 2 2 2 2 2 2 2 2 2 2 2 2 2 2 2 2
left_child=1 3 7 6 5 32 11 29 21 10 -8 14 -4 19 -1 -15 -11 -14 -13 -7 24 23 -23 -5 25 -9 27 -6 -10 -2 31 -31 33 -3
right_child=2 4 12 8 26 13 9 20 28 16 -12 18 17 15 -16 -17 -18 -19 -20 -21 -22 22 -24 -25 -26 -27 -28 -29 -30 30 -32 -33 -34 -35
leaf_value=0.0032384050668357325 -0.020703013069942235 0.026084856392123074 0.078231717960504682 0.2878491170834207 -0.04932486954343724 -0.07062744539905827 0.077244656249160493 -0.002963876008836261 0.063818172184136157 -0.013938904745537512 -0.016793126475071262 -0.062793137386242009 -0.080540586517372573 0.013553373437774777 0.042510911359095307 -0.082046671647159258 -0.042507302423256836 0.039885194886824814 0.13816959847395552 0.10342085741121315 0.10714226773928032 -0.037936579905194667 0.017563471545581952 0.049493543924190038 0.08350812778209693 -0.053220168404490106 0.02341548305750767 -0.66812743266938401 -0.013053118026168389 0.030631666897998611 -0.0065584727382988822 0.067756751861147477 -0.021521249213812967 0.31053535060105647
leaf_weight=481.50546949380077 11.493142024148254 25.889497997704897 262.65216559777036 1.1180416319984932 6.2729194954736149 352.65178085258231 47.573261255631223 33.907302075764164 109.31582202482969 133.75416151783429 257.21723513351753 32.470197255257517 5.391806556377559 27.671550504048355 78.149065914447419 11.585239681182427 234.89872266328894 42.190371311269701 1.4522818573750544 1.7349773030728091 2.6612023287452748 23.351079548243433 216.31316201551817 13.824751792009918 3.3143964302726081 44.509461356559768 48.839174624416046 0.12869308213703323 6.8400554531253865 58.249458607519045 14.753652891376985 42.734576071146876 21.89646035246551 0.4485695487819602
leaf_count=31650 534 1536 56247 138 1575 144333 2074 744 19150 3896 6310 6360 128 2806 2566 1008 32838 3048 26 40 44 504 8793 288 317 1044 2434 13 466 1909 343 2659 828 49
internal_value=0.000518801 -0.0107057 0.0464379 0.000827777 -0.0487034 -0.0564852 -0.00745903 0.0115192 0.0291466 -0.0185524 -0.00211523 0.00512697 0.0702573 -0.0642788 0.00872234 -0.0146596 -0.0321422 0.0262391 -0.0541896 -0.0697754 -0.0226015 0.015394 0.012156 0.0673277 -0.026826 -0.0314894 0.0135443 -0.0617648 0.0592915 0.0341515 0.0395988 0.0463423 0.00711899 0.0309294
internal_weight=2656.76 2134.9 521.858 1637.78 497.119 441.878 1267.02 211.623 370.763 673.443 304.79 593.577 310.234 393.644 559.655 39.2568 368.653 47.5822 33.9225 354.387 84.3924 254.607 239.664 14.9428 81.7312 78.4168 55.2408 6.40161 116.156 127.231 115.738 100.984 48.2345 26.3381
internal_count=336698 269681 67017 115059 154622 150600 85720 7594 29339 45118 8384 40602 59423 148187 34216 3814 36734 3176 6386 144373 2149 9723 9297 426 2105 1788 4022 1588 19616 5445 4911 4568 2413 1585
is_linear=0
shrinkage=0.08


Tree=66
num_leaves=35
num_cat=0
split_feature=5 0 4 5 6 9 5 12 18 14 12 13 18 6 0 0 2 12 0 6 0 18 0 14 0 9 0 3 5 6 3 0 12 2
split_gain=244.906 140.798 135.071 38.291 43.3361 25.3148 23.321 29.4262 28.3945 30.9334 21.8296 24.1583 18.6672 18.1534 17.1384 23.008 16.7286 19.2703 14.46 11.5101 10.1281 9.60013 9.01887 8.50002 8.02935 7.80705 7.29027 7.1717 10.6048 14.8457 6.72729 6.5788 7.80448 6.53742
threshold=58.892297744750984 70.659969329833999 23.896820068359379 45.354831695556648 0.58874645829200756 1.0000000180025095e-35 97.732414245605483 1.0000000180025095e-35 1.0000000180025095e-35 1.0000000180025095e-35 1.0000000180025095e-35 1.0000000180025095e-35 1.0000000180025095e-35 0.83971107006073009 49.719100952148445 10.62030076980591 0.70938351750373851 1.0000000180025095e-35 91.734970092773452 0.65307843685150158 87.226108551025405 1.0000000180025095e-35 23.629112243652347 1.0000000180025095e-35 91.476997375488295 1.0000000180025095e-35 79.743591308593764 86.526824951171889 39.700269699096687 0.55607405304908764 81.661396026611342 9.1608390808105487 1.0000000180025095e-35 0.99772727489471447
decision_type=2 2 2 2 2 2 2 2 2 2 2 2 2 2 2 2 2 2 2 2 2 2 2 2 2 2 2 2 2 2 2 2 2 2
left_child=2 6 18 27 10 20 7 14 9 -9 11 -5 -12 -10 15 -2 26 -18 22 -8 30 -16 23 -1 25 -24 -6 31 -29 -30 -3 32 -4 -20
right_child=1 5 3 4 16 -7 19 8 13 -11 12 -13 -14 -15 21 -17 17 -19 33 -21 -22 -23 24 -25 -26 -27 -28 28 29 -31 -32 -33 -34 -35
leaf_value=-0.029944349864308679 0.057413708423492207 0.023654594723389235 0.034096823715919607 0.14940915877081876 -0.063926553669130567 0.074205977533757475 -4.5631163643354209e-05 -0.011653933511859471 -0.025715599639695053 0.040667687859653738 0.072149529964381259 -0.059877753683160499 -0.058593213119800966 0.020979437844882765 0.084917277110360012 -0.00078704020732446285 0.035022670167749077 -0.047017517977180623 0.07828511304330163 0.058372564918116807 0.049923206885565119 -0.0173554159357385 -0.0049666864576616791 0.22290141542548217 -0.14533115964998314 0.16206964989777664 0.2174775288467275 -0.072440835969778877 0.20699571415816398 -0.018959991732079105 -0.037626393834048359 -0.07734761904141689 -0.06847484883509504 0.021916238040975356
leaf_weight=1.4081096914596849 59.743450502399355 37.221706693759188 7.5533429926726976 15.341699399636129 141.38763346592896 272.2368645016104 30.579963303171098 155.17667147796601 389.69154166197404 135.43583713960834 11.505706162890421 4.5847865468822411 17.804507181281224 61.723837431520224 38.20293050352484 159.60505310911685 29.021536847343668 49.710254537640139 15.91307428665459 73.388037035707384 77.821114141028374 6.9413462097290894 350.5755272868555 2.1504113471601158 2.5957893207669249 1.7999872916843731 0.59166560834273596 17.563279545167465 2.3214968743268392 9.3805254892213252 16.56808955874294 309.67409122083336 12.780631394125521 76.322150102816522
leaf_count=73 1666 1501 668 1340 44219 65460 312 4483 9483 2126 1490 1417 4114 1941 2979 2887 2030 6435 441 8186 8739 410 9112 30 29 119 23 1451 82 430 936 148330 1549 2712
internal_value=-0.000928713 0.0198288 -0.0300346 -0.0539807 -0.0312135 0.0602795 0.00511826 0.00139224 -0.00677438 0.0127298 0.0366509 0.101255 -0.00727023 -0.0193308 0.0243035 0.015065 -0.0463529 -0.0167765 0.00339177 0.0411901 0.0314727 0.0691919 -0.00387572 0.12285 -0.00514612 -0.00411344 -0.0627539 -0.0710873 -0.0331318 0.0258661 0.0047791 -0.0744532 -0.0303731 0.0316414
internal_weight=2594.32 1514.34 1079.99 629.221 269.948 403.848 1110.49 1006.52 742.028 290.613 49.2367 19.9265 29.3102 451.415 264.493 219.349 220.711 78.7318 450.765 103.968 131.611 45.1443 358.53 3.55852 354.971 352.376 141.979 359.273 29.2653 11.702 53.7898 330.008 20.334 92.2352
internal_count=337203 111109 226094 213578 61068 76636 34473 25975 18033 6609 8361 2757 5604 11424 7942 4553 52707 8465 12516 8498 11176 3389 9363 103 9260 9231 44242 152510 1963 512 2437 150547 2217 3153
is_linear=0
shrinkage=0.08


Tree=67
num_leaves=35
num_cat=0
split_feature=5 4 1 17 2 15 9 10 5 4 2 1 18 12 5 2 5 1 17 16 15 5 12 5 11 1 3 5 2 12 5 5 4 1
split_gain=219.643 138.386 133.323 34.8408 29.988 52.4858 30.3606 27.0808 22.3675 23.4456 19.1828 21.5312 18.886 28.2098 18.3025 16.4718 12.1415 9.47787 11.6301 12.8029 9.67767 9.27979 14.1177 9.07104 19.6201 7.38983 7.22243 9.11799 6.98475 6.51165 6.23018 7.15875 5.47966 5.29802
threshold=55.013227462768562 23.896820068359379 89.725547790527358 1.0000000180025095e-35 0.40056291222572332 1.0000000180025095e-35 1.0000000180025095e-35 1.0000000180025095e-35 45.354831695556648 36.07402420043946 0.7190203368663789 52.128622055053718 1.0000000180025095e-35 1.0000000180025095e-35 63.869945526123054 0.36064359545707708 38.07201004028321 92.907444000244155 1.0000000180025095e-35 1.0000000180025095e-35 1.0000000180025095e-35 68.438713073730483 1.0000000180025095e-35 49.130369186401374 1.0000000180025095e-35 85.145786285400405 81.302967071533217 41.56573677062989 0.83592453598976146 1.0000000180025095e-35 95.896026611328139 94.925979614257827 41.943349838256843 80.277778625488295
decision_type=2 2 2 2 2 2 2 2 2 2 2 2 2 2 2 2 2 2 2 2 2 2 2 2 2 2 2 2 2 2 2 2 2 2
left_child=1 16 3 4 12 14 -7 21 26 23 -11 -12 15 -14 -6 -2 17 20 -19 -20 25 22 -4 24 -10 -1 -3 -28 -24 -9 31 -31 -29 -22
right_child=2 8 7 -5 5 6 -8 29 9 10 11 -13 13 -15 -16 -17 -18 18 19 -21 33 -23 28 -25 -26 -27 27 32 -30 30 -32 -33 -34 -35
leaf_value=-0.023498378849824454 -0.0073433521454963763 -0.074962426517837119 0.10477921045225093 0.093282138209008714 -0.053723530612362826 -0.0037158886523875265 0.075252660374944921 0.051288687839693634 -0.056176481096846836 -0.060758780401265755 0.26663997410221302 -0.013320087461356244 0.068937816919570016 -0.0018858591760007521 -0.01289865924746556 0.054619021315127192 0.19428713971608169 0.07896362457683305 -0.0063594717372503756 0.036476680481198426 -0.0069706769969667317 0.076100149794694802 0.083744314952609256 0.034816665213894857 0.39027333207850123 -0.094142134025331822 -0.062718941897757438 0.08920108891306977 -0.027271643332156904 9.8646734673928915e-05 0.080952936053656985 -0.2043276260094386 -0.02958192363831735 0.02840788288996662
leaf_weight=58.860309360548854 35.47052489197813 300.02276008587796 11.244557792786507 27.840178536833264 83.10403812257573 58.543522630934604 66.612298675114289 28.657150742132217 1.0049845774192356 115.5099740907317 1.813779117190278 57.325132942409255 41.106618555495515 289.36077929683961 455.49173402274027 121.54775811708532 2.0949672635179004 15.953672796254976 133.28053169231862 67.154081988381222 122.35649524163455 259.37195926066488 4.5404503815807429 4.1121123596094549 1.6883899334352461 11.295587043045087 24.011488377116621 4.8530638574156892 18.03114677965641 50.851857069414109 6.1321264049038282 1.1204933831468213 5.0950811490183696 34.79375017946586
leaf_count=5735 769 148617 1244 3716 11609 2410 6387 1675 338 43220 135 7508 1152 6055 9953 2588 75 381 1090 3089 1522 69271 65 335 203 185 2745 247 632 1931 603 101 315 416
internal_value=-0.000413865 -0.0304913 0.0181305 0.00485022 0.00271168 -0.00835352 0.0383139 0.0593426 -0.0587206 -0.0361113 -0.0417878 -0.00473377 0.0177779 0.00692385 -0.0191978 0.0406217 0.00214843 0.00124122 0.0132249 0.00799245 -0.0101669 0.0709611 0.0315439 0.109566 0.223689 -0.0348725 -0.0710044 -0.0360369 -0.00493993 0.0200811 0.00468952 -0.00430866 0.0283647 0.000862291
internal_weight=2520.25 961.226 1559.03 1179.08 1151.24 663.752 125.156 379.95 515.437 181.454 174.649 59.1389 487.486 330.467 538.596 157.018 445.789 443.694 216.388 200.435 227.306 293.188 33.8162 6.80549 2.69337 70.1559 333.982 33.9596 22.5716 86.7616 58.1045 51.9724 9.94815 157.15
internal_count=336317 216156 120161 44639 40923 30359 8797 75522 203663 51739 50863 7643 10564 7207 21562 3357 12493 12418 4560 4179 7858 71212 1941 876 541 5920 151924 3307 697 4310 2635 2032 562 1938
is_linear=0
shrinkage=0.08


Tree=68
num_leaves=35
num_cat=0
split_feature=5 2 10 5 12 5 5 1 6 5 10 2 6 4 6 3 8 15 2 3 12 5 4 6 3 1 5 6 6 2 4 5 10 1
split_gain=196.992 97.5538 83.1904 52.1347 39.0798 32.0256 29.766 42.439 31.2276 28.2984 22.1576 21.1402 17.2274 29.515 27.3884 15.5339 15.1437 14.4149 19.0953 20.814 13.0275 11.6417 11.5235 9.89949 8.97619 14.4873 8.38958 8.32012 7.93416 8.04681 7.70806 6.42448 5.44816 5.19378
threshold=80.123455047607436 0.68457981944084179 1.0000000180025095e-35 51.442440032958991 1.0000000180025095e-35 53.528240203857429 49.444375991821296 48.934240341186531 0.50297710299491893 35.624311447143562 1.0000000180025095e-35 0.42470984160900122 0.64158347249031078 66.135383605957045 0.81611520051956188 90.990257263183608 1.0000000180025095e-35 1.0000000180025095e-35 0.52779868245124828 39.780220031738288 1.0000000180025095e-35 64.775318145751967 45.788761138916023 0.77911314368247997 70.659969329833999 71.010189056396499 83.09690093994142 0.59731674194335949 0.58704078197479259 0.66999611258506786 92.151729583740249 41.56573677062989 1.0000000180025095e-35 91.476997375488295
decision_type=2 2 2 2 2 2 2 2 2 2 2 2 2 2 2 2 2 2 2 2 2 2 2 2 2 2 2 2 2 2 2 2 2 2
left_child=2 16 4 15 6 24 8 11 9 -1 -3 -8 13 -7 -14 -4 -2 18 30 -20 28 -9 27 -24 -6 -26 -19 -22 -5 -30 -18 -10 -28 -17
right_child=1 10 3 20 5 12 7 21 31 -11 -12 -13 14 -15 -16 33 17 26 19 -21 22 -23 23 -25 25 -27 32 -29 29 -31 -32 -33 -34 -35
leaf_value=0.0019305458591724514 0.068795374732262979 0.075002309326752545 -0.078054266969555086 0.1066489780126426 -0.071774221428162491 0.0051872261139623392 0.042452441299813862 0.12488637830011422 -0.072170423290705263 0.28779538118732978 0.018780744457238614 -0.019461025910633343 -0.041619243346780126 0.30907085933261086 0.032441707349795859 0.21943555613156845 0.0090835920096926249 0.27573037628153396 -0.060149744545558881 0.014071466814280986 -0.012495448161759199 0.055361987427443457 -0.053328598327362461 0.021113625702831366 0.32237441189070554 -0.029460154470115147 0.091576379595344759 0.085664266092726676 -0.043693122430348605 0.03176452339225963 0.048096317303511382 -0.027089701201232771 -0.046347920766280311 0.0014545269618346957
leaf_weight=440.3986141323112 26.756057819118723 266.42107795272022 219.09398196043912 6.0138884601183227 93.511945195263252 135.6894855464343 61.604352412046865 27.458330857451074 42.347752765403129 2.2274653103668234 53.948647292330861 82.647205803426914 161.35176683776081 2.0768511949572703 39.849750793771818 0.74518574401735982 380.43919105897658 1.3669026070274402 53.951771405991167 43.822890368057415 17.385960955056365 35.141515736468136 76.6349690889474 13.437525331275536 0.77102608024142938 26.237108311150223 10.283194828545673 8.1016442318214086 13.087695975671521 29.279473598697223 35.431145806331187 38.740224363515154 2.230523318052291 11.425985757261515
leaf_count=11734 1106 72456 138290 235 31665 4923 1573 1261 10540 216 3636 4776 9771 104 1928 6 5178 11 579 1493 898 5334 9354 304 30 1332 290 1153 1178 1062 3518 9157 18 1488
internal_value=-8.58048e-05 0.0303923 -0.0169018 -0.0487033 -0.00634077 -0.0246207 0.00515639 0.0308508 -0.00499214 0.00336913 0.0655349 0.00697986 -0.0120271 0.00976832 -0.0269508 -0.0731674 0.0100801 0.00710211 0.00492817 -0.0268836 -0.0141927 0.0858576 -0.0287845 -0.0422229 -0.0600409 -0.019416 0.0875475 0.0187062 0.0206606 0.00845481 0.0124074 -0.0506329 0.0669919 0.0148005
internal_weight=2459.91 874.651 1585.26 395.206 1190.05 459.488 730.565 206.851 523.714 442.626 320.37 144.252 338.968 137.766 201.202 231.265 554.282 527.526 513.645 97.7747 163.941 62.5998 115.56 90.0725 120.52 27.0081 13.8806 25.4876 48.3811 42.3672 415.87 81.088 12.5137 12.1712
internal_count=336597 88285 248312 153968 94344 49753 44591 12944 31647 11950 76092 6349 16726 5027 11699 139784 12193 11087 10768 2072 14184 6595 11709 9658 33027 1362 319 2051 2475 2240 8696 19697 308 1494
is_linear=0
shrinkage=0.08


Tree=69
num_leaves=35
num_cat=0
split_feature=5 2 10 5 6 6 10 5 0 5 6 17 5 15 2 2 8 0 0 0 0 13 6 6 6 2 2 6 5 6 6 6 6 5
split_gain=179.667 86.3469 70.4388 54.2393 33.3522 38.6987 23.8421 22.8836 23.858 21.5541 34.3531 16.2792 13.9002 13.772 16.9107 11.5379 11.4191 11.0527 10.9827 10.6103 9.39148 8.2439 6.64831 6.52266 6.3894 6.91765 7.5852 5.48808 5.25815 12.1775 5.87319 4.72038 5.33563 4.16465
threshold=79.18729400634767 0.75452139973640453 1.0000000180025095e-35 51.442440032958991 0.8333338499069215 0.62761634588241588 1.0000000180025095e-35 54.067844390869148 81.705284118652358 46.882476806640632 0.47734268009662634 1.0000000180025095e-35 98.598102569580092 1.0000000180025095e-35 0.52539688348770153 0.92595797777175914 1.0000000180025095e-35 71.010189056396499 39.767442703247077 46.543485641479499 30.368906021118168 1.0000000180025095e-35 0.62127217650413524 0.77911314368247997 0.64453122019767772 0.40056291222572332 0.4131507426500321 0.86214745044708263 43.645593643188484 0.52852600812911998 0.67720997333526622 0.61260977387428295 0.78365594148635875 51.442440032958991
decision_type=2 2 2 2 2 2 2 2 2 2 2 2 2 2 2 2 2 2 2 2 2 2 2 2 2 2 2 2 2 2 2 2 2 2
left_child=2 12 4 15 5 9 -3 -7 -9 10 -1 -11 13 14 16 -4 -2 22 -16 20 21 -6 -5 -24 25 -14 -27 -8 30 -30 -17 -19 -33 -21
right_child=1 6 3 17 19 7 27 8 -10 11 -12 -13 24 -15 18 28 -18 31 -20 33 -22 -23 23 -25 -26 26 -28 -29 29 -31 -32 32 -34 -35
leaf_value=0.0013226007443774216 0.07975228255532342 0.075116728969693972 -0.078221977248719057 0.0040112742081498624 0.07164048997280395 -0.067867562310159293 -0.0033508190127326805 -0.027316288716413437 0.062855301284954757 0.01454393417886737 -0.051361857604870935 0.087511711269469203 0.030166857296833199 0.080958588839307288 -0.045932554534313857 -0.052884115181723201 0.0091150150865112762 0.057503182360139404 0.0034802695439869065 0.34475740214497491 -0.030995492384861701 -0.067474208913551326 -0.054419929705892656 0.012734569453820257 0.056370929382015475 -0.20915363064360754 -0.0089906342260886122 0.049292253890429905 0.45681092948375879 0.020728155053455752 0.45174760353359134 -0.0081782272638738461 0.063239486557731442 0.089855002360710673
leaf_weight=439.33236952568404 15.266223276965318 238.22981127933599 199.5754986476386 28.085261813481338 21.377294133417312 86.077497566002421 33.929983352310956 243.92195160896517 20.345428618602455 181.34711611422244 96.632882772944868 21.935047569684684 22.039244018960748 15.246288672322406 61.993089363910258 8.6261147535406018 361.04710899037309 13.309881546301765 53.745759760029614 0.41796541702933865 12.643100074725224 3.1247591439168891 52.885116122080944 11.220657737925647 57.083576093660668 1.7150174379348744 4.1282692989334464 20.231287416536361 0.4427094089332958 5.5176192321814597 0.15017617028206665 40.269018795690499 8.030120918992905 22.118883154820651
leaf_count=11435 536 71743 137403 3137 384 25066 1611 12276 2587 10634 25829 1302 205 323 520 1849 5124 327 1621 11 294 65 8719 251 6171 11 56 2102 17 299 22 1264 307 3170
internal_value=-1.901e-06 0.0286528 -0.0167079 -0.0471637 -0.00695296 -0.0101425 0.0642242 -0.032043 -0.0203742 0.00023658 -0.00817624 0.0224175 0.0110917 0.00607597 0.00375573 -0.073178 0.0119806 -0.0109142 -0.0229867 0.0512776 0.0250035 0.0538991 -0.0284459 -0.0426656 0.0410386 0.00964894 -0.0677389 0.0163134 -0.00486802 0.0531186 -0.0442491 0.01532 0.00369554 0.0945824
internal_weight=2402.04 884.656 1517.39 368.112 1149.27 1089.59 292.391 350.345 264.267 739.247 535.965 203.282 592.265 507.298 492.052 214.312 376.313 153.8 115.739 59.682 37.1452 24.5021 92.191 64.1058 84.9661 27.8825 5.84329 54.1613 14.7366 5.96033 8.77629 61.609 48.2991 22.5368
internal_count=336671 90023 246648 153595 93053 89129 75456 39929 14863 49200 37264 11936 14567 8124 7801 139590 5660 14005 2141 3924 743 449 12107 8970 6443 272 67 3713 2187 316 1871 1898 1571 3181
is_linear=0
shrinkage=0.08


Tree=70
num_leaves=35
num_cat=0
split_feature=5 1 10 12 5 13 5 0 5 6 4 2 0 8 6 10 3 11 3 11 2 1 15 15 1 2 6 5 4 4 5 10 4 0
split_gain=155.782 96.9257 68.4639 44.5812 40.142 38.3614 33.7279 34.9932 19.2142 16.1056 24.8191 15.7461 17.148 16.6702 14.9429 13.542 13.0491 12.9498 12.1 23.0527 11.3059 13.324 13.9019 9.11211 8.40115 15.075 8.11765 7.39453 10.5059 7.36384 8.03964 6.82542 6.74319 6.44789
threshold=73.623714447021499 88.303691864013686 1.0000000180025095e-35 1.0000000180025095e-35 51.442440032958991 1.0000000180025095e-35 45.622552871704109 48.808847427368171 52.467130661010749 0.64363023638725292 67.507961273193374 0.8615492880344392 30.0684928894043 1.0000000180025095e-35 0.86888945102691661 1.0000000180025095e-35 90.990257263183608 1.5000000000000002 39.780220031738288 1.0000000180025095e-35 0.73738178610801708 53.427228927612312 1.0000000180025095e-35 1.0000000180025095e-35 43.534002304077156 0.65013620257377636 0.54604250192642223 58.892297744750984 53.957811355590827 30.320054054260257 38.608591079711921 1.0000000180025095e-35 60.567405700683601 62.418830871582038
decision_type=2 2 2 2 2 2 2 2 2 2 2 2 2 2 2 2 2 2 2 2 2 2 2 2 2 2 2 2 2 2 2 2 2 2
left_child=2 11 3 5 16 6 26 -8 29 10 -10 12 13 -2 -11 -3 -4 -15 23 -20 24 22 -22 -14 25 -6 -1 32 -29 30 -5 -13 -7 -23
right_child=1 15 4 8 20 27 7 -9 9 14 -12 31 18 17 -16 -17 -18 -19 19 -21 21 33 -24 -25 -26 -27 -28 28 -30 -31 -32 -33 -34 -35
leaf_value=0.0029355577510189051 0.082954817040899839 0.075222283927640035 -0.078095693010074616 -0.033339344885054169 -0.015619104828170865 -0.06938005754440621 0.019193916557858591 0.11113665048339735 0.00065522075281150669 -0.042601972401182742 0.44307705135381947 0.071635400874668548 -0.041521914556192301 0.0046181713809244143 0.10578135556138031 0.028289112423638098 0.0079388884424734397 0.039307258476233925 -0.044394339054044045 0.030891810496624192 0.56661578321470873 -0.047567813549544445 -0.084946765347809469 0.11112142961321347 -0.072256420096887264 0.4701800056910807 -0.045760408891720748 0.058336696314816548 -0.056398887386075972 -0.068193990417539166 0.14076186218535763 0.0059673169679115273 0.49636095484239884 0.014759175111060481
leaf_weight=441.06228742725216 21.164185038767755 202.20182369719259 187.75742242310662 7.9980458772042748 22.043593011214401 50.777894799597561 86.368355251615867 38.215111988480203 103.22070514014922 131.33850183291361 0.81793997390195627 34.865624371683225 83.102884429506958 409.96598117006943 4.4921006737276903 48.852344078943133 12.004100382560862 82.78173989104107 41.312937311129645 70.363122406415641 0.54321326198987563 13.166111671947872 0.34122296189889312 2.5806212048046282 28.068160833092406 0.41653797775506873 23.054270836524665 8.3383073564618844 13.182530784048138 91.649201138294302 2.1548635427607223 14.278129303362219 0.13519628345966239 54.995953752310015
leaf_count=12102 939 68492 138303 1286 1903 15853 4476 2855 5050 10695 35 8224 964 5425 224 3600 1490 3479 803 2961 14 1521 56 39 7811 42 4724 216 444 29719 124 472 1 1984
internal_value=-0.000641985 0.0229899 -0.0187209 -0.00844789 -0.050981 0.0036781 0.0104376 0.0473967 -0.0319117 -0.0195526 0.00413349 0.00876029 0.0057343 0.013432 -0.0376947 0.0660896 -0.0729257 0.0104459 -0.0143101 0.00304079 -0.0143202 0.00672328 0.315237 -0.0369246 -0.043076 -0.00660964 0.000516661 -0.0512594 -0.0119443 -0.0610326 0.00361207 0.0525563 -0.0678778 0.00272016
internal_weight=2333.61 1011.47 1322.14 1002.81 319.336 661.134 588.7 124.583 341.671 239.869 104.039 760.415 711.271 513.912 135.831 251.054 199.762 492.748 197.36 111.676 119.575 69.0465 0.884436 85.6835 50.5283 22.4601 464.117 72.4339 21.5208 101.802 10.1529 49.1438 50.9131 68.1621
internal_count=336326 95398 240928 87804 153124 40671 24157 7331 47133 16004 5085 23306 14610 9843 10919 72092 139793 8904 4767 3764 13331 3575 70 1003 9756 1945 16826 16514 660 31129 1410 8696 15854 3505
is_linear=0
shrinkage=0.08


Tree=71
num_leaves=35
num_cat=0
split_feature=5 0 10 5 12 13 5 0 5 10 4 6 4 5 4 12 6 6 2 5 5 0 6 4 6 11 6 4 6 2 4 5 5 4
split_gain=126.962 86.1464 60.8103 44.4105 31.0773 33.6812 29.8858 32.2199 28.5878 26.8881 16.9722 19.1848 15.658 14.8573 16.9846 15.9459 13.9142 26.8028 12.9039 10.7894 12.1051 10.0669 9.42217 9.0205 9.49315 8.97017 8.8209 8.42455 8.28522 10.3891 8.07046 7.27515 6.983 7.46549
threshold=79.18729400634767 51.316701889038093 1.0000000180025095e-35 51.442440032958991 1.0000000180025095e-35 1.0000000180025095e-35 43.963836669921882 48.808847427368171 57.212205886840827 1.0000000180025095e-35 64.928264617919936 0.61954408884048473 36.40611648559571 97.883537292480483 66.135383605957045 1.0000000180025095e-35 0.82234114408493053 0.70812296867370617 0.93684458732604992 87.112743377685561 87.540847778320327 62.418830871582038 0.60829862952232372 52.839963912963874 0.67720997333526622 2.5000000000000004 0.55514711141586315 28.644688606262211 0.62127217650413524 0.76346477866172802 26.709129333496097 86.28794097900392 81.106575012207045 75.620002746582045
decision_type=2 2 2 2 2 2 2 2 2 2 2 2 2 2 2 2 2 2 2 2 2 2 2 2 2 2 2 2 2 2 2 2 2 2
left_child=2 10 4 18 5 6 26 -8 28 -3 11 19 30 15 -15 31 17 -10 -4 27 -21 -14 -17 -13 -25 -7 -1 -2 29 -6 -5 -12 33 -11
right_child=1 9 3 12 8 25 7 -9 16 32 13 23 21 14 -16 22 -18 -19 -20 20 -22 -23 -24 24 -26 -27 -28 -29 -30 -31 -32 -33 -34 -35
leaf_value=0.0010328116212492699 -0.12053172918542011 0.07127383431540335 -0.077883973891468075 -0.066630139697821195 -0.055653025440069837 -0.052373326873730294 0.016320125216001347 0.094822995150384753 -0.0043198595582247465 -0.10533729274980351 -0.013065416438879327 0.082503321570083388 -0.04333219384613362 -0.34397739111164599 0.042165856964000534 0.1135798361728147 0.038153891200970208 -0.071625933195450492 0.0028310131038488413 -0.12274452389636091 -0.010031264640773535 8.0047567132927702e-06 -0.029668372056410753 0.011160088422394559 0.066590824706960844 0.11984884430085643 -0.060112390667223618 0.033889732969020328 -0.074960793713662474 0.01541487814466447 0.11405888280271073 0.037326077458907737 0.021280018937669908 0.083613125950063344
leaf_weight=444.34715726226568 2.366196129936724 227.28530261456035 172.06970999197802 1.9389898253139097 44.332762097707018 71.833552827942185 117.24110594205558 46.824043271830305 208.21229172276799 5.7460342524573198 31.617062598932534 29.295790563337505 64.853784315404482 0.74170568212866683 42.621908501256257 2.9859840320423237 33.683583499630913 46.28354937559925 13.684469551662913 6.6777654998004428 70.257265327032655 72.806082228780724 185.50316352350637 54.98706782842055 30.877533689374104 1.9891387654934067 15.630847659311256 50.886214338243008 66.935012285714038 18.725198349915445 8.5935090804705379 43.651631626533344 52.077464292291552 1.7445832001976667
leaf_count=12532 22 73519 137939 62 15607 16680 5494 5451 7729 94 524 266 10051 20 4716 26 1476 1821 1832 34 514 3562 3367 447 368 51 3577 425 21428 1289 297 1906 3553 119
internal_value=-0.00159616 0.0231662 -0.0159298 -0.0458799 -0.006968 0.00336589 0.00941074 0.0387248 -0.0242137 0.0587349 0.00469817 0.0203862 -0.0132173 -0.00783441 0.0355611 -0.0149689 -0.0101652 -0.0165604 -0.0719377 -0.000653749 -0.0198145 -0.0204103 -0.0273991 0.0441716 0.0310934 -0.0477328 -0.00104501 0.0270282 -0.0553577 -0.0345493 0.0807948 0.0161588 0.0108919 -0.0613303
internal_weight=2289.31 839.323 1449.98 333.947 1116.04 697.866 624.043 164.065 418.172 286.853 552.469 245.348 148.192 307.121 43.3636 263.758 288.179 254.496 185.754 130.187 76.935 137.66 188.489 115.16 85.8646 73.8227 459.978 53.2524 129.993 63.058 10.5325 75.2687 59.5681 7.49062
internal_count=336798 89920 246878 153743 93135 43785 27054 10945 49350 77285 12635 2076 13972 10559 4736 5823 11026 9550 139771 995 548 13613 3393 1081 815 16731 16109 447 38324 16896 359 2430 3766 213
is_linear=0
shrinkage=0.08


Tree=72
num_leaves=35
num_cat=0
split_feature=5 0 10 12 13 5 3 5 12 3 18 3 6 3 0 0 10 6 18 5 1 1 1 0 13 6 0 4 4 5 6 6 4 6
split_gain=115.766 91.6668 72.7521 35.9281 32.6632 34.6956 27.5972 23.069 25.2897 21.726 16.161 24.7907 15.5153 13.8983 14.1996 12.3097 12.1191 11.5106 10.9767 22.631 10.0244 9.31118 11.4021 7.0501 7.03001 6.76857 5.31745 5.1201 5.05081 4.88641 6.21775 4.73502 4.72117 4.62544
threshold=59.473320007324226 87.226108551025405 1.0000000180025095e-35 1.0000000180025095e-35 1.0000000180025095e-35 43.963836669921882 41.955394744873054 97.883537292480483 1.0000000180025095e-35 78.830558776855483 1.0000000180025095e-35 8.4219856262207049 0.82234114408493053 53.427228927612312 7.4772884845733651 9.1608390808105487 1.0000000180025095e-35 0.60570147633552562 1.0000000180025095e-35 42.821605682373054 29.679679870605472 43.534002304077156 9.1966171264648455 93.813774108886733 1.0000000180025095e-35 0.46386216580867773 27.953488349914554 45.476087570190437 49.668815612792976 50.510257720947273 0.64984723925590526 0.55078577995300304 60.567405700683601 0.71179157495498668
decision_type=2 2 2 2 2 2 2 2 2 2 2 2 2 2 2 2 2 2 2 2 2 2 2 2 2 2 2 2 2 2 2 2 2 2
left_child=2 7 3 4 5 15 -7 8 13 20 11 -10 -12 14 -2 -1 -3 18 19 -5 25 22 31 -20 33 -4 -15 -27 -24 -19 -31 -9 -6 -11
right_child=1 16 9 17 32 6 -8 21 10 24 12 -13 -14 26 -16 -17 -18 29 23 -21 -22 -23 28 -25 -26 27 -28 -29 -30 30 -32 -33 -34 -35
leaf_value=0.15030561150103017 0.056035593308303905 0.076635037980345988 0.64071676058580451 -0.045500302793757358 -0.066451672455102445 0.020381478759097762 0.14130653285695302 -0.041925291319063897 0.042013096397657573 0.00094503203996854155 -0.021415372089603008 -0.0068356923381435331 0.016187714867509615 -0.39649884900215243 0.0033749828204421651 -0.002805348227063176 0.028781392621081633 -0.083303014428592573 -0.065865391067513934 0.093113396411618754 -0.078348080949235052 0.080755980190923782 -0.10071700927602467 0.084806662030358526 -0.085579384327380409 0.056768841278853295 0.058417337805371991 -0.080726158157671202 -0.00083647663848248125 -0.0052512744544952064 -0.06595694977009986 0.058673827808224423 0.34708445838629365 0.12558476189554937
leaf_weight=3.3857480420265338 40.693233144003898 147.80271098844241 0.10927010327577491 17.060855095391165 46.158246818813495 30.539637678069994 19.980993039614987 3.2290900759398928 99.532511820085347 28.005005691724367 378.63213781698141 200.29217379703186 86.215568650513887 0.16489477315917511 168.31982189207338 452.30359753698576 43.939563640858978 41.000413009314798 25.22665754030459 13.505648517282678 172.50136939296499 29.121327083092183 3.8113646097481277 2.1574915414676061 5.9760363643872543 4.7407274344004691 60.304887167876586 2.7323788694338873 21.624195541953668 16.156728403526358 32.558920457260683 41.204455516766757 0.17736513912677665 2.0446743395877993
leaf_count=143 1386 57585 1 4237 15959 4214 915 20 1648 3039 10094 6623 4418 5 2844 15921 3260 15995 7259 1713 142356 8824 17 26 1861 1055 9146 796 1133 3340 7967 2759 1 46
internal_value=-0.000607143 0.0145136 -0.0224699 -0.00994686 -0.000578805 0.00530593 0.0682075 0.00585754 0.00232599 -0.0630457 -0.00510072 0.00938059 -0.0144411 0.0233997 0.0136276 -0.00166774 0.0656689 -0.0450007 -0.0172097 0.0157454 -0.0743909 0.0427517 0.0269115 -0.0539945 -0.00633381 0.0156366 0.0571768 0.00649678 -0.015803 -0.0629518 -0.0458237 0.0513631 -0.0648687 0.00942591
internal_weight=2241.21 1324.89 916.322 700.212 552.546 506.21 50.5206 1133.15 1034.16 216.109 764.672 299.825 464.848 269.483 209.013 455.689 191.742 147.667 57.9507 30.5665 180.084 98.9904 69.8691 27.3841 36.0257 7.58238 60.4698 7.47311 25.4356 89.7161 48.7156 44.4335 46.3356 30.0497
internal_count=336606 109762 226844 77690 37153 21193 5129 48917 36164 149154 22783 8271 14512 13381 4230 16064 60845 40537 13235 5950 144208 12753 3929 7285 4946 1852 9151 1851 1150 27302 11307 2779 15960 3085
is_linear=0
shrinkage=0.08


Tree=73
num_leaves=35
num_cat=0
split_feature=5 0 2 1 13 9 6 11 6 6 2 0 17 0 10 14 1 12 5 2 1 12 18 5 13 2 6 6 0 1 5 0 1 1
split_gain=103.594 80.7954 77.9554 31.5191 29.2708 35.37 23.4284 21.4073 19.9968 19.6491 27.091 17.2591 14.0977 15.72 13.7762 12.3688 12.1618 11.2592 14.6837 11.2805 11.2166 10.7702 13.336 9.51542 9.49515 8.58892 7.82394 9.79138 7.83907 7.50116 8.30772 7.37097 6.75 5.80708
threshold=60.72363471984864 86.526824951171889 0.70938351750373851 14.907407283782961 1.0000000180025095e-35 1.0000000180025095e-35 0.43859836459159857 1.5000000000000002 0.62574568390846264 0.55927684903144848 0.73738178610801708 57.804552078247077 1.0000000180025095e-35 7.4772884845733651 1.0000000180025095e-35 1.0000000180025095e-35 99.462364196777358 1.0000000180025095e-35 41.191251754760749 0.95605227351188671 31.662488937377933 1.0000000180025095e-35 1.0000000180025095e-35 85.127449035644545 1.0000000180025095e-35 0.91000398993492138 0.69455191493034374 0.77441540360450756 8.2482991218566912 6.2996032238006601 62.977544784545906 58.578638076782234 48.331480026245124 95.861873626708999
decision_type=2 2 2 2 2 2 2 2 2 2 2 2 2 2 2 2 2 2 2 2 2 2 2 2 2 2 2 2 2 2 2 2 2 2
left_child=2 7 3 8 5 17 20 12 21 11 -11 -7 13 15 -3 -2 -14 18 -4 -19 -5 24 -23 -18 -1 -15 29 28 -28 30 -9 -22 -29 -8
right_child=1 14 4 6 -6 9 33 26 -10 10 -12 -13 16 25 -16 -17 23 19 -20 -21 31 22 -24 -25 -26 -27 27 32 -30 -31 -32 -33 -34 -35
leaf_value=0.097231026031010706 -0.099372632839196381 0.076318440978745947 -0.0016952696392297691 0.34373785465990675 -0.070981876459849755 0.51861315961963128 -0.074614437288973698 0.24296112147862661 -0.053690048026384753 0.57743413840889146 0.037334171356829059 0.14766980424449921 0.095687301494751617 -0.011039483951046331 0.023851894928779319 0.016034543175694374 -0.0090749526296551968 -0.056658506526848694 0.064490320493884951 0.014431176618795422 -0.035995638230388968 0.047901176883254577 -0.074665721308079913 0.053943733065075411 -0.04336209365220034 0.044920257841418343 0.037412648691334219 0.022710679786496175 -0.039559604288083111 0.078860513350988273 0.0055077373333381119 0.030332465845975824 0.080310091177028739 0.004629770473324731
leaf_weight=17.420403621159497 6.068669489119201 138.40646309987642 398.14091771323001 0.55320672481320698 36.771857649262529 0.91048692364711215 227.78338299226016 0.99337723851204174 29.685487058479339 0.60664109268691646 29.384761656518094 6.7845410777954385 16.269248048542067 537.69202601583675 41.672749085817486 288.19271166017279 35.634708582772873 44.412103970651515 22.674880788195878 21.059286976000294 40.197214166633785 12.760449268505909 10.2413218265865 26.917951132869348 3.733184741344302 18.146042752778158 13.092950752936302 44.899361626943573 23.971642305143178 36.729653056128882 18.58917476516217 14.623808560776522 18.339745033881627 6.0762551710940889
leaf_count=485 94 58476 16960 26 18149 41 155492 6 5840 138 1123 187 2627 15228 3291 4616 1807 17163 2345 328 3971 1284 1175 7702 607 2690 492 2767 1268 1071 289 914 5409 2338
internal_value=-0.000317941 0.0145494 -0.0206859 -0.0495664 -0.00198625 0.00285578 -0.0614762 0.00631673 -0.00291607 0.077519 0.0482589 0.19156 0.0017038 -0.00129719 0.064177 0.0136545 0.0340696 -0.00293049 0.00187102 -0.0337921 -0.0146854 0.0312191 -0.00667058 0.0180435 0.0724192 -0.00921261 0.033677 0.0202794 -0.0123694 0.0575409 0.0175532 -0.0183023 0.0394149 -0.0725555
internal_weight=2189.44 1265.62 923.82 363.075 560.745 523.974 289.234 1085.54 73.8408 37.6864 29.9914 7.69503 928.921 850.099 180.079 294.261 78.8219 486.287 420.816 65.4714 55.3742 44.1554 23.0018 62.5527 21.1536 555.838 156.616 100.304 37.0646 56.3122 19.5826 54.821 63.2391 233.86
internal_count=336399 107833 228566 172132 56434 38285 162741 46066 9391 1489 1261 228 34764 22628 61767 4710 12136 36796 19305 17491 4911 3551 2459 9509 1092 17918 11302 9936 1760 1366 295 4885 8176 157830
is_linear=0
shrinkage=0.08


Tree=74
num_leaves=35
num_cat=0
split_feature=5 3 13 12 5 5 4 3 10 6 6 6 0 4 14 10 15 3 0 10 3 8 5 4 11 3 12 3 6 2 18 5 2 5
split_gain=89.7603 65.6925 52.5763 49.9122 38.441 36.6089 30.6182 20.0426 18.9401 18.3261 17.0958 16.0293 13.869 10.0486 11.5033 9.84894 9.3407 12.9309 14.5719 9.17641 11.1229 8.99413 8.75442 15.0552 8.68851 8.28697 7.49144 7.18742 9.82709 7.11697 7.3693 6.58981 5.77486 5.4604
threshold=79.18729400634767 62.575302124023445 1.0000000180025095e-35 1.0000000180025095e-35 43.359737396240241 54.353401184082038 22.026123046875004 62.575302124023445 1.0000000180025095e-35 0.55815821886062633 0.86888945102691661 0.65085130929946911 9.1608390808105487 44.163812637329109 1.0000000180025095e-35 1.0000000180025095e-35 1.0000000180025095e-35 28.759398460388187 53.248945236206062 1.0000000180025095e-35 45.748708724975593 1.0000000180025095e-35 57.790622711181648 49.065338134765632 1.0000000180025095e-35 59.299959182739265 1.0000000180025095e-35 69.631092071533217 0.6396811604499818 0.76346477866172802 1.0000000180025095e-35 81.853973388671889 0.93334195017814647 87.112743377685561
decision_type=2 2 2 2 2 2 2 2 2 2 2 2 2 2 2 2 2 2 2 2 2 2 2 2 2 2 2 2 2 2 2 2 2 2
left_child=2 16 3 4 6 27 24 9 -3 -6 11 -7 -8 -4 29 -9 17 21 25 -18 -21 -2 -16 -24 -1 -19 -23 -5 -29 -15 -31 32 -10 -20
right_child=1 8 13 5 7 10 12 15 31 -11 -12 -13 -14 14 22 -17 19 18 33 20 -22 26 23 -25 -26 -27 -28 28 -30 30 -32 -33 -34 -35
leaf_value=0.0017733498040711133 0.073607693426347501 0.071560044867624614 -0.079396732274691711 -0.068715838962973813 0.08442292825137121 0.0014513603364773122 0.10083661587235769 0.10525495419893571 -0.10272026698519575 0.0071662912418673239 0.091850796609990251 -0.031383841146764485 -0.064017806272327615 -0.075698985831228319 -0.059873146215091641 0.038591079419421893 0.0730073864967557 -0.026072978735811991 -0.0099385841215641774 0.1516036864000774 -0.080168816355834838 0.038326036031640337 0.33464691841333005 0.035682070187946273 0.25435869220314983 -0.21789688151914133 0.0050120848686107345 -0.00043079142931180196 -0.082802941370594907 0.067398766053926557 -0.071275282562972442 0.027346150103657599 0.048420529194430587 0.072208212147881423
leaf_weight=430.56082777376287 14.423529329709707 166.52746304462198 78.871279084007256 116.14814008638496 23.519168977451045 184.33373499056324 3.4412677006330332 32.098236938822083 5.0645844344981006 119.47004367143381 9.7372289218474162 196.67012598132715 64.147446205082815 27.381589364318643 3.9162542978301627 25.413436823466327 24.230089639546353 112.39522809372284 8.1661219575908053 1.7116120988503087 5.8695870283991098 49.530936980620027 1.3050495246425269 6.1968113847542554 0.87335169222205777 1.4600759143941093 338.03688839799725 26.185403245443013 14.348336311581077 5.3252177245449257 4.5463780277059413 41.292953865602612 2.3774056625552475 14.1561921199318
leaf_count=10474 859 71053 61196 77058 784 8419 131 5214 73 8844 590 13577 42356 7304 1107 1528 2867 1773 231 27 106 1549 12 108 8 38 6310 4762 2151 379 691 3355 196 1458
internal_value=-0.000507075 0.0210704 -0.0128342 -0.00783024 0.00632866 -0.0259232 -0.00555865 0.0359148 0.0587227 0.0198736 -0.0128227 -0.0154978 -0.0556243 -0.061757 -0.033172 0.0757973 0.0068504 0.0043605 -0.0169454 0.0489733 -0.0278414 0.0115781 0.0370786 0.087691 0.00228466 -0.0285329 0.00926959 -0.0585938 -0.0295893 -0.0547038 0.00353223 0.0148576 -0.0544371 0.0421566
internal_weight=2159.73 785.243 1374.49 1246.95 699.524 547.423 499.023 200.501 215.262 142.989 390.741 381.004 67.5887 127.543 48.6713 57.5117 569.98 538.169 136.178 31.8113 7.5812 401.991 11.4181 7.50186 431.434 113.855 387.568 156.682 40.5337 37.2532 9.8716 48.7349 7.44199 22.3223
internal_count=336588 89895 246693 175896 69339 106557 52969 16370 74677 9628 22586 21996 42487 70797 9601 6742 15218 12218 3500 3000 133 8718 1227 120 10482 1811 7859 83971 6913 8374 1070 3624 269 1689
is_linear=0
shrinkage=0.08


Tree=75
num_leaves=35
num_cat=0
split_feature=5 2 10 5 10 15 17 2 2 6 0 3 11 8 4 6 6 2 6 6 15 2 0 8 3 6 4 6 9 2 6 3 3 3
split_gain=80.9025 59.9468 42.4772 40.7868 22.3614 18.6029 26.4809 30.2434 24.5366 18.3897 14.8882 15.4065 14.3926 13.6361 13.2118 11.4655 13.1986 11.3266 11.1964 10.9257 10.1529 16.9762 14.8803 13.4302 9.97377 25.7956 9.08204 7.73421 7.60751 7.5395 7.38313 4.86016 4.71391 4.70738
threshold=79.18729400634767 0.75452139973640453 1.0000000180025095e-35 51.442440032958991 1.0000000180025095e-35 1.0000000180025095e-35 1.0000000180025095e-35 0.42470984160900122 0.82028478384017955 0.82234114408493053 59.122919082641609 31.643132209777836 1.0000000180025095e-35 1.0000000180025095e-35 36.40611648559571 0.81611520051956188 0.69262680411338817 0.93684458732604992 0.76994219422340404 0.64984723925590526 1.0000000180025095e-35 0.55166408419609081 51.316701889038093 1.0000000180025095e-35 82.807880401611342 0.62488630414009105 91.239036560058608 0.60661208629608165 1.0000000180025095e-35 0.86919325590133678 0.7282359004020692 48.52813911437989 41.955394744873054 86.526824951171889
decision_type=2 2 2 2 2 2 2 2 2 2 2 2 2 2 2 2 2 2 2 2 2 2 2 2 2 2 2 2 2 2 2 2 2 2
left_child=2 20 5 17 -3 6 7 13 10 -9 11 -7 33 -1 27 16 -10 -4 29 -14 21 23 30 31 25 -19 -25 -5 -24 -16 -23 -2 -17 -8
right_child=1 4 3 14 -6 8 12 9 15 -11 -12 -13 19 -15 18 32 -18 24 -20 -21 -22 22 28 26 -26 -27 -28 -29 -30 -31 -32 -33 -34 -35
leaf_value=0.10461178502936572 0.089967438376621647 0.07188506069140814 -0.076558518094423253 0.055791867036323897 0.0094580772196419961 0.24574656447108428 -0.0035216642712455745 -0.04103451614055751 0.0036650911517332493 0.019029602374188385 0.32534032634637833 0.044833957714866396 0.16691100119697055 -1.9043538916272568e-06 -0.045042815867213967 0.52418250219641671 -0.069404226329832439 -0.080342481168918539 0.040223625131204976 0.020817958828095433 0.071289236003125644 -0.013672394526561077 -0.039107011415444697 0.0053904128707043001 -0.0083617979708947437 1.4949593696701708 0.046238268893376018 0.3026296954788168 0.048391225696198317 -0.0026178158763805492 -0.068537205184027408 -0.14651977411946729 0.074474973810992218 0.065535383378534109
leaf_weight=8.2819210769375768 16.246119965566326 158.90896121854894 130.32412931870203 10.063750019646246 47.759495156351477 2.7750654143747004 23.765224587637931 291.1759164496325 412.59371547441697 36.739188545616344 1.5455561178969208 20.395074818632565 8.7166914431727474 214.67634214262944 59.338647274533287 0.1510779932141294 16.452063823351637 0.19299707259051224 19.329887488624081 5.2490712308790526 15.306135688209904 26.046512094326317 9.1930887862108666 393.16510526346974 12.418643240234815 0.10152239073067904 38.222364402608946 0.88374655577354211 20.632478055194952 48.903043142752722 39.508175160968676 0.57589548779651423 11.852731408784164 8.6048907405929622
leaf_count=422 881 71679 137979 338 3731 119 639 58183 11687 1256 50 1864 276 13412 11664 2 1525 65 632 405 455 227 271 5263 1716 17 4051 28 2540 1301 708 51 3015 209
internal_value=-0.000114523 0.0206449 -0.0119347 -0.0395635 0.0574587 -0.00461655 -0.0139628 -0.0188485 0.00736736 -0.034305 0.0849333 0.0688971 0.0441217 0.00388404 -0.00862233 0.00302069 0.000863196 -0.0695273 -0.01586 0.112002 0.00703187 0.00522254 -0.0254244 0.0117443 0.00255041 0.462672 0.00900967 0.0757181 0.0214218 -0.0258754 -0.046738 0.0818714 0.0801349 0.0148356
internal_weight=2110.1 765.564 1344.53 281.556 206.668 1062.97 597.209 550.873 465.765 327.915 24.7157 23.1701 46.3359 222.958 138.519 441.05 429.046 143.037 127.572 13.9658 558.896 543.59 95.3803 448.209 12.7132 0.294519 431.387 10.9475 29.8256 108.242 65.5547 16.822 12.0038 32.3701
internal_count=336661 89857 246804 153740 75410 93064 74802 73273 18262 59439 2033 1983 1529 13834 13963 16229 13212 139777 13597 681 14447 13992 3746 10246 1798 82 9314 366 2811 12965 935 932 3017 848
is_linear=0
shrinkage=0.08


Tree=76
num_leaves=35
num_cat=0
split_feature=16 13 5 12 0 2 2 5 5 12 5 2 0 2 6 10 1 1 1 18 4 4 3 3 4 4 0 4 1 5 12 10 2 6
split_gain=73.1993 58.872 32.4134 44.963 18.6625 18.6575 20.4537 16.3971 14.1561 14.0746 15.1629 11.3664 16.7909 11.1344 11.086 9.79498 9.14293 8.46002 19.2956 24.5186 8.74562 8.25576 5.47626 5.2028 5.22774 5.64806 5.1466 4.85677 5.13084 4.34379 6.73327 4.15688 9.48666 3.8785
threshold=1.0000000180025095e-35 1.0000000180025095e-35 62.149042129516609 1.0000000180025095e-35 86.817276000976577 0.42470984160900122 0.63805952668190014 75.088653564453139 79.18729400634767 1.0000000180025095e-35 96.633934020996108 0.70938351750373851 6.7231638431549081 0.99772727489471447 0.6386706829071046 1.0000000180025095e-35 54.261501312255866 83.484848022460952 77.871940612792983 1.0000000180025095e-35 61.580039978027351 44.397953033447273 74.849395751953139 9.6399536132812518 38.814748764038093 60.567405700683601 37.416666030883796 80.09216690063478 83.484848022460952 96.633934020996108 1.0000000180025095e-35 1.0000000180025095e-35 0.99772727489471447 0.81611520051956188
decision_type=2 2 2 2 2 2 2 2 2 2 2 2 2 2 2 2 2 2 2 2 2 2 2 2 2 2 2 2 2 2 2 2 2 2
left_child=1 2 3 5 9 14 -7 16 23 21 -11 12 -5 -13 -1 -9 -2 18 20 -20 -18 -4 26 24 -3 -26 -19 28 -17 30 -29 -6 -33 -24
right_child=7 8 4 11 31 6 -8 15 -10 10 -12 13 -14 -15 -16 27 17 22 19 -21 -22 -23 33 -25 25 -27 -28 29 -30 -31 -32 32 -34 -35
leaf_value=0.079521395625936409 0.47438416767141195 -0.13189616903457296 0.078816907107700479 -0.0082488438062734929 0.077663432784773487 -0.04649635991334506 0.0015898543635156864 0.073168429491657833 0.071638467760099786 -0.0041467228776099806 0.029509408828116097 -0.0074795353515182362 -0.073878235103504039 -0.10912740256690003 -0.064032869517816837 -0.076490770219196882 0.05129414736237517 -0.14059920901478978 -0.15621504907377085 0.048225549727001424 0.42487313363315166 0.019234455009692262 0.019016322498125637 -0.074251397740761518 0.019833088449247561 -0.1468997521482405 0.074190770725983471 0.039860891755888958 0.081655246321767572 0.080762655632391794 -0.071930703405696184 0.059442563530168295 -0.1103082555876649 0.092803174278342768
leaf_weight=25.401805334666282 0.28492811328032885 2.3333278037607661 16.252275143750012 32.239905010443181 27.888880696729757 66.889542465214618 368.46254265052266 91.417459376272745 4.8939714055741197 677.63014017906971 98.069648334640078 59.78987361426698 110.32612580200657 7.7961324932984999 3.9826868628733783 1.5180395804345614 9.2048675245605409 0.74045673664659517 9.591253904392941 6.1693357131443909 0.41932665556669313 176.69629381620325 115.17488307214808 94.428286045033019 10.431056511588393 1.4854468945413817 19.949805534968618 5.8785224393941471 9.7187970173545182 2.963199359830468 8.3403714983724058 9.4581494578160328 2.7109510498121372 4.7470841556787482
leaf_count=1567 22 218 281 3889 13602 27206 29208 49371 565 15108 11985 16955 74628 154 490 17 1188 7 286 367 17 7776 6579 68341 1186 12 672 766 600 401 941 571 181 1409
internal_value=0.000273782 -0.00570961 -0.00194893 -0.0155196 0.00713068 -0.00163395 -0.00579834 0.0378567 -0.0614581 0.00491783 0.000108332 -0.0462266 -0.0590368 -0.0192047 0.0600645 0.0604162 0.0215985 0.0208213 -0.0216847 -0.0761887 0.067571 0.0242532 0.0284949 -0.0674517 -0.0223925 -0.000950926 0.0665039 0.019395 0.0602905 -0.00735008 -0.0257127 0.0606402 0.0216266 0.0219372
internal_weight=2083.29 1797.17 1683.59 674.889 1008.71 464.737 435.352 286.118 113.572 968.648 775.7 210.152 142.566 67.586 29.3845 119.836 166.282 165.997 25.3848 15.7606 9.62419 192.949 140.612 108.678 14.2498 11.9165 20.6903 28.4189 11.2368 17.1821 14.2189 40.058 12.1691 119.922
internal_count=336566 273923 203601 154097 49504 58471 56414 62643 70322 35150 27093 95626 78517 17109 2057 52096 10547 10525 1858 653 1205 8057 8667 69757 1416 1198 679 2725 617 2108 1707 14354 752 7988
is_linear=0
shrinkage=0.08


Tree=77
num_leaves=35
num_cat=0
split_feature=4 13 3 11 12 5 5 4 3 3 3 4 8 4 1 14 2 4 14 2 0 5 5 10 2 4 5 0 12 4 1 5 0 1
split_gain=75.536 47.6449 43.2725 25.6476 21.3694 34.6556 25.0447 27.6001 18.332 12.4682 12.1484 11.5258 10.2525 8.99351 8.53555 8.79086 8.00396 7.17224 7.11493 6.56888 6.44622 6.22297 9.20636 6.0228 5.81095 5.74731 16.6323 5.50651 5.17977 7.93763 4.99398 3.6526 3.38241 2.95005
threshold=76.325832366943374 1.0000000180025095e-35 57.307060241699226 1.5000000000000002 1.0000000180025095e-35 56.127729415893562 44.783893585205085 25.940062522888187 62.575302124023445 12.97335195541382 73.746868133544936 44.163812637329109 1.0000000180025095e-35 51.03807449340821 68.496238708496108 1.0000000180025095e-35 0.87694638967514049 85.254531860351577 1.0000000180025095e-35 0.80558601021766674 79.743591308593764 84.650035858154311 82.554244995117202 1.0000000180025095e-35 0.5090131163597108 51.03807449340821 53.826629638671882 42.94755935668946 1.0000000180025095e-35 84.142135620117202 5.6349205970764169 59.473320007324226 1.0000000180025095e-35 99.462364196777358
decision_type=2 2 2 2 2 2 2 2 2 2 2 2 2 2 2 2 2 2 2 2 2 2 2 2 2 2 2 2 2 2 2 2 2 2
left_child=1 3 9 4 6 10 7 -1 -8 17 -6 -3 -11 -7 15 -14 -16 28 19 20 -13 22 30 -4 -19 26 -20 -24 -2 -30 -5 -21 -27 -25
right_child=2 11 23 21 5 13 8 -9 -10 12 -12 18 14 -15 16 -17 -18 24 25 31 -22 -23 27 33 -26 32 -28 -29 29 -31 -32 -33 -34 -35
leaf_value=0.0016441741895181282 0.082101695369392422 -0.079524332549303522 0.073701791351777124 -0.012053026076599136 -0.06301335491470543 0.0057165114124719286 0.013485310497319691 -0.055021130300858277 0.068771664121689502 0.093394898055459849 -0.010385645371617918 -0.071930154371453406 -0.0078798404433678242 -0.014136996580126229 0.080569439950897215 -0.10008718793158186 -0.25612455905482923 0.072551146703125624 -0.080340772675195377 -0.02669633973174184 0.36596302139167469 0.063368782850095534 -0.10160966331969659 0.068891768953654967 -0.40927330617172986 -0.16272135856629816 0.1975735693245452 0.12719105502261266 0.0067024161363254155 -0.18642613467490393 0.041946153439805997 0.077051541152940453 -0.0022567415531233844 0.017672926012139524
leaf_weight=435.78564595762873 5.192073933780196 64.646370382106397 121.18612035596743 13.978317829780279 112.32414610497653 226.25208035344258 144.00914185313741 62.959486922249198 52.333331361354794 6.7681660036323583 37.424876576056704 24.425861322495624 124.58886144589633 411.83195741742384 9.3919663764536345 6.9884723178111008 0.47470999357756305 28.224936958169568 2.3374477453180571 6.0824813457438704 0.21706551860552181 33.32715164416004 5.3146017701365045 10.821634771768002 0.16110969358123739 0.9806152214296161 3.3582750105997548 0.77083722641691554 18.259769466705624 1.4717835201881815 50.780099946307018 3.377954384079203 5.8928507048985921 21.486858888529241
leaf_count=11618 466 61120 65849 186 82826 6936 8080 43175 7034 358 4382 7420 2391 16639 2005 212 142 3836 900 700 25 2009 55 860 7 15 100 203 469 86 3203 311 249 2609
internal_value=-4.33728e-05 -0.00705842 0.0335168 -0.00350979 -0.00620521 -0.0152257 0.00401887 -0.00550902 0.0282214 0.00914111 -0.0498608 -0.0576518 -0.00279305 -0.00709733 -0.00739569 -0.0127773 0.0643703 0.0423206 -0.027356 -0.0463186 -0.068073 0.0348607 0.0214497 0.0655195 0.0698165 0.0240945 0.0835213 -0.0726277 0.011005 -0.00770311 0.0302903 0.010348 -0.0251497 0.0348285
internal_weight=2053.43 1698.41 355.016 1587.09 1482.92 787.833 695.088 498.745 196.342 201.522 149.749 111.319 148.212 638.084 141.444 131.577 9.86668 53.3097 46.6726 34.1034 24.6429 104.171 70.8439 153.495 28.386 12.5692 5.69572 6.08544 24.9236 19.7316 64.7584 9.46044 6.87347 32.3085
internal_count=336476 257186 79290 186346 180690 110783 69907 54793 15114 9972 87208 70840 5108 23575 4750 2603 2147 4864 9720 8456 7445 5656 3647 69318 3843 1264 1000 258 1021 555 3389 1011 264 3469
is_linear=0
shrinkage=0.08


Tree=78
num_leaves=35
num_cat=0
split_feature=16 13 11 9 6 18 2 1 12 5 2 14 4 4 1 1 1 18 5 2 2 18 2 4 5 2 12 2 9 5 2 2 18 5
split_gain=58.944 45.9456 29.3291 21.8217 19.4733 17.5408 19.9463 17.1224 16.4202 11.7164 11.6662 8.84426 9.33919 12.6327 7.94857 11.9532 7.22597 8.62459 10.3657 8.43037 8.79635 6.92241 7.42415 7.08544 6.10858 5.84516 5.53762 5.20727 5.20167 4.07071 3.81831 9.00063 3.42286 2.59348
threshold=1.0000000180025095e-35 1.0000000180025095e-35 1.5000000000000002 1.0000000180025095e-35 0.8333338499069215 1.0000000180025095e-35 0.39446778595447546 54.261501312255866 1.0000000180025095e-35 53.528240203857429 0.4998216331005097 1.0000000180025095e-35 44.163812637329109 51.03807449340821 83.484848022460952 79.205974578857436 44.315244674682624 1.0000000180025095e-35 87.112743377685561 0.51737561821937572 0.62814474105834972 1.0000000180025095e-35 0.91336831450462352 67.507961273193374 81.853973388671889 0.65576362609863292 1.0000000180025095e-35 0.90451753139495861 1.0000000180025095e-35 53.826629638671882 0.9636862874031068 0.93132609128952037 1.0000000180025095e-35 84.650035858154311
decision_type=2 2 2 2 2 2 2 2 2 2 2 2 2 2 2 2 2 2 2 2 2 2 2 2 2 2 2 2 2 2 2 2 2 2
left_child=1 2 4 14 5 6 -1 10 -7 -3 -6 24 -13 -14 15 25 19 -18 -19 26 -21 22 -17 -23 29 -2 -4 -16 -9 -11 31 -29 -27 -5
right_child=3 9 16 33 7 8 -8 28 -10 11 -12 12 13 -15 27 21 17 18 -20 20 -22 23 -24 -25 -26 32 -28 30 -30 -31 -32 -33 -34 -35
leaf_value=0.030201280149730829 0.29584850540948349 -0.078155775863319468 0.066721963533642945 0.047572546384061276 0.027262368136132233 0.00022985572175632897 -0.005943203398518661 0.023145140442155071 -0.026164780503944218 0.27292252238778986 -0.024298297014217429 -0.13287398395854375 0.17864900511209247 -0.00095270542157041148 0.073173055399837331 -0.16132144468081669 0.092596227216754839 -0.076528668164863034 0.065195426331676312 -0.040194834132436963 0.092732297883351078 0.049854647435778672 0.01070936005589234 -0.201187341030443 0.055093737679177038 0.062893609205283529 0.021404562433867548 0.036021503119141832 0.079358267469688631 -0.067934717006685019 0.029477649588879908 -0.038816208259349498 -0.022290010976793225 0.076194734610085621
leaf_weight=119.75444450066425 0.52039386803517373 64.154462523118127 22.548209707951173 30.391268236329779 61.700163855683059 223.18517571932171 530.92719009105349 15.685161046916617 465.37693548231618 0.2265160937095122 51.549205872695893 1.9169794771587465 3.7316106960643065 7.633982753730379 13.386424856667871 6.4189459907938708 22.514871229184791 5.2303351092850781 8.9627065485110489 21.163503412622962 3.7507215237710616 3.8162040991010135 2.1410337222041562 0.88672993052750815 3.1110746361082411 6.2926601112703775 73.545645813457668 21.67019495787099 32.087942763930187 22.277868670294993 98.879984701634385 19.576762269134633 5.8030068640946411 60.782628363231197
leaf_count=4788 8 67099 869 9046 2426 9367 86228 1709 72033 116 1499 31 110 261 500 169 5282 313 3521 699 210 254 76 31 421 529 3450 1136 11692 1957 9654 1471 862 39011
internal_value=2.06515e-05 -0.00532061 -0.00209904 0.0347853 -0.00554891 -0.00870929 0.000708994 0.0207363 -0.0176094 -0.0571515 0.00379282 -0.0225091 0.0304654 0.0580151 0.0185884 -0.0224256 0.0307177 0.0618082 0.0129681 0.0212864 -0.0201833 -0.0754531 -0.118293 0.00252112 -0.0499784 0.0333208 0.0320382 0.0255025 0.060902 -0.0645038 0.0209485 0.00050179 0.022026 0.066654
internal_weight=2031.6 1761.03 1657.98 270.566 1500.27 1339.24 650.682 161.022 688.562 103.052 113.249 38.898 13.2826 11.3656 179.392 25.879 157.716 36.7079 14.193 121.008 24.9142 13.2629 8.55998 4.70293 25.6155 12.6161 96.0939 153.513 47.7731 22.5044 140.127 41.247 12.0957 91.1739
internal_count=336828 274081 204086 62747 189742 172416 91016 17326 81400 69995 3925 2896 402 371 14690 1929 14344 9116 3834 5228 909 530 245 285 2494 1399 4319 12761 13401 2073 12261 2607 1391 48057
is_linear=0
shrinkage=0.08


Tree=79
num_leaves=35
num_cat=0
split_feature=5 6 3 5 6 5 3 18 12 5 6 4 6 10 1 3 10 5 4 5 1 5 5 4 4 4 6 6 1 5 16 9 4 2
split_gain=48.7229 58.2703 55.4112 18.1812 21.5757 17.6003 16.1023 15.0737 14.0336 17.1786 14.8827 15.5843 14.7036 11.8232 10.3659 14.3979 10.3188 9.42808 9.25537 12.5634 9.15772 8.40631 8.36728 7.99314 8.28297 7.8362 8.28575 7.70544 5.57241 5.38477 10.215 4.99211 5.23782 4.6629
threshold=55.362188339233406 0.50548085570335399 87.585617065429702 41.56573677062989 0.55607405304908764 42.438537597656257 64.326763153076186 1.0000000180025095e-35 1.0000000180025095e-35 97.883537292480483 0.68872883915901195 74.007873535156264 0.79321691393852245 1.0000000180025095e-35 52.128622055053718 26.36544227600098 1.0000000180025095e-35 50.920385360717781 40.511785507202156 41.799478530883796 43.534002304077156 83.09690093994142 56.47956848144532 39.643608093261726 38.942710876464851 23.896820068359379 0.56220564246177684 0.83971107006073009 9.1966171264648455 56.82439041137696 1.0000000180025095e-35 1.0000000180025095e-35 64.928264617919936 0.99772727489471447
decision_type=2 2 2 2 2 2 2 2 2 2 2 2 2 2 2 2 2 2 2 2 2 2 2 2 2 2 2 2 2 2 2 2 2 2
left_child=1 5 8 25 18 16 27 -8 14 10 11 -10 -12 29 15 22 -1 23 19 -5 28 -17 -2 24 -7 26 -3 -6 -11 30 -4 32 -16 -15
right_child=2 3 13 4 6 17 7 -9 9 20 12 -13 -14 33 31 21 -18 -19 -20 -21 -22 -23 -24 -25 -26 -27 -28 -29 -30 -31 -32 -33 -34 -35
leaf_value=0.001924313946489556 0.18407665136357795 -0.021678514578009452 -0.56069453209598996 0.75453819027445135 -0.058893854627916194 0.23220330308856355 0.032217179259124797 -0.050597017453743592 0.0021198337071039507 0.037220607168272905 -0.032773135858933128 0.09712676794893281 0.0015559807350543806 0.06332171515542992 -0.00064282129740125403 -0.029869298618084971 -0.0801757033676537 0.00092391289367107371 -0.0067772697546458595 0.099453969836608758 0.080832318000182854 0.022419313875206914 0.026608954287281873 0.0037267389875164322 0.67018544762804855 -0.071852366257230044 0.28883775345551177 0.20140230719459015 -0.010464194294716563 0.074626440735234348 0.082401505919276363 0.068798296203301468 0.062614864344055346 0.0048528122204076121
leaf_weight=429.83676561084576 2.2025913894176474 1.9607608553487801 0.24789691751357068 0.19139455928234639 96.046401964558754 2.5923914792365395 32.676160693052225 24.699246345902793 430.17381859768648 39.99848065758124 185.349774503964 11.341153710265642 140.28897518466692 12.386061626020817 20.331366404541768 61.540625804103911 10.026217925886156 2.0248339194222353 7.5064191514975382 8.9035379710257967 19.589996567345224 28.926889143069275 110.7449664096348 0.88069429603638116 0.30931922781746823 114.00711097184103 0.76437508052913461 0.73340788827044789 25.801530580967665 95.338687315612333 0.43627358559751883 33.365018881915603 14.248048899346029 29.56924853567034
leaf_count=13005 186 495 14 124 68564 299 3782 6464 13873 2794 7963 470 7855 848 562 1776 12184 123 3442 1889 8670 504 2754 331 34 106799 61 124 1147 57494 51 8508 1271 2428
internal_value=0.000167258 -0.0162345 0.00969677 -0.0443154 -0.0276814 0.00187964 -0.0370134 -0.00343308 0.00382295 -0.00122046 -0.00500914 0.00456027 -0.0179838 0.057542 0.0196681 0.0106315 5.29297e-05 0.140242 0.0589731 0.11324 0.0328174 -0.0131501 0.0296797 0.214822 0.278892 -0.0686478 0.0654184 -0.0569213 0.0185224 0.0730216 -0.150613 0.0467224 0.0254218 0.022114
internal_weight=1995.04 733.159 1261.88 287.489 170.757 445.67 154.155 57.3754 1123.9 852.544 767.154 441.515 325.639 137.978 271.36 203.415 439.863 5.80724 16.6014 9.09493 85.39 90.4675 112.948 3.78241 2.90171 116.732 2.72514 96.7798 65.8 96.0229 0.684171 67.9444 34.5794 41.9553
internal_count=336888 217720 119168 191744 84389 25976 78934 10246 58333 42772 30161 14343 15818 60835 15561 5220 25189 787 5455 2013 12611 2280 2940 664 333 107355 556 68688 3941 57559 65 10341 1833 3276
is_linear=0
shrinkage=0.08


Tree=80
num_leaves=35
num_cat=0
split_feature=6 10 5 3 18 5 1 8 8 0 3 12 3 4 5 1 6 6 5 1 3 4 1 18 14 10 3 4 11 4 4 4 0 1
split_gain=44.852 38.1155 36.0198 20.7085 18.0796 19.5986 16.3457 46.2338 27.8801 16.2779 15.4095 26.2136 13.5051 13.4134 12.3665 16.6962 11.0355 10.4163 9.79891 7.71364 15.3987 10.4729 6.98709 11.4227 7.51883 6.0757 8.10251 11.379 6.06694 5.75419 8.75868 4.91385 4.67311 4.62071
threshold=0.88023561239242565 1.0000000180025095e-35 51.442440032958991 41.060766220092781 1.0000000180025095e-35 90.636241912841811 44.315244674682624 1.0000000180025095e-35 1.0000000180025095e-35 74.322341918945327 22.378716468811039 1.0000000180025095e-35 90.990257263183608 51.358736038208015 83.654914855957045 13.873295783996584 0.65307843685150158 0.60661208629608165 84.650035858154311 53.427228927612312 52.114353179931648 62.699214935302741 17.712418556213382 1.0000000180025095e-35 1.0000000180025095e-35 1.0000000180025095e-35 61.633426666259773 93.367176055908217 6.5000000000000009 88.687450408935561 88.146743774414077 52.234052658081062 33.520599365234382 91.476997375488295
decision_type=2 2 2 2 2 2 2 2 2 2 2 2 2 2 2 2 2 2 2 2 2 2 2 2 2 2 2 2 2 2 2 2 2 2
left_child=1 4 12 14 5 6 8 -8 -1 10 11 -6 -3 17 32 -16 19 -11 -12 20 -4 -21 23 -17 -24 -5 27 -27 -7 30 -18 -15 -2 -14
right_child=3 2 16 25 9 28 7 -9 -10 13 18 -13 33 31 15 22 29 -19 -20 21 -22 -23 24 -25 -26 26 -28 -29 -30 -31 -32 -33 -34 -35
leaf_value=0.11672706431443841 0.089864554960281465 -0.074746705563632596 0.040444848283833011 0.076413483029679236 0.055874926291998604 0.050180131838647342 5.3578013452192317e-05 0.06349952465725181 -0.01357984596263281 0.012209011232284824 -0.03206494431983381 -0.0093275917213956668 0.30173276861709847 0.28776101772828522 0.05857976078725867 -0.26582972646363723 -0.027019353900630261 -0.072624413078890795 0.0051032325589083364 -0.014914669379723126 0.44094093568555554 0.090578882207884112 -0.017402050640422117 0.029904577566936368 -0.19004001472007781 0.0391906132214241 0.045005840373286435 -0.32388807342602716 -0.47167033964027083 0.047231323731387879 -0.346188221072812 0.05689180210635341 -0.010778400867679316 0.010552957577202196
leaf_weight=10.943152542517053 13.974788350053133 99.800426140602212 24.5237631565542 72.150067999493331 45.95217663544463 76.258466406608932 270.13801910239272 100.98733697517309 264.55062275775708 89.559850940422621 246.26792531064712 279.39827865979169 0.36119148414581737 0.60023771063424547 17.374595038825646 2.0236681660171589 114.33512226457242 10.331740405119488 55.654913075035438 51.351658337458503 0.63021303154528041 6.8230055058374992 37.342089437996037 1.4241256830282512 1.6875368317123491 1.2659715283662074 13.322325473651288 0.98015331290662278 0.14284676790702988 6.7907501300796858 0.55293308570980926 34.672933508176357 3.743696012068539 10.159756782697514
leaf_count=654 116 137991 1834 43887 3049 10828 16540 13753 23486 2491 32719 10147 4 34 2496 97 8630 408 2431 4772 111 238 1102 51 72 45 1804 36 13 604 40 14339 25 1512
internal_value=0.000121715 -0.00353905 -0.0288005 0.0400049 0.00182338 0.0108866 0.00635912 0.0173179 -0.0084038 -0.00677124 -0.0121974 -0.000118453 -0.0656587 0.0184104 0.00989287 -0.00748667 -0.00896587 0.00343473 -0.0252136 0.0134632 0.050479 -0.00254188 -0.0345099 -0.143675 -0.0248665 0.0666333 0.0213083 -0.119248 0.0492044 -0.0243259 -0.0285554 0.0608205 0.0685999 0.0205494
internal_weight=1966.08 1800.79 315.329 165.289 1485.46 723.02 646.619 371.125 275.494 762.438 627.273 325.35 110.321 135.165 77.5705 59.852 205.007 99.8916 301.923 83.3286 25.154 58.1747 42.4774 3.44779 39.0296 87.7185 15.5685 2.24612 76.4013 121.679 114.888 35.2732 17.7185 10.5209
internal_count=336359 286628 155736 49731 130892 65274 54433 30293 24140 65618 48346 13196 139507 17272 3959 3818 16229 2899 35150 6955 1945 5010 1322 148 1174 45772 1885 81 10841 9274 8670 14373 141 1516
is_linear=0
shrinkage=0.08


Tree=81
num_leaves=35
num_cat=0
split_feature=0 5 4 5 18 0 1 9 5 5 12 12 4 5 8 9 0 1 5 5 2 5 0 1 15 0 2 4 2 16 2 15 2 1
split_gain=45.3875 33.7751 59.0986 26.8751 13.4608 15.4863 25.2132 22.2638 17.2246 17.6424 16.6327 14.617 16.4689 14.3497 13.4113 13.0551 21.8616 12.437 11.6898 11.2742 9.16493 8.86291 8.66988 10.0986 8.28429 8.10292 7.41006 8.29329 7.20525 8.7095 16.9939 12.1656 6.52469 5.51483
threshold=86.526824951171889 52.195329666137702 23.896820068359379 75.088653564453139 1.0000000180025095e-35 8.2482991218566912 41.421361923217781 1.0000000180025095e-35 68.438713073730483 83.654914855957045 1.0000000180025095e-35 1.0000000180025095e-35 49.065338134765632 97.883537292480483 1.0000000180025095e-35 1.0000000180025095e-35 55.848154067993171 59.299959182739265 52.467130661010749 82.554244995117202 0.90002825856208812 73.623714447021499 72.377109527587905 79.205974578857436 1.0000000180025095e-35 9.1608390808105487 0.92595797777175914 40.988698959350593 0.86671569943428051 1.0000000180025095e-35 0.99772727489471447 1.0000000180025095e-35 0.5972307324409486 77.871940612792983
decision_type=2 2 2 2 2 2 2 2 2 2 2 2 2 2 2 2 2 2 2 2 2 2 2 2 2 2 2 2 2 2 2 2 2 2
left_child=1 2 20 28 5 8 14 -8 10 -10 -3 12 18 21 -7 26 25 -18 -6 -14 22 -13 24 -24 -1 -17 -4 -28 -2 30 31 -30 -15 -22
right_child=3 4 15 -5 11 6 7 -9 9 -11 -12 13 19 32 -16 16 17 -19 -20 -21 33 -23 23 -25 -26 -27 27 -29 29 -31 -32 -33 -34 -35
leaf_value=-0.026898076536644125 0.071945918568923295 0.013503472996491387 -0.074834604839340957 0.06483744368853725 0.44555466432899232 0.090831305717804844 -0.0037408276055442401 0.052610465170732493 -0.016193548716680155 0.055829800013522356 0.13565923257106247 -0.030249145027956739 -0.021910014928795296 0.014549333837143455 -0.016322798864472764 -0.0090927854893491297 0.69117931674619526 0.065548932634671223 0.079089997896857653 0.054505169604080958 0.022372216934937607 -0.0066094139338973715 0.11049688365639643 0.017797142460610905 0.0091915798737571761 -0.06775915607279448 -0.065589354918890092 0.1203520115166244 -0.038276827062933755 0.026395006373118923 -0.041493249210030399 0.058710432782674994 0.082008789418188788 -0.03786672246149015
leaf_weight=53.579703492869157 12.278719752386676 11.360631242394449 121.39915840644971 95.816669282270595 0.57290725671919318 7.7458593177143475 80.663871138647664 101.12542469019536 42.865641546435654 44.221906287362799 19.172970332903787 147.93701400642749 34.673902718699537 54.830764530343004 214.09447929391172 23.973796969163232 0.20739436044823278 10.447517001884988 20.172473417653237 19.198800645652227 11.904887382872401 323.36706268799026 10.013375500799155 30.218448570405599 169.43459142913343 40.558825148269534 3.5685286402585907 2.6941950276959687 11.838011595478745 87.298549299186561 47.664387429482304 27.517901985382196 11.020287689054383 53.156014621141367
leaf_count=5821 432 131 154690 58201 74 146 5086 13858 339 1975 418 17984 1728 3080 7889 4421 104 1027 826 1704 71 7889 155 310 1903 30267 457 126 452 6693 1513 925 4966 734
internal_value=0.000744579 -0.00428768 -0.0209332 0.0303982 0.00351565 0.0129623 0.00551855 0.0276062 0.0385063 0.020379 0.0902088 -0.0045332 0.0286449 -0.0091421 -0.0125814 -0.0548817 -0.0284362 0.0777266 0.0892103 0.00532233 4.24118e-05 -0.0140297 0.00668739 0.0408694 0.000520956 -0.0459647 -0.0704569 0.0144018 0.0127138 0.0085416 -0.00936889 0.0295373 0.0258388 -0.0268442
internal_weight=1946.59 1664.18 531.156 282.414 1133.02 521.251 403.63 181.789 117.621 87.0875 30.5336 611.773 74.6181 537.155 221.84 202.849 75.1875 10.6549 20.7454 53.8727 328.307 471.304 263.246 40.2318 223.014 64.5326 127.662 6.26272 186.598 174.319 87.0203 39.3559 65.8511 65.0609
internal_count=336395 268179 200086 68216 68093 29842 26979 18944 2863 2314 549 38251 4332 33919 8035 191092 35819 1131 900 3432 8994 25873 8189 465 7724 34688 155273 583 10015 9583 2890 1377 8046 805
is_linear=0
shrinkage=0.08


Tree=82
num_leaves=35
num_cat=0
split_feature=1 5 11 4 17 0 17 6 17 3 8 16 2 6 1 11 8 6 3 5 6 6 6 4 2 1 6 5 6 12 5 2 2 2
split_gain=39.5485 41.3798 35.6073 34.4356 21.8828 21.4492 16.3968 15.901 14.0618 13.7291 17.2317 13.3911 22.1767 11.9751 11.8001 31.7058 27.7636 11.2473 10.7208 7.92862 14.5157 10.3346 19.7582 12.5425 7.59655 18.765 7.49836 7.36068 7.34732 6.06383 4.57491 4.38767 4.02773 3.14372
threshold=92.40384674072267 55.362188339233406 1.0000000180025095e-35 23.896820068359379 1.0000000180025095e-35 9.1608390808105487 1.0000000180025095e-35 0.62574568390846264 1.0000000180025095e-35 24.316333770751957 1.0000000180025095e-35 1.0000000180025095e-35 0.89355900883674633 0.62488630414009105 41.421361923217781 1.0000000180025095e-35 1.0000000180025095e-35 0.54964274168014537 68.457099914550795 84.650035858154311 0.60829862952232372 0.81611520051956188 0.80927285552024852 84.515426635742202 0.96002480387687694 91.476997375488295 0.83971107006073009 42.821605682373054 0.77911314368247997 1.0000000180025095e-35 96.633934020996108 0.82028478384017955 0.40676510334014898 0.74922439455986034
decision_type=2 2 2 2 2 2 2 2 2 2 2 2 2 2 2 2 2 2 2 2 2 2 2 2 2 2 2 2 2 2 2 2 2 2
left_child=1 3 8 24 9 7 26 13 -2 10 32 12 18 -5 16 -16 -11 -12 -10 20 31 22 -22 -23 25 27 -7 -1 -14 -13 -31 -4 -3 -8
right_child=2 4 19 5 -6 6 33 -9 11 14 17 29 28 -15 15 -17 -18 -19 -20 -21 21 23 -24 -25 -26 -27 -28 -29 -30 30 -32 -33 -34 -35
leaf_value=-0.0071858877062182568 0.060079183301625483 0.066801395239832348 0.17040606125663885 0.040406338898504493 0.093437505548085192 -0.066863961978934058 0.37369860257176662 -0.06730175974265161 -0.001612496627497038 0.11801719018281323 -0.029772053260098075 0.033345971928889905 -0.048598227899463997 0.62502485648164841 -0.028371603812099813 0.030553403313906748 -0.02934986966492471 0.0096968032542388127 0.059418217142848027 0.076463115213998234 -0.01549916632405637 0.079421032597083455 -0.89747963799550856 -0.93204940092639921 0.077840787912959633 -0.19240166523105665 0.22168252613928485 0.1642702813597231 0.081611731384751252 -0.012003305926831289 0.080310926291315976 0.073762622008907749 0.15888402377581437 0.11117132244848092
leaf_weight=213.45955354959005 29.00600213650614 11.745986917056142 4.133420617086812 22.015810143318962 16.312584508123109 169.63311606305069 0.3446140806190664 12.196616706380153 82.860206057841424 8.5119464084273186 50.967084744246677 88.793410253478214 76.596179763029795 0.22654726856853713 112.70625314523932 121.38022551569156 211.02865462214686 494.86344076821115 23.686759554955643 65.094741417909972 25.108320458675738 10.79327582690166 0.16361737647093733 0.079036518349313023 6.6597279533743849 3.5090225854655719 0.57835294620599498 1.6145981467561785 2.8776472656754768 37.916659807960968 3.7781276614405206 11.028265118366106 4.1016603676835066 1.9094539649086071
leaf_count=7742 2069 819 109 2202 3750 188127 44 3510 7336 122 534 6712 2862 43 8072 11750 8350 12544 1110 51791 3762 5919 78 61 115 40 111 40 484 3145 1681 1314 89 68
internal_value=-0.000749757 -0.00719009 0.019659 -0.0279723 0.00151564 -0.0515346 -0.0630449 0.0061071 0.00676695 3.87564e-05 0.008399 0.00188123 -0.0119007 0.0463609 -0.0103128 0.00218262 -0.0236362 0.00601139 0.0119554 0.0579269 0.0344089 0.00684883 -0.0212093 0.0720681 -0.00632832 -0.00889276 -0.0658835 -0.00589874 -0.0438835 0.0215284 -0.00363835 0.10011 0.0906341 0.151308
internal_weight=1925.68 1463.77 461.916 432.147 1031.62 206.905 172.466 34.439 345.515 1015.31 561.678 316.509 186.021 22.2424 453.627 234.086 219.541 545.831 106.547 116.401 51.3059 36.1443 25.2719 10.8723 225.243 218.583 170.211 215.074 79.4738 130.488 41.6948 15.1617 15.8476 2.25407
internal_count=336505 248072 88433 202042 46030 194105 188350 5755 25399 42280 13986 23330 11792 2245 28294 19822 8472 13078 8446 63034 11243 9820 3840 5980 7937 7822 188238 7782 3346 11538 4826 1423 908 112
is_linear=0
shrinkage=0.08


Tree=83
num_leaves=35
num_cat=0
split_feature=5 3 13 12 5 4 5 4 0 5 5 2 5 3 4 4 8 12 5 4 1 1 0 2 8 9 5 4 4 3 3 4 14 5
split_gain=33.89 34.1843 21.8896 28.3205 21.7908 19.3606 22.7253 19.0794 18.5096 18.1286 13.1392 12.7198 12.2242 8.53666 8.39637 10.8752 8.39044 8.37434 8.29132 13.4297 8.78933 10.6759 7.50448 7.30886 6.86123 6.74773 6.37394 5.2638 5.11216 4.75799 18.9692 8.02291 4.17572 4.05684
threshold=79.18729400634767 86.526824951171889 1.0000000180025095e-35 1.0000000180025095e-35 41.56573677062989 39.35298156738282 41.799478530883796 27.305428504943851 49.719100952148445 52.976552963256843 31.892949104309086 0.88003662228584301 53.528240203857429 21.164613723754886 53.957811355590827 41.187486648559577 1.0000000180025095e-35 1.0000000180025095e-35 97.883537292480483 63.780609130859382 43.534002304077156 9.1966171264648455 8.2482991218566912 0.94737470149993908 1.0000000180025095e-35 1.0000000180025095e-35 82.554244995117202 61.580039978027351 39.643608093261726 39.780220031738288 38.148742675781257 66.135383605957045 1.0000000180025095e-35 88.715740203857436
decision_type=2 2 2 2 2 2 2 2 2 2 2 2 2 2 2 2 2 2 2 2 2 2 2 2 2 2 2 2 2 2 2 2 2 2
left_child=2 17 3 4 7 6 -6 10 -7 11 -1 -5 -4 16 15 -14 -11 27 19 26 21 -20 -9 -21 -13 33 -19 -2 -15 30 -29 -31 -17 -3
right_child=1 25 12 9 5 8 -8 22 -10 13 -12 24 14 28 -16 32 -18 18 20 23 -22 -23 -24 -25 -26 -27 -28 29 -30 31 -32 -33 -34 -35
leaf_value=-0.00044547002158956467 0.076790628327634031 -0.0093425441564300871 -0.071640148807406281 -0.067403035102762229 0.67962863792705808 -0.0025155503355877261 0.08427022722100759 0.079015746790977781 0.052432287119755394 0.10953414771747098 0.34086607293378146 -0.049423353790540976 -0.12506252967486362 0.011159822567617175 -0.045625866234076884 0.014842960806336705 -0.001693796646107299 0.047040736544162083 0.040733550200989253 -0.014373113274727034 0.080758969362987987 -0.026799927820454764 -0.067321213307576622 -0.22748985714666869 0.033358213390579178 0.078603579887909822 0.0071081748658932062 0.016024995799491813 -0.027293046119213012 -0.12939478487681236 -0.25792635009428738 0.060038094546736379 0.10616893284722297 0.054894679985664191
leaf_weight=420.51987277221633 12.338406818336805 10.53215643076692 53.370637548156083 76.055214904481545 0.41764062014408665 106.66159516992047 23.438025447598193 2.389211675617843 62.06577243085485 4.4690732988528898 0.72309337661135842 11.34137298562564 2.329047678562346 24.936993121984415 19.198909062717576 6.0991232189699058 150.83607514295727 30.18260935426224 36.57304638880305 224.70622864784673 15.311888478696345 25.375644011539407 36.60136459954083 1.0346403236035246 14.730803807789925 53.551556732214522 167.83103068103082 57.793777772807516 196.38153582799714 1.5180844195419947 1.6642266595736135 24.906974817044102 6.7508086737943813 15.629260640940627
leaf_count=12566 359 2226 68297 77385 66 8366 1469 63 9510 53 23 343 82 1065 1199 1022 4977 326 2793 9340 8451 1114 37157 440 2480 48354 1680 1771 20490 73 16 7835 188 5183
internal_value=-0.00120717 0.0131176 -0.00918358 -0.00619868 0.00463958 0.0272345 0.0946932 -0.00481519 0.0176968 -0.0209775 0.000140415 -0.0508726 -0.0476757 -0.012871 -0.0104715 0.033993 0.00150691 0.00657044 0.00238305 -0.00201134 0.0264851 0.0130702 -0.0583542 -0.0153499 -0.00265169 0.062335 0.013195 0.0279298 -0.0229604 0.0209102 0.00835711 0.0491554 0.0628217 0.0290338
internal_weight=1898.27 678.95 1219.32 1131.57 652.817 192.583 23.8557 460.234 168.727 478.751 421.243 102.127 87.7485 376.624 34.3779 15.179 155.305 599.237 501.015 423.755 77.2606 61.9487 38.9906 225.741 26.0722 79.713 198.014 98.2215 221.319 85.8831 59.458 26.4251 12.8499 26.1614
internal_count=336762 89961 246801 176013 69220 19411 1535 49809 17876 106793 12589 80208 70788 26585 2491 1292 5030 34198 24144 11786 12358 3907 37220 9780 2823 55763 2006 10054 21555 9695 1787 7908 1210 7409
is_linear=0
shrinkage=0.08


Tree=84
num_leaves=35
num_cat=0
split_feature=1 5 10 9 15 1 17 17 6 17 4 6 3 8 15 3 5 16 3 3 6 5 6 6 6 1 17 18 4 6 4 3 3 3
split_gain=34.0576 29.8708 30.284 29.6231 16.6792 17.0893 19.5649 15.8943 14.8746 13.567 13.1933 13.7984 9.22426 12.8883 11.4813 12.1718 10.0954 8.79101 8.70729 10.0114 7.82988 7.61713 18.6011 13.6113 8.80274 7.06204 6.90874 6.43927 5.23989 5.11878 5.08794 4.27405 9.0164 4.08771
threshold=92.40384674072267 62.149042129516609 1.0000000180025095e-35 1.0000000180025095e-35 1.0000000180025095e-35 13.873295783996584 1.0000000180025095e-35 1.0000000180025095e-35 0.65753772854805004 1.0000000180025095e-35 48.01960754394532 0.64766007661819469 23.845060348510746 1.0000000180025095e-35 1.0000000180025095e-35 73.401363372802749 81.106575012207045 1.0000000180025095e-35 99.462364196777358 80.206184387207045 0.88023561239242565 84.650035858154311 0.64057400822639476 0.7462858557701112 0.70476445555686962 29.679679870605472 1.0000000180025095e-35 1.0000000180025095e-35 45.476087570190437 0.57907161116600048 1.0000000180025095e-35 75.147060394287124 90.366767883300795 33.137254714965827
decision_type=2 2 2 2 2 2 2 2 2 2 2 2 2 2 2 2 2 2 2 2 2 2 2 2 2 2 2 2 2 2 2 2 2 2
left_child=1 2 4 7 5 8 -7 -2 -1 12 29 -12 13 -3 15 -14 -16 18 19 -9 -15 22 -5 24 -24 27 -27 28 -4 -6 -20 33 -33 -19
right_child=3 9 25 21 10 6 -8 17 -10 -11 11 -13 14 20 16 -17 -18 31 30 -21 -22 -23 23 -25 -26 26 -28 -29 -30 -31 -32 32 -34 -35
leaf_value=0.026311823895815448 0.064371290094724129 0.084762509000814779 0.16549144280713418 0.094710172673459991 0.0035710012647266914 -0.045679131040538293 0.14848130257047801 -0.0078665420581453399 -0.061328191997765888 0.082240400059940683 0.23447706633631973 0.03035757885299201 -0.01097472981589257 0.0035078322807124787 -0.0077691802062076825 -0.081446131674849667 0.049648775753159048 -0.12779590726884035 -0.021945342747294622 0.05515538339718918 0.043710525232613748 0.075898165941856222 -0.018377151172575334 0.058989103260400341 -0.14867265989459075 -0.070001859255862151 0.12889312052557095 -0.058969128422310918 -0.080391616336035698 -0.058192365657073308 -0.080209457784669022 -0.034165133574970349 0.023535796155727168 0.060736615372402339
leaf_weight=53.662990083044861 28.707307837321423 13.748763631563632 2.2584293429390523 19.317535874026362 167.93868744035717 154.02474640129367 3.3947253578517111 114.84650531230727 16.116635153652169 13.410324884054715 3.1300767511129362 6.5649963719770312 304.70517886092421 457.94007822172716 41.247462597326376 16.537210195558146 37.33804276608862 0.76692446303786965 31.79451709985733 18.768390845507383 33.256062793545425 56.69815281877527 14.062105382443411 12.523765304125844 4.3434879179112604 89.979429312399589 1.1317746388958756 3.1332132056122646 0.73526856658281747 9.0506763838347961 13.73645327624399 21.645494135911576 86.972511074622162 18.262286813696846
leaf_count=5333 2054 883 487 2028 3233 58725 71 9080 3108 3750 93 248 7929 7231 1578 1673 8074 9 226 893 2638 51987 1651 6669 876 139286 76 1071 345 2306 1593 1518 9259 785
internal_value=-0.000260704 -0.0062647 -0.0217655 0.019135 -0.0123267 -0.0268843 -0.0414921 0.00744783 0.00607007 0.00236407 0.00539015 0.096258 0.00118016 0.00836804 -0.00789745 -0.0146025 0.0195116 0.00212138 -0.00930974 0.000985915 0.00622973 0.0557991 0.0331195 -0.00534811 -0.0491252 -0.0619404 -0.0675312 0.021198 0.105101 0.000412618 -0.0395233 0.0181643 0.0120371 0.0531383
internal_weight=1871.75 1429.3 511.122 442.445 413.884 227.199 157.419 335.5 69.7796 918.183 186.684 9.69507 904.773 504.945 399.828 321.242 78.5855 306.793 179.146 133.615 491.196 106.945 50.2469 30.9294 18.4056 97.2381 91.1112 6.12691 2.9937 176.989 45.531 127.647 108.618 19.0292
internal_count=336766 248138 214382 88628 73117 67237 58796 25417 8441 33756 5880 341 30006 10752 19254 9602 9652 23363 11792 9973 9869 63211 11224 9196 2527 141265 139362 1903 832 5539 1819 11571 10777 794
is_linear=0
shrinkage=0.08


Tree=85
num_leaves=35
num_cat=0
split_feature=6 13 1 17 2 15 1 17 5 2 16 0 5 15 14 5 6 10 1 5 1 15 0 3 1 3 6 3 15 2 0 5 0 1
split_gain=29.4798 24.9741 15.6819 24.6223 19.4588 24.3399 12.8432 11.5557 11.2727 11.0933 21.0453 10.8471 10.7658 10.33 10.0443 10.0252 23.9311 8.08616 8.05172 7.87476 7.33782 8.85831 7.04396 5.74486 6.60787 6.61792 5.49092 5.78653 5.17065 4.58391 4.45059 4.42506 4.20825 8.89775
threshold=0.88023561239242565 1.0000000180025095e-35 90.070423126220717 1.0000000180025095e-35 0.40056291222572332 1.0000000180025095e-35 43.534002304077156 1.0000000180025095e-35 53.528240203857429 0.83055028319358837 1.0000000180025095e-35 29.679679870605472 84.650035858154311 1.0000000180025095e-35 1.0000000180025095e-35 93.03940582275392 0.96821317076683056 1.0000000180025095e-35 13.873295783996584 97.309360504150405 94.494949340820327 1.0000000180025095e-35 21.132376670837406 61.633426666259773 63.58288764953614 56.294013977050788 0.91879591345787059 31.643132209777836 1.0000000180025095e-35 0.55560007691383373 1.0000000180025095e-35 64.775318145751967 4.8199768066406259 4.301572561264039
decision_type=2 2 2 2 2 2 2 2 2 2 2 2 2 2 2 2 2 2 2 2 2 2 2 2 2 2 2 2 2 2 2 2 2 2
left_child=1 2 3 4 14 -6 11 20 -3 13 -11 12 -2 -9 -1 26 19 -8 30 -17 21 -4 -20 24 -19 -26 27 -13 31 -28 -14 -5 33 -10
right_child=6 8 7 28 5 -7 17 9 32 10 -12 15 18 -15 -16 16 -18 23 22 -21 -22 -23 -24 -25 25 -27 29 -29 -30 -31 -32 -33 -34 -35
leaf_value=-0.028912025067397113 0.093259242027588757 -0.07030117645285533 -0.047470043226218839 0.17900708043186761 -0.023268672244588492 0.0070641469550666702 0.075305165222633946 0.031854759480203471 -0.063684326187524301 -0.01674484221182029 0.025624448953151364 -0.14459033834165225 -0.064969096642776933 0.15084177538603435 0.011709334805184117 -0.20251855954470838 0.036332199813511802 0.01309820720784074 -0.069851527863973681 -0.50713967444619801 0.077768227975019699 0.05392832969841993 0.017371147217016256 0.033330984009056784 -0.042093783441429569 -0.40643975254785086 0.086397984405097716 -0.0014681782406818489 -0.066715197500573184 -0.040858233611709649 0.075043829289389782 0.080803950312281769 -0.021885976957653406 0.15055200466116328
leaf_weight=43.160408526659012 14.09538001171313 47.657947471772786 8.6734225990949199 4.5395267269341248 515.19633777969284 252.17880765913287 53.247316127992235 38.535131127515342 2.2006320613436392 159.34887082647765 141.79353504098253 2.5559396445751243 1.6371092949993897 5.3134660324431016 400.05058493214892 2.7531007063807915 3.4254739013267681 1.669884575530886 9.4923833755310643 0.67659884400200088 27.281826744554564 15.137546306359582 15.770537488511762 11.686273581814019 0.62312518712133147 0.65385781787335873 5.8553963806480152 6.1777928041992709 1.0807057624915621 2.623147314065136 12.919040946871972 8.3167127069900726 29.902827185753267 2.8443924454040825
leaf_count=4052 122 68302 689 110 128788 22897 44026 3727 54 8329 28617 14 243 435 10763 70 183 32 342 35 3428 1800 358 1838 25 31 39 57 59 58 2247 1695 3027 49
internal_value=0.000869477 -0.00208657 0.000100518 -0.00437518 -0.00559236 -0.0133005 0.0353868 0.0139375 -0.0449942 0.00867886 0.00320483 0.013239 0.0331739 0.0462733 0.00775358 -0.0314178 -0.113233 0.0608305 0.0119045 -0.262613 0.0494448 0.0169928 -0.0154022 0.00815983 -0.0916604 -0.228651 0.00116678 -0.0433531 0.101352 0.0470266 0.0592968 0.115479 -0.0104833 0.0571024
internal_weight=1849.08 1703.21 1620.61 1224.52 1210.59 767.375 145.862 396.084 82.6058 344.991 301.142 77.9819 53.9145 43.8486 443.211 24.0674 6.85517 67.8805 39.8191 3.4297 51.0928 23.811 25.2629 14.6331 2.94687 1.27698 17.2123 8.73373 13.9369 8.47854 14.5562 12.8562 34.9479 5.04502
internal_count=336541 286821 215389 168364 166500 151685 49720 47025 71432 41108 36946 3768 3312 4162 14815 456 288 45952 3190 105 5917 2489 700 1926 88 56 168 71 1864 97 2490 1805 3130 103
is_linear=0
shrinkage=0.08


Tree=86
num_leaves=35
num_cat=0
split_feature=0 10 5 5 0 10 5 1 6 6 6 14 6 0 6 6 4 9 6 4 6 3 4 1 6 3 18 4 0 4 1 14 5 5
split_gain=28.8947 20.27 31.6535 17.3356 12.5772 11.1433 8.85173 18.7926 11.6515 16.8481 13.5573 11.5136 9.15594 10.1015 8.00677 7.59304 7.45579 7.20708 7.10481 7.03929 6.28891 6.07792 7.29646 6.66526 5.41828 5.29332 4.23856 5.5005 4.22758 4.03955 3.68723 3.58717 6.87198 3.29957
threshold=87.226108551025405 1.0000000180025095e-35 51.871871948242195 58.355855941772468 7.4772884845733651 1.0000000180025095e-35 86.28794097900392 41.060766220092781 0.87521871924400341 0.70156684517860424 0.81611520051956188 1.0000000180025095e-35 0.57551923394203197 9.1608390808105487 0.6396811604499818 0.7462858557701112 46.190130233764656 1.0000000180025095e-35 0.63579535484313976 83.791332244873061 0.64984723925590526 58.123168945312507 33.413078308105476 61.651582717895515 0.84718990325927745 99.462364196777358 1.0000000180025095e-35 94.385730743408217 27.639257431030277 84.866104125976577 7.7677223682403573 1.0000000180025095e-35 70.997890472412124 43.645593643188484
decision_type=2 2 2 2 2 2 2 2 2 2 2 2 2 2 2 2 2 2 2 2 2 2 2 2 2 2 2 2 2 2 2 2 2 2
left_child=1 6 -3 14 24 -5 8 12 9 11 -11 -1 30 -14 18 16 20 -18 33 28 -16 22 -6 -23 -4 31 -27 -28 -10 -21 -8 -7 -33 -2
right_child=3 2 4 5 21 25 7 -9 19 10 -12 -13 13 -15 15 -17 17 -19 -20 29 -22 23 -24 -25 -26 26 27 -29 -30 -31 -32 32 -34 -35
leaf_value=-0.0078083339550834444 0.0092930702371912793 -0.07057394749766259 0.054358045071115635 0.071561354211287523 0.090542123880981651 0.068939109936167406 -0.017319110305730117 0.04964433150986252 0.089982494990211423 -0.048597059103585541 0.00038588425714350817 0.01280972694715312 0.022509148429401785 -0.0088926215643043583 -0.16364448512543367 0.12297856777093405 -0.057657991642044035 -0.20502522896606182 0.25344325704144854 -0.1465577573319061 0.051955837187289751 0.090270820600805185 -0.039201650887656106 -0.006789881565569829 -0.095531974888320367 0.027344484246783197 -0.066156560575423295 0.080433847114907225 0.028101826193862194 0.017608506478058866 -0.072860665659100765 -0.44258231700500328 0.082168585769925875 0.052884174114889715
leaf_weight=559.93981403026555 114.1656082625268 71.130486875365023 23.961888657649983 62.509009443165269 2.8987034624442449 11.336836829083037 20.203275024658069 63.593986714724451 13.080848859506661 96.59292440104764 57.803632555704098 251.05927802121732 129.88220423122402 132.3931150031276 1.0440354706952408 1.6609042726922769 8.5194169140886498 2.8292574295774093 0.79500255273887788 1.7907542677130543 5.0741690322174691 4.8398674475611179 64.523862215864938 70.279879342124332 1.6497276262380172 11.444208406843245 9.6429159664548916 1.9734880849719054 15.365921004617119 2.0660025972756557 12.311132584698496 0.26076091453433115 0.41218783287331462 12.311743847676551
leaf_count=65678 5141 138915 350 57749 114 844 152 20855 145 5553 2456 12091 5702 2174 65 94 107 79 34 165 168 455 8141 4882 65 1179 846 388 1510 261 70 3 45 392
internal_value=-0.000448473 -0.00436963 -0.0258367 0.0251917 -0.00691248 0.0513118 -0.000581703 0.0102025 -0.00445549 -0.00603693 -0.0302586 -0.00142564 0.0016938 0.00665795 0.00778202 -0.0404775 -0.0560203 -0.0943971 0.0150349 0.0428061 0.0151649 -0.0161866 -0.0336236 -0.000536387 0.0447031 0.0152191 -0.00721017 -0.0412526 0.0565568 -0.0586165 -0.0383492 0.0582868 -0.121167 0.0135364
internal_weight=1839.35 1595.37 239.284 243.98 168.154 97.5794 1356.08 358.384 997.699 965.396 154.397 810.999 294.79 262.275 146.4 19.1278 17.4669 11.3487 127.272 32.3035 6.1182 142.542 67.4226 75.1197 25.6116 35.0704 23.0606 11.6164 28.4468 3.85676 32.5144 12.0098 0.672949 126.477
internal_count=336868 269734 152922 67134 14007 61054 116812 28953 87859 85778 8009 77769 8098 7876 6080 513 419 186 5567 2081 233 13592 8255 5337 415 3305 2413 1234 1655 426 222 892 48 5533
is_linear=0
shrinkage=0.08


Tree=87
num_leaves=35
num_cat=0
split_feature=0 10 5 5 5 12 5 1 5 18 3 13 3 2 2 10 2 3 4 6 6 6 5 3 0 3 6 2 3 4 2 16 4 6
split_gain=23.5184 21.4664 27.2315 18.6134 11.2761 9.73709 14.4807 18.8608 12.721 10.7691 9.01856 8.73993 8.28953 14.0266 7.31431 6.53924 5.84585 5.79876 8.07254 5.60034 5.24425 6.47831 5.28115 5.09352 5.65736 6.83261 4.76246 4.68023 3.8784 12.9395 3.79828 6.44338 6.16547 3.75226
threshold=86.526824951171889 1.0000000180025095e-35 51.871871948242195 75.088653564453139 96.633934020996108 1.0000000180025095e-35 46.395877838134773 48.683298110961921 52.467130661010749 1.0000000180025095e-35 69.631092071533217 1.0000000180025095e-35 19.433517456054691 0.73350545763969432 0.84765011072158825 1.0000000180025095e-35 0.93684458732604992 16.064516067504886 45.476087570190437 0.96572864055633556 0.50297710299491893 0.81611520051956188 38.07201004028321 45.035211563110359 24.440019607543949 20.144927978515629 0.65307843685150158 0.44447496533393865 82.807880401611342 41.277122497558601 0.99772727489471447 1.0000000180025095e-35 87.528800964355483 0.89332941174507152
decision_type=2 2 2 2 2 2 2 2 2 2 2 2 2 2 2 2 2 2 2 2 2 2 2 2 2 2 2 2 2 2 2 2 2 2
left_child=1 4 16 14 5 6 11 -8 10 -10 -7 -1 17 33 -2 -5 -3 18 -4 -15 -16 22 -22 24 26 -26 -6 -19 29 -18 -17 32 -32 -14
right_child=3 2 12 15 23 8 7 -9 9 -11 -12 -13 13 19 20 30 28 27 -20 -21 21 -23 -24 -25 25 -27 -28 -29 -30 -31 31 -33 -34 -35
leaf_value=-0.0024400135632956055 0.077859799533314011 -0.073130976567790759 0.089004769166047368 0.073579310904025488 0.0065225062840137508 -0.064641406350843783 0.0095440803634779282 0.065338828437538091 0.008030925984468416 -0.013699202807396076 0.0244351084790961 -0.073530243348836385 -0.053686832629564897 0.0075433477764863133 0.017002861794441163 0.072521086319294673 -0.083385230559526652 0.020316959185479141 -0.0042552537503499381 -0.15785019490411337 -0.072337416933503568 0.093127346382003207 -0.0079756816351329567 0.074576734972609832 -0.37042697660387236 -0.014696023643204397 0.054470248450910141 0.25041369001829311 0.0034143278360901246 0.81721351565082279 -0.24676740208770942 0.017160288563711677 0.080578242039679518 0.039916363315859717
leaf_weight=335.03881332330639 9.3650180937256646 64.710183514165692 7.6218576746759927 49.168065542704426 24.565439131110907 39.110208471189253 193.82503118360182 48.472069894167362 237.29091502947267 379.22625617531594 8.9364199381670897 11.446092053665778 52.71545998234069 71.619243699533399 99.936532849766081 6.1193305442575374 0.24076248594792449 1.021257838525343 26.922513294906821 1.3346764829475422 9.5238801178638806 3.590393941034562 56.946530032058945 13.114084385568274 0.35383056709542771 14.783303943462668 28.80262406449765 1.2684354264056308 0.8953395071439445 0.17728497413918376 1.2096209451556195 12.598684271797538 0.52940824395045627 2.8912147013470522
leaf_count=13648 358 138708 79 55154 259 29761 11538 9098 8465 16864 1285 10760 8909 3981 3777 821 56 52 556 131 1007 1504 3408 9322 22 944 3742 50 135 14 89 1979 79 37
internal_value=-0.000180932 -0.0038113 -0.0263048 0.0226578 8.79756e-05 -0.00178829 0.00570306 0.0207059 -0.00842539 -0.00533551 -0.0480736 -0.00478847 -0.00896611 -0.0185527 0.00902982 0.057765 -0.0697396 0.0244937 0.0163216 0.00451751 0.00523803 -0.0115436 -0.0171974 0.0289 0.020156 -0.0230112 0.0323998 0.147785 0.0973518 0.298539 0.0197556 -0.00276468 -0.147114 -0.04882
internal_weight=1815.37 1566.38 231.418 248.987 1334.97 1253.35 588.782 242.297 664.564 616.517 48.0466 346.485 165.395 128.561 179.362 69.6251 66.0236 36.8341 34.5444 72.9539 169.997 70.0608 66.4704 81.6193 68.5052 15.1371 53.3681 2.28969 1.31339 0.418047 20.457 14.3377 1.73903 55.6067
internal_count=336592 268416 152708 68176 115708 101419 45044 20636 56375 25329 31046 24408 13795 13058 10054 58122 138913 737 635 4112 9696 5919 4415 14289 4967 966 4001 102 205 70 2968 2147 168 8946
is_linear=0
shrinkage=0.08


Tree=88
num_leaves=35
num_cat=0
split_feature=5 1 13 9 2 1 11 4 18 5 8 1 2 15 17 2 4 8 4 4 18 1 5 5 5 4 1 3 2 18 11 15 8 0
split_gain=23.915 22.9541 18.7617 17.4716 10.0245 15.1373 9.35764 8.76315 8.15734 12.1838 7.63654 7.24432 7.22193 17.5703 34.7162 19.3209 11.1581 8.31078 7.17332 8.79531 8.18269 7.97811 6.70111 6.65831 6.40668 6.69698 6.31554 6.2057 7.62454 6.49085 6.03783 5.16755 5.75547 4.99102
threshold=81.853973388671889 39.314987182617195 1.0000000180025095e-35 1.0000000180025095e-35 0.40056291222572332 9.1966171264648455 1.5000000000000002 44.163812637329109 1.0000000180025095e-35 83.654914855957045 1.0000000180025095e-35 8.3920187950134295 0.42470984160900122 1.0000000180025095e-35 1.0000000180025095e-35 0.66029790043830883 52.839963912963874 1.0000000180025095e-35 52.519609451293952 50.802230834960945 1.0000000180025095e-35 61.435895919799812 96.794738769531264 84.101531982421889 83.654914855957045 41.799478530883796 7.2077922821044931 62.418830871582038 0.52539688348770153 1.0000000180025095e-35 2.5000000000000004 1.0000000180025095e-35 1.0000000180025095e-35 38.757823944091804
decision_type=2 2 2 2 2 2 2 2 2 2 2 2 2 2 2 2 2 2 2 2 2 2 2 2 2 2 2 2 2 2 2 2 2 2
left_child=2 4 6 22 8 11 12 -4 24 -10 -7 -6 16 14 -14 -15 -1 -18 19 -8 -20 -22 27 -11 25 -2 -21 29 -29 -3 31 -9 -33 -12
right_child=1 3 7 -5 5 10 18 30 9 23 33 -13 13 15 -16 -17 17 -19 20 26 21 -23 -24 -25 -26 -27 -28 28 -30 -31 -32 32 -34 -35
leaf_value=0.02296955599973341 -0.143612582290612 0.0085201711024500641 -0.073533797985445334 0.058629351986415321 -0.40516504775770179 0.073916389541429608 0.041964451772845295 -0.041535220622028114 0.073547914612418192 -0.066070991003262206 -0.010798718426058403 -0.085415110698490046 -0.031536044850459466 0.10195521556628288 0.042324468905499631 -0.0013422602791359442 0.1109296247304235 -0.018756920570381561 0.041427334703228083 0.019278282084115195 -0.0088477190509118602 -0.15000305316180343 0.081021024257671465 0.0031666406503533737 0.05067294810186574 0.02072942199607038 0.2564405796219632 0.61730096262839218 0.013263757794276788 -0.084715864653165718 0.11004541517630978 0.16412517178021341 -0.0045838230200395376 -0.14921124440618724
leaf_weight=128.01556307863211 2.2593851741403332 9.1117284431820735 35.693135394802084 104.88168754964136 0.88327380130067357 6.8628867270890614 19.010416832665218 29.248199681576807 15.412672086386008 9.4503774279728514 162.06635532400105 0.93194534606300294 314.5788706652238 11.861591719120041 46.784491927537601 503.36904997329111 3.2841627971502012 85.376669501682045 20.18976122076856 1.0438727128785097 15.564816865837203 3.0677022143499917 6.7562496241298495 149.67890222137794 50.187577344244346 5.3320918744429946 2.3063518357812427 0.13421140622813155 38.200256703770719 10.049107561586425 2.2011485974071539 1.6650889708544125 5.8092086145770727 1.6846490507014085
leaf_count=10887 18 251 61296 67272 24 150 1362 8557 117 51 2100 21 123083 2577 2688 34128 47 2384 1598 16 376 310 2889 4285 2242 65 159 10 6589 210 72 128 1015 15
internal_value=0.000270087 0.0137538 -0.00602579 0.0385045 0.00341121 -0.0112027 -0.00351293 -0.0449041 0.0142577 0.00563276 -0.00875777 -0.241003 -0.0052168 -0.00844946 -0.0219736 0.00103584 0.00786135 -0.0139531 0.0269333 0.0630272 0.00614416 -0.0320879 0.00565341 -0.000945247 0.0403123 -0.0281823 0.182545 -0.003203 0.0153785 -0.0403785 -0.0186506 -0.0263647 0.0330004 -0.0122227
internal_weight=1802.95 573.883 1229.07 169.133 404.75 172.429 1154.45 74.6168 232.321 174.542 170.614 1.81522 1093.27 876.594 361.363 515.231 216.676 88.6608 61.1829 22.3606 38.8223 18.6325 64.2516 159.129 57.7791 7.59148 3.35022 57.4953 38.3345 19.1608 38.9236 36.7225 7.4743 163.751
internal_count=336992 86309 250683 77221 9088 2310 179615 71068 6778 4453 2265 45 175794 162476 125771 36705 13318 2431 3821 1537 2284 686 9949 4336 2325 83 175 7060 6599 461 9772 9700 1143 2115
is_linear=0
shrinkage=0.08


Tree=89
num_leaves=35
num_cat=0
split_feature=6 3 4 10 5 4 6 5 2 4 18 4 5 2 5 6 4 6 5 6 0 0 3 2 6 0 2 4 6 10 2 6 5 2
split_gain=19.0707 15.3718 15.7283 13.8562 23.9071 12.3964 14.4753 12.4113 11.8 11.7836 11.5087 10.2984 9.52269 11.5925 10.7344 8.45783 18.6933 9.37168 7.34518 9.79107 7.18057 14.257 6.63349 6.32874 8.23837 6.26346 13.5666 7.5302 5.23663 4.99038 4.84423 5.9128 4.3337 3.92408
threshold=0.88023561239242565 42.488718032836921 83.791332244873061 1.0000000180025095e-35 43.359737396240241 80.717849731445327 0.76525962352752697 76.220237731933608 0.41875874996185308 36.40611648559571 1.0000000180025095e-35 89.561393737792983 90.636241912841811 0.62391540408134472 99.797569274902358 0.69262680411338817 67.507961273193374 0.82751414179801952 44.497102737426765 0.5269363820552827 42.163742065429695 47.943662643432624 14.724480628967287 1.0000000180025095e-35 0.90822467207908641 25.866189002990726 0.69488087296485912 58.853387832641609 0.54358357191085827 1.0000000180025095e-35 0.99772727489471447 0.67720997333526622 22.557928085327152 0.33350533246994024
decision_type=2 2 2 2 2 2 2 2 2 2 2 2 2 2 2 2 2 2 2 2 2 2 2 2 2 2 2 2 2 2 2 2 2 2
left_child=3 2 33 5 30 10 -7 -8 23 18 12 -9 13 -1 -14 16 -12 -17 19 -6 22 -22 -10 24 -4 27 -27 -11 -20 -3 -5 32 -32 -2
right_child=1 29 8 4 9 6 7 11 20 25 15 -13 14 -15 -16 17 -18 -19 28 -21 21 -23 -24 -25 -26 26 -28 -29 -30 -31 31 -33 -34 -35
leaf_value=-0.0085317394402555299 -0.09367705141883409 0.075140852521418056 -0.51150859878315236 -0.078264382575215022 0.60918200588829541 0.064798482448990266 -1.0695614042533195 -0.032141989323639118 -0.30847744671722649 0.055054834958984146 -0.0075273298888735261 0.040295934749023009 0.050033261030450853 0.013928110611763675 -0.28397852851773925 -0.039945165004169107 0.071449358908325045 0.0084795493389938636 0.0091499123952729269 -0.080263573304289598 -0.57873332485104945 0.082174105538539571 -0.040235620941822932 0.061056521349073106 -0.028544303028117217 -0.058013418651489811 -0.0057816110806347748 -0.01683834103215745 0.10779279277257522 0.019187086748403127 0.3916081661776466 0.54765913003681654 -0.022507425249722737 0.05252448304155518
leaf_weight=274.47064087699982 1.2193475831300009 40.958398518559989 0.26796849654056032 44.417631176329451 0.34445111046079446 40.029238177172374 0.069290912244467928 26.761646017082967 0.60186028713361039 17.133372268057428 517.21003975838539 23.671089078416117 37.815824121178593 316.87507708782505 0.62598534330027078 97.221880377881462 19.919532364525367 34.709380235173739 8.4321510648878739 0.21356453211046755 0.46526782063301553 0.37910166103392839 30.000109377724584 11.15695535240229 1.4447636657860128 44.202468239178415 113.66519587181392 20.457313892547973 5.8227095013717181 13.584756956202908 0.16845486592501302 0.12717819726094592 4.0523558491840959 32.25790306343697
leaf_count=28409 49 43593 16 109971 68 11009 4 5485 37 1662 41573 9589 2828 22208 37 6773 1016 2222 410 377 17 39 1057 2036 228 26323 14886 323 594 1901 9 15 1118 575
internal_value=-0.000576393 0.0286426 0.00581226 -0.00292212 -0.0199088 0.000244889 0.0288674 0.000387415 -0.0254524 -0.00820466 -0.00175013 0.00185745 0.00601162 0.00350347 0.0445942 -0.00905627 -0.00459847 -0.0272053 0.0605886 0.345316 -0.0518613 -0.282002 -0.0455112 0.0390761 -0.104107 -0.0134182 -0.0204064 0.0159297 0.0494428 0.0612048 -0.0703756 0.010214 -0.00597985 0.0471994
internal_weight=1780.75 132.336 77.7933 1648.42 259.037 1389.38 90.5313 50.502 44.316 210.271 1298.85 50.4327 629.788 591.346 38.4418 669.061 537.13 131.931 14.8129 0.558016 31.4463 0.844369 30.602 12.8697 1.71273 195.458 157.868 37.5907 14.2549 54.5432 48.7656 4.34799 4.22081 33.4773
internal_count=336457 49548 4054 286909 155756 131153 26087 15078 3430 44643 105066 15074 53482 50617 2865 51584 42589 8995 1449 445 1150 56 1094 2280 244 43194 41209 1985 1004 45494 111113 1142 1127 624
is_linear=0
shrinkage=0.08


Tree=90
num_leaves=35
num_cat=0
split_feature=11 4 6 6 8 10 5 4 6 2 5 1 10 6 2 2 1 1 5 18 4 6 5 5 3 5 4 1 2 2 5 5 6 5
split_gain=19.0425 15.44 13.6407 16.3272 12.7671 12.0509 24.2623 11.0764 7.75832 11.7211 9.36085 7.5852 13.6908 9.95498 7.39208 12.0414 7.22277 8.99229 7.18747 8.98627 17.803 9.35619 9.19443 6.88268 6.64436 6.63349 6.51413 7.8473 5.49205 5.51517 5.4602 4.83495 10.6939 4.70578
threshold=1.5000000000000002 79.377197265625014 0.8333338499069215 0.69664907455444347 1.0000000180025095e-35 1.0000000180025095e-35 45.354831695556648 74.007873535156264 0.6396811604499818 0.37860269844532018 62.977544784545906 38.924964904785163 1.0000000180025095e-35 0.76064607501029979 0.47378084063529974 0.51111784577369701 54.669988632202156 30.368906021118168 98.441547393798842 1.0000000180025095e-35 97.570808410644545 0.86214745044708263 96.019802093505874 98.31455230712892 16.064516067504886 61.374887466430671 51.911645889282234 5.0641026496887216 0.5016106665134431 0.61016923189163219 83.09690093994142 96.633934020996108 0.98051974177360546 96.633934020996108
decision_type=2 2 2 2 2 2 2 2 2 2 2 2 2 2 2 2 2 2 2 2 2 2 2 2 2 2 2 2 2 2 2 2 2 2
left_child=1 2 3 5 25 7 -7 -1 9 10 -2 13 -13 14 -3 -16 17 24 19 20 23 22 -21 -10 -4 -5 27 -12 30 -30 -15 32 -14 -6
right_child=8 11 16 4 33 6 -8 -9 18 -11 26 12 31 28 15 -17 -18 -19 -20 21 -22 -23 -24 -25 -26 -27 -28 -29 29 -31 -32 -33 -34 -35
leaf_value=-0.0014552952488879475 0.093690088548110492 0.090960695852499343 -0.0040076248998510292 -0.086007246621156913 -0.038701606673741007 -0.069586683460407028 -0.0044657114621046781 0.10511573732967497 0.03552650321681234 0.096420065600040628 0.0040065651290531043 0.063197250813863223 -0.013854587635726395 0.1180758778004377 -0.13083203574786359 0.049408116195426822 0.067041589496370582 -0.033159349644780012 0.066102563296328243 -0.022509861355066461 -0.72853096576994147 0.059581258922397337 -0.18617445372641545 -0.55819529192983075 0.062164530179166587 0.064273323538932101 0.037699828600274175 -0.18652409715529647 -0.054027109750606622 0.0411924925637943 -0.00019839321078398789 0.0810876548485399 -0.5301241829846306 0.091344597856295867
leaf_weight=1001.2463437529514 4.7571702877758062 12.571914884028958 16.97351090144366 2.2197646850254378 155.29050056415144 51.617718091583811 125.98770666104974 6.2808125409064806 53.932588795170886 21.473278215707978 2.5581153566017729 50.064423696370795 24.150062388041995 2.6714220247231415 3.1630936628207555 9.4876703537302074 20.838793725823052 18.931338566122577 16.276960795163177 38.324834653525613 0.19659030321054061 8.6852923383703438 2.3304046847624695 0.12525031762197514 22.698270503344247 12.274835304997394 3.7179959729546681 3.0128993666730821 23.601532700238753 4.6619977833470321 38.501056370791048 3.5088248096872112 0.25954086892306705 1.8014622532646161
leaf_count=82513 93 373 429 416 11922 120818 29409 767 11486 1870 44 46195 2651 20 27 86 6337 485 8707 2943 42 2630 566 80 388 1278 72 48 287 167 2567 618 16 110
internal_value=-0.000330277 -0.00291338 -0.00563065 -0.00751728 -0.0305817 -0.00417795 -0.0233919 -0.000790943 0.0264131 0.0592518 0.00243044 0.0196909 0.0381658 0.00447072 0.0475161 0.00434234 0.0265895 0.012205 0.0166826 0.00891773 0.0313873 -0.0157896 -0.0318913 0.0341509 0.0338529 0.0412587 -0.0443063 -0.0990357 -0.0111655 -0.0383209 0.00747568 -0.00672157 -0.0193439 -0.0372103
internal_weight=1764.19 1608.8 1436.16 1356.72 171.587 1185.13 177.605 1007.53 155.391 35.5195 14.0462 172.642 77.9829 94.6587 25.2227 12.6508 79.4419 58.6031 119.872 103.595 54.2544 49.3405 40.6552 54.0578 39.6718 14.4946 9.28901 5.57101 69.436 28.2635 41.1725 27.9184 24.4096 157.092
internal_count=336460 307879 254872 247233 13726 233507 150227 83280 28581 2127 257 53007 49480 3527 486 113 7639 1302 26454 17747 11608 6139 3509 11566 817 1694 164 92 3041 454 2587 3285 2667 12032
is_linear=0
shrinkage=0.08


Tree=91
num_leaves=35
num_cat=0
split_feature=11 1 17 5 3 15 9 5 8 10 17 1 16 6 4 1 3 4 6 1 1 3 3 0 15 6 1 4 4 6 5 4 5 12
split_gain=19.6408 16.6122 19.9731 13.5192 13.0706 23.9434 21.7236 21.3942 17.7117 8.25713 8.10014 6.79094 6.07581 8.21915 6.51407 5.95543 6.31308 5.55867 4.80617 8.75481 8.17117 5.20048 5.02071 4.98736 4.78416 4.46533 4.42768 11.154 4.29619 3.90603 3.71356 5.87067 4.70503 4.89475
threshold=1.5000000000000002 90.595520019531264 1.0000000180025095e-35 85.127449035644545 24.316333770751957 1.0000000180025095e-35 1.0000000180025095e-35 62.977544784545906 1.0000000180025095e-35 1.0000000180025095e-35 1.0000000180025095e-35 45.867485046386726 1.0000000180025095e-35 0.64363023638725292 84.515426635742202 94.494949340820327 90.054946899414077 52.839963912963874 0.62946256995201122 25.15822792053223 20.761494636535648 30.0684928894043 23.845060348510746 1.0000000180025095e-35 1.0000000180025095e-35 0.60741040110588085 21.680376052856449 78.283874511718764 46.882476806640632 0.89713951945304882 53.826629638671882 51.630626678466804 81.106575012207045 1.0000000180025095e-35
decision_type=2 2 2 2 2 2 2 2 2 2 2 2 2 2 2 2 2 2 2 2 2 2 2 2 2 2 2 2 2 2 2 2 2 2
left_child=1 2 4 10 8 7 -7 -6 -1 -5 15 18 13 -12 -14 16 -3 -10 19 25 22 28 23 -20 -4 -2 27 -22 -21 -24 -13 -32 33 -33
right_child=11 3 24 9 5 6 -8 -9 17 -11 12 30 14 -15 -16 -17 -18 -19 20 21 26 -23 29 -25 -26 -27 -28 -29 -30 -31 31 32 -34 -35
leaf_value=0.082745771037757682 0.0022294234998843426 -0.069059332496712186 0.10394842733859355 0.074980929337132643 -0.050440324022097423 -0.006682796742348094 0.059967305433695162 -0.013552813397559656 0.0072178049470198466 0.0075439001635338168 -0.0012992549870648495 -0.040951035176479689 0.016055061250050948 -0.048958700386907264 -0.29878064432990548 0.067358476820481253 0.034596284721129592 -0.0098517979446544092 -0.030638996164967056 0.11327114432318151 0.0034957754059580961 0.073724766130827027 -0.14678309070459195 0.043312998577042627 -0.063865906103188014 0.088496668584651661 -0.01288925894548364 -0.35738036060206391 0.33755287486992019 0.086318507182149118 0.15674176719110816 0.072718319360361092 0.074232775795485359 -0.042810360434000334
leaf_weight=16.225314705952769 15.371950398024643 5.2039078258385443 12.216082308499605 31.080888445780147 167.09684650262352 220.79896768147592 36.46646947984118 252.96651504107285 221.2804627622827 18.558663327246904 167.21737126531661 2.3031834692228577 120.34320459753508 26.881278082932113 0.4220702622551461 21.749664383911295 13.556611856038215 272.39963749982417 6.702208546223118 1.0242953298729838 1.5330934567027719 3.2626115177408792 1.7447720876662054 45.184526345517952 1.1934643917484216 5.1188455231604157 34.834600300411694 0.85319705633446563 1.1720769066596401 0.62483041919767845 3.8677763338637297 4.0647225659922714 19.757562169455923 5.5543454068247229
leaf_count=1114 264 510 2813 40759 163821 30224 5444 7225 18687 2568 9089 137 12829 2830 262 1883 893 7096 327 91 39 169 54 2999 104 144 1490 22 29 24 603 1186 20570 370
internal_value=-0.000739884 -0.00334943 -0.00807555 0.0106609 -0.00917214 -0.0164552 0.00276462 -0.0282263 0.000502268 0.0497684 0.00519828 0.0266506 0.000866027 -0.00789975 0.0149547 0.0388706 0.00584365 -0.00220075 0.0173766 0.0477641 0.0087564 0.137791 0.02856 0.0337606 0.0890128 0.02378 -0.020111 -0.125532 0.232957 -0.0853175 0.057286 0.0640919 0.0518935 0.00600851
internal_weight=1758.63 1605.66 1200.64 405.014 1187.23 677.329 257.265 420.063 509.905 49.6396 355.374 152.975 314.864 194.099 120.765 40.5102 18.7605 493.68 117.427 25.9498 91.4772 5.45898 54.2563 51.8867 13.4095 20.4908 37.2209 2.38629 2.19637 2.3696 35.5476 33.2444 29.3766 9.61907
internal_count=336669 308151 236528 71623 233611 206714 35668 171046 26897 43327 28296 28518 25010 11919 13091 3286 1403 25783 5652 697 4955 289 3404 3326 2917 408 1551 61 120 78 22866 22729 22126 1556
is_linear=0
shrinkage=0.08


Tree=92
num_leaves=35
num_cat=0
split_feature=13 6 0 12 5 5 6 6 5 5 6 6 5 5 0 5 2 3 0 6 0 5 1 10 6 1 5 1 5 6 0 1 0 18
split_gain=16.0797 13.6981 11.7973 11.2638 18.0924 11.2435 19.2716 15.6092 10.8177 10.7044 10.4908 13.6122 11.2601 10.3041 9.47977 9.01372 8.93765 8.14497 9.9228 7.68787 7.28143 7.20951 7.25636 6.88422 6.79588 8.58628 6.4511 6.2322 3.92861 4.29551 4.13624 7.06964 4.73411 3.73679
threshold=1.0000000180025095e-35 0.82234114408493053 58.102025985717781 1.0000000180025095e-35 52.737262725830085 41.56573677062989 0.55607405304908764 0.50018540024757396 41.686414718627937 35.624311447143562 0.69262680411338817 0.55301484465599071 97.883537292480483 53.528240203857429 30.368906021118168 57.790622711181648 0.73350545763969432 69.631092071533217 41.421361923217781 0.67720997333526622 56.294013977050788 83.09690093994142 5.6349205970764169 1.0000000180025095e-35 0.82751414179801952 72.871574401855483 87.112743377685561 31.311274528503422 85.798320770263686 0.69664907455444347 4.5983085632324228 4.5983085632324228 47.413022994995124 1.0000000180025095e-35
decision_type=2 2 2 2 2 2 2 2 2 2 2 2 2 2 2 2 2 2 2 2 2 2 2 2 2 2 2 2 2 2 2 2 2 2
left_child=1 3 14 5 17 7 15 9 -8 -1 11 -6 -12 -2 21 -7 27 -5 -19 -9 -18 22 -3 24 25 -4 -23 -16 29 30 31 -15 -32 -31
right_child=13 2 23 4 10 6 8 19 -10 -11 12 -13 -14 28 16 -17 20 18 -20 -21 -22 26 -24 -25 -26 -27 -28 -29 -30 33 32 -33 -34 -35
leaf_value=0.0025272800890722507 -0.068595574876926579 -0.037406492070031286 -0.90312942171827337 -0.062114467959555136 -0.026975920827771085 0.12805643313082046 0.52260322609377985 -0.059650100793612222 0.010796100408986986 0.28173661444118159 -0.024297574010740359 0.008270904527332909 0.048547415747670686 -0.0079303983818343905 -0.11903874081719358 0.041133695654180402 0.087017071803717191 0.84900613856211649 -0.01181512108542516 0.57851318356607395 -0.1131150902267766 -0.041679951136877683 0.064348298130024337 0.012733400794560938 0.075209925568875222 -0.05803446620979525 0.019421808355038744 -0.022051530345974939 0.089310230449972522 -0.0053716865986514926 -0.038702655598349581 0.20649895798693307 0.048663792744355575 -0.094752553815631496
leaf_weight=410.41248771102983 34.680981779514696 5.1917908956529564 0.08226055046543379 52.89811412995914 84.047973127977457 13.781095049052967 0.26469061317038622 29.467911127867414 180.85220604203641 0.88067401028820214 189.00770261732396 423.29165883659152 14.632038613955954 2.434979846468198 4.7052334331092416 17.120322566770483 7.4791387766017561 0.085957948409489116 28.720448140491499 0.12131278903689136 1.3778331444482317 13.836529154446906 32.959827087121084 21.030246290261857 38.826086903311079 1.1904935564380137 55.085331507143565 42.908827237552032 2.486103097209706 5.5799825998838042 12.243215160851834 1.651399452704936 5.8738241573446421 6.4583933659596369
leaf_count=13940 68341 73 18 72626 2106 1136 180 35208 25334 437 15588 23691 7187 48 86 707 2211 43 6509 149 298 186 748 2604 46880 601 4123 1628 1046 662 1380 18 419 406
internal_value=-0.000146417 0.00144297 0.0198199 -0.00141318 -0.00782209 0.00636784 0.0215067 -0.000912346 0.0115441 0.00312513 -0.00372493 0.00243177 -0.0190635 -0.0373224 0.00861234 0.0798986 -0.0179092 -0.0434749 -0.00924644 -0.0570337 0.0558836 0.0225999 0.0505012 0.0498046 0.069247 -0.112655 0.00715522 -0.0316358 -0.00779215 -0.0148422 0.00602157 0.0787254 -0.0103771 -0.0533231
internal_weight=1741.67 1670.26 224.674 1445.58 792.684 652.901 212.018 440.882 181.117 411.293 710.979 507.34 203.64 71.4089 163.545 30.9014 56.471 81.7045 28.8064 29.5892 8.85697 107.073 38.1516 61.1291 40.0988 1.27275 68.9219 47.6141 36.7279 34.2418 22.2034 4.08638 18.117 12.0384
internal_count=336617 264297 59456 204841 127750 77091 27357 49734 25514 14377 48572 25797 22775 72320 9353 1843 4223 79178 6552 35357 2509 5130 821 50103 47499 619 4309 1714 3979 2933 1865 66 1799 1068
is_linear=0
shrinkage=0.08


Tree=93
num_leaves=35
num_cat=0
split_feature=13 0 5 5 12 5 5 6 6 5 6 5 18 0 10 18 3 11 3 1 16 3 3 6 6 6 5 6 6 5 6 16 5 16
split_gain=16.9045 11.8147 10.1352 9.22595 8.9463 20.0741 16.4962 12.5552 10.5596 10.2026 8.8151 8.44269 8.99016 8.36106 7.45377 6.61987 8.56748 6.3301 5.27911 5.27679 5.04748 5.51854 4.8693 3.78557 10.6099 3.11282 3.0532 12.2114 25.29 3.15153 3.37841 2.3511 1.9146 1.83895
threshold=1.0000000180025095e-35 90.054946899414077 63.869945526123054 53.528240203857429 1.0000000180025095e-35 51.871871948242195 43.963836669921882 0.50297710299491893 0.55174127221107494 35.624311447143562 0.51820772886276256 98.598102569580092 1.0000000180025095e-35 49.719100952148445 1.0000000180025095e-35 1.0000000180025095e-35 69.631092071533217 1.5000000000000002 81.661396026611342 9.1966171264648455 1.0000000180025095e-35 99.462364196777358 33.137254714965827 0.62400871515274059 0.62761634588241588 0.62400871515274059 54.067844390869148 0.63309633731842052 0.62306937575340282 58.892297744750984 0.56336331367492687 1.0000000180025095e-35 49.130369186401374 1.0000000180025095e-35
decision_type=2 2 2 2 2 2 2 2 2 2 2 2 2 2 2 2 2 2 2 2 2 2 2 2 2 2 2 2 2 2 2 2 2 2
left_child=1 4 18 31 6 15 7 9 10 -1 -8 12 -7 -10 -4 16 -6 26 -3 -9 21 -20 -13 -16 -25 -22 27 28 -5 33 -31 -2 -33 -28
right_child=3 2 14 17 5 11 8 19 13 -11 -12 22 -14 -15 23 -17 -18 -19 20 -21 25 -23 -24 24 -26 -27 29 -29 -30 30 -32 32 -34 -35
leaf_value=-0.00081683154616426536 -0.077380897122137929 0.089309084198586589 0.06958023760184219 -0.031395773157786536 -0.049517242514565164 0.0062831664834022815 0.021995076109156988 0.022668196828217305 0.0082721209150180327 0.20037607944006414 0.11631047759392167 0.014343340251165491 -0.011742574216406371 0.044528087260415065 0.084151017372977213 -0.076161221783750316 0.044273282083259827 0.083968439272768799 0.025051401229366142 -0.073351733600251573 0.030823420289318407 -0.026990001735792277 0.069212759221797301 -0.49216532447580102 0.0053055034439025064 -0.011206629602091952 -0.092185074960335109 -0.085164269598635378 1.6403437599101671 -0.13124395042599393 -0.0066777224886552808 -0.039121930952097421 0.1018747911514416 0.087623952659740101
leaf_weight=324.2854933871422 28.816505326103652 4.8972631543292655 37.492667577840621 0.15369361237390222 22.763519144791648 287.70365816741833 12.023598809537363 4.3989227828569737 163.7768355133594 1.6211735119286448 13.422201004170345 52.261824364715721 460.51617162881303 54.173629814700689 3.9429392865858999 30.556903045973741 8.5837054662697465 4.0213853398454367 18.588593832566403 21.892439256771468 47.206928119761869 43.695528930809814 12.907570224575464 0.27823942899704235 19.786712491651997 14.817310261656528 5.3626582321594496 0.51900331245269626 0.092935226392000914 1.4829958874033788 23.077917619957589 3.0405670513282526 0.77308567502768699 0.39053163095377375
leaf_count=11024 67295 164 52994 61 24439 13942 295 137 9217 552 520 3545 28192 12241 148 49268 2620 580 486 38133 3108 853 8929 12 2810 597 1151 172 17 29 1890 1009 26 12
internal_value=0.000230468 0.00182739 0.0205621 -0.0389456 -0.000601629 -0.00574823 0.00696188 -0.00410614 0.0229775 0.000183972 0.0717448 -0.00240595 -0.00481136 0.0172839 0.0472937 -0.049664 -0.0238349 -0.010478 0.00783809 -0.0572862 0.00462845 -0.0114583 0.0252109 0.0124893 -0.00159289 0.0207826 -0.0226984 0.135078 0.598553 -0.0266833 -0.0141991 -0.0695688 -0.0105397 -0.0799795
internal_weight=1729.33 1661.59 190.706 67.7313 1470.89 875.293 595.594 352.198 243.396 325.907 25.4458 813.389 748.22 217.95 61.5006 61.9041 31.3472 35.1011 129.206 26.2914 124.308 62.2841 65.1694 24.0079 20.065 62.0242 31.0797 0.765632 0.246629 30.3141 24.5609 32.6302 3.81365 5.75319
internal_count=336468 264226 61172 72242 203054 130935 72119 49846 22273 11576 815 54608 42134 21458 55964 76327 27059 3912 5208 38270 5044 1339 12474 2970 2822 3705 3332 250 78 3082 1919 68330 1035 1163
is_linear=0
shrinkage=0.08


Tree=94
num_leaves=35
num_cat=0
split_feature=6 0 13 10 10 11 6 14 12 6 6 6 2 6 2 6 6 2 13 6 2 3 3 14 3 15 0 2 16 14 18 11 6 6
split_gain=14.2046 11.0395 8.16972 6.74775 6.61276 6.15148 6.54332 8.53012 5.84306 7.13324 9.66325 7.03998 5.89452 6.9327 5.8042 5.61357 5.25129 4.55404 4.30691 4.10899 8.12844 3.40902 7.54615 4.55712 5.38111 4.25442 3.60632 3.61691 3.38835 2.98331 2.62906 3.37671 2.60932 5.64079
threshold=0.83971107006073009 57.321428298950202 1.0000000180025095e-35 1.0000000180025095e-35 1.0000000180025095e-35 1.5000000000000002 0.7282359004020692 1.0000000180025095e-35 1.0000000180025095e-35 0.55301484465599071 0.65196564793586742 0.5142931640148164 0.42470984160900122 0.64984723925590526 0.63637980818748485 0.58874645829200756 0.84718990325927745 0.38933566212654119 1.0000000180025095e-35 0.59640809893608104 0.49187898635864263 25.15822792053223 25.866189002990726 1.0000000180025095e-35 58.578638076782234 1.0000000180025095e-35 4.1241495609283456 0.36584249138832098 1.0000000180025095e-35 1.0000000180025095e-35 1.0000000180025095e-35 1.5000000000000002 0.49413250386714941 0.47142750024795538
decision_type=2 2 2 2 2 2 2 2 2 2 2 2 2 2 2 2 2 2 2 2 2 2 2 2 2 2 2 2 2 2 2 2 2 2
left_child=2 21 5 15 -3 8 32 17 12 11 -11 -10 13 -1 -14 -4 28 -8 -18 20 -17 26 -23 24 -24 -25 27 -2 -6 -21 31 -28 33 -7
right_child=1 4 3 -5 16 6 7 -9 9 10 -12 -13 14 -15 -16 19 18 -19 -20 29 -22 22 23 25 -26 -27 30 -29 -30 -31 -32 -33 -34 -35
leaf_value=0.04276306961087948 -0.017616027001955917 0.072611666959406518 -0.074306393853228153 -0.069713295812345991 -0.0041363648437702846 -0.11282638815984963 -0.20835334645100539 0.037190714530214615 0.0010465980112331656 0.004702295154700502 -0.015157116750014953 -0.045163271539839935 -0.018469956818217052 -0.017982091397277904 0.0029490620954403819 0.38032876666222309 0.030105333233600987 -0.035022163702991826 -0.36319034240177267 -0.023398034926857735 -0.077642723667487298 -0.16316419114366526 -0.0002098679414451525 -0.14206783134277029 0.097808825030167898 0.039281233172279197 -0.0063512369544461416 -0.22792714382616358 -0.23886134686248339 0.027325239568516436 0.042783145633164391 0.061675353646118779 0.027153977455597739 0.24371550788979723
leaf_weight=42.936595512233907 5.2124284317251286 33.267405558086466 7.7500193902233141 20.437278900441015 0.74835002725012845 0.40254608911345602 1.016644447925503 13.766324280237312 32.121632837021025 301.20935652317712 327.09221340162912 61.49384654298774 97.416619760013418 16.701478388538817 479.59727716512862 0.51944610723876294 15.371157959103581 21.196388714888599 0.18029018165543753 18.980463247280568 0.47470121571677737 1.8496592976152886 64.687175150786061 2.609681758156511 3.7948275520175221 1.2126283081597651 20.826364849461246 0.58176190825179208 0.83028131211176515 12.185236045159401 32.287359263107646 6.0198521165875709 74.011968906168477 0.96423203247832134
leaf_count=1966 553 46426 5329 54313 33 40 43 1555 6004 60031 44557 10596 27372 725 44143 138 2269 5880 32 9311 502 34 2658 126 1260 129 795 12 70 1843 1975 549 5355 46
internal_value=-0.000923428 0.0197387 -0.00348182 -0.0323307 0.0518172 -0.00229744 0.015779 -0.01229 -0.00377912 -0.00870605 -0.00563646 -0.0293076 0.00180767 0.0257516 -0.000667087 -0.0131876 0.0114335 -0.0429552 0.0255458 0.00154112 0.161649 0.00811474 -0.00360499 0.000476784 0.00522169 -0.0845348 0.0214998 -0.0387322 -0.12759 -0.00356613 0.0274017 0.00890268 0.0291767 0.138706
internal_weight=1719.75 189.479 1530.27 60.3471 50.3975 1469.93 111.358 35.9794 1358.57 721.917 628.302 93.6155 636.652 59.6381 577.014 39.9099 17.1301 22.213 15.5514 32.1598 0.994147 139.082 74.154 72.3043 68.482 3.82231 64.9278 5.79419 1.57863 31.1657 59.1336 26.8462 75.3787 1.36678
internal_count=336670 56921 279749 71436 48830 208313 12919 7478 195394 121188 104588 16600 74206 2691 71515 17123 2404 5923 2301 11794 640 8091 4207 4173 3918 255 3884 565 103 11154 3319 1344 5441 86
is_linear=0
shrinkage=0.08


Tree=95
num_leaves=35
num_cat=0
split_feature=6 13 4 1 17 17 14 1 15 3 15 4 3 6 3 4 18 0 3 10 4 14 1 0 8 4 6 3 4 1 6 8 6 4
split_gain=14.6464 10.5937 10.3906 8.72016 14.3408 13.6389 12.6283 17.055 7.88023 6.93032 6.25114 6.25072 9.72944 6.54391 8.85268 40.3155 6.76569 5.80955 5.68174 4.17451 4.27939 4.1745 4.485 3.571 3.4044 4.5329 3.38199 2.76669 2.60163 2.4257 3.03955 1.81555 1.74121 2.86303
threshold=0.88023561239242565 1.0000000180025095e-35 44.163812637329109 92.907444000244155 1.0000000180025095e-35 1.0000000180025095e-35 1.0000000180025095e-35 11.215932846069338 1.0000000180025095e-35 16.064516067504886 1.0000000180025095e-35 83.791332244873061 84.660633087158217 0.95176818966865551 83.43881988525392 92.874069213867202 1.0000000180025095e-35 51.89995193481446 9.6399536132812518 1.0000000180025095e-35 96.787097930908217 1.0000000180025095e-35 9.1966171264648455 1.0000000180025095e-35 1.0000000180025095e-35 50.802230834960945 0.84718990325927745 26.36544227600098 51.911645889282234 94.494949340820327 0.68186369538307201 1.0000000180025095e-35 0.90453773736953746 94.14215469360353
decision_type=2 2 2 2 2 2 2 2 2 2 2 2 2 2 2 2 2 2 2 2 2 2 2 2 2 2 2 2 2 2 2 2 2 2
left_child=1 3 -3 4 6 29 7 -1 17 -8 27 -2 13 14 16 -16 -13 -7 21 23 -21 -4 -23 -15 25 -20 -10 -6 -26 31 -31 -5 33 -14
right_child=11 2 18 5 10 8 9 -9 26 -11 -12 12 32 19 15 -17 -18 -19 24 20 -22 22 -24 -25 28 -27 -28 -29 -30 30 -32 -33 -34 -35
leaf_value=-0.078614465666121472 0.051782386038859853 -0.07403728304354025 -0.087927537333147857 0.061811452596555759 -0.051726537308896273 -0.024222035315916473 0.0088155355772063498 -0.009534491815678418 -0.00061449201418852417 -0.020938196947813733 -0.078384376866272906 -0.064911687750767652 0.02993743542453163 -0.14016017268104766 0.080418832796525716 -2.0782164658101632 0.011288720445069208 0.050674300468994224 0.15317392412441266 -0.14289756294174533 0.081745404079461417 0.04290365309155212 0.22709122437312249 0.039889961806017636 -0.074417229932165152 -0.10894345427268244 0.067148885945797487 0.11384169434484591 -0.017850112112282532 0.054362923709080475 0.11624360551161096 -0.034210892578811963 0.074955879783641488 -0.27477050793867996
leaf_weight=23.668048236751929 41.949929192691343 25.334854885863024 1.3667347764130653 2.4653834006749094 0.69050238397903463 8.123841053893555 406.34659889759496 681.17154453309195 277.74191395731759 57.147637397574726 1.3693432939471684 13.811336071550619 1.5897938290145273 0.72520442376845196 0.21889714515418646 0.074122588470345363 16.209110640600557 36.00480814720504 1.3839513922284847 1.7393975520972156 0.78885763883590687 8.1502959926729073 0.94411015725927505 25.29190487638698 7.5869488899916204 0.60763423214666534 4.7950848544132887 10.006819167989304 16.564005751308287 16.119109082908839 7.4180985213024533 2.5779899412009426 15.399348040722542 0.22532095704809751
leaf_count=1676 9628 61036 156 184 22 1204 11117 143110 32551 12405 67 2020 1716 147 147 57 2380 3825 252 103 91 524 21 8920 7030 123 3461 1753 2181 1139 2344 689 24021 251
internal_value=-0.000205513 -0.00221459 -0.0346521 -0.000906264 -0.00421343 0.0100827 -0.00510957 -0.0118542 0.00544611 0.00514698 0.0825531 0.0269898 0.0133182 -0.00215428 -0.0280396 -0.465632 -0.0237684 0.0368863 -0.00739211 0.0253343 -0.0728052 0.0424335 0.0620246 0.0348712 -0.0273302 0.0732017 0.000535556 0.103154 -0.0356205 0.0630772 0.0738655 0.0127283 0.0662207 -0.00788777
internal_weight=1715.61 1597.59 61.9385 1535.65 1180.4 355.246 1168.33 704.84 326.666 463.494 12.0667 118.023 76.0733 58.8588 30.3135 0.29302 30.0204 44.1286 36.6037 28.5454 2.52826 10.4611 9.09441 26.0171 26.1425 1.99159 282.537 10.6973 24.151 28.5806 23.5372 5.04337 17.2145 1.81511
internal_count=336351 286870 71323 215547 170150 45397 168308 144786 41041 23522 1842 49481 39853 13865 4604 204 4400 5029 10287 9261 194 701 545 9067 9586 375 36012 1775 9211 4356 3483 873 25988 1967
is_linear=0
shrinkage=0.08


Tree=96
num_leaves=35
num_cat=0
split_feature=5 18 3 2 11 0 1 5 5 8 4 4 0 3 12 5 6 4 6 0 2 0 3 2 15 2 0 5 1 4 11 0 1 6
split_gain=11.0726 10.9425 10.0234 8.45486 19.05 15.8403 11.4758 10.2745 10.0542 8.95701 8.81185 7.89914 7.82252 13.0644 14.4063 20.6848 11.9093 7.79699 22.8907 7.25218 7.11794 7.04891 8.76655 7.03168 15.9762 7.09246 6.59434 6.21865 5.21536 5.1446 4.77478 5.41804 6.72806 6.43678
threshold=97.732414245605483 1.0000000180025095e-35 33.137254714965827 0.60169368982315075 1.0000000180025095e-35 28.759398460388187 39.314987182617195 97.309360504150405 90.636241912841811 1.0000000180025095e-35 67.507961273193374 41.396726608276374 74.322341918945327 28.759398460388187 1.0000000180025095e-35 64.775318145751967 0.6386706829071046 93.367176055908217 0.78365594148635875 60.660173416137702 0.60315892100334179 61.435895919799812 72.065574645996108 0.91000398993492138 1.0000000180025095e-35 0.88611632585525524 35.111427307128913 96.019802093505874 22.378716468811039 44.074714660644538 1.5000000000000002 1.0000000180025095e-35 5.3342816829681405 0.63309633731842052
decision_type=2 2 2 2 2 2 2 2 2 2 2 2 2 2 2 2 2 2 2 2 2 2 2 2 2 2 2 2 2 2 2 2 2 2
left_child=1 3 26 5 17 8 27 19 9 -1 -10 -8 13 14 16 -16 -3 20 -19 -7 -5 28 -23 24 25 -14 30 -6 -15 -26 31 33 -33 -2
right_child=2 12 -4 4 6 7 11 -9 10 -11 -12 -13 23 21 15 -17 -18 18 -20 -21 -22 22 -24 -25 29 -27 -28 -29 -30 -31 -32 32 -34 -35
leaf_value=0.088588377198502197 0.0093828725103522938 0.068865934768188627 0.076997501797958681 0.26698661804500023 -0.023752709862094532 -0.031369133674121488 0.089280999704957634 -0.31786498512200828 0.090665380058249243 -0.0021968252037759977 0.012641867141814705 0.037244522787548438 0.013789655797569623 -0.13950704813367237 -0.066109017340595044 -0.00075813287613416078 -0.0042818861499961374 -1.2534083126400779 -0.08111993975829998 0.05980505142574901 0.0034793569210490849 0.0094178068678072279 -0.048684322377764627 -0.0016057302972596334 0.078649802848465664 -0.14061598313333781 -0.30813598318665042 -0.36378878634205991 -0.030609527554153533 0.1907687280249615 0.06489591261567805 0.078795031843077387 -0.0052313246290693208 -0.2078649085891269
leaf_weight=7.1905943925958118 1.8589239949360483 31.109170003212057 21.161783134157304 0.65735964289342419 11.021797720750325 106.17453460321121 25.047055765106052 0.78037213161587615 15.936708480119703 212.51200856160722 22.125273877056316 73.329814870470727 24.89400838776783 2.8538200569746541 35.077812076779082 266.48874578659888 26.277753563394072 0.1199248926131975 0.95964649002416991 5.893399952678009 334.07746598115773 66.303560283849947 22.179221896425588 119.13064095543814 9.4242386368860007 2.0616018199798409 0.40923910238779981 0.35530843609012741 205.19961100527144 3.6273619831481474 9.6921335367951524 7.5878099091351023 31.076743550307583 1.6454628983046857
leaf_count=365 19 3013 24327 386 1285 31792 2040 23 253 15892 1277 35118 4013 506 12207 3191 3153 27 234 1237 61075 16664 3638 21921 355 262 16 9 87565 535 1754 490 1480 141
internal_value=0.000156783 -0.00121155 0.0305452 0.00533532 0.0127613 -0.00359253 0.041696 -0.0285888 0.00735075 0.000774462 0.0453106 0.0504932 -0.0077709 -0.0116336 -0.00136828 -0.00835966 0.0353712 0.00330456 -0.211344 -0.0265745 0.00399684 -0.0240596 -0.00514616 0.00813946 0.037158 0.0019805 0.0117389 -0.0343721 -0.0321032 0.10981 0.0142631 0.00262556 0.0112586 -0.0926245
internal_weight=1704.24 1630.81 73.4321 816.181 445.568 370.613 109.754 112.848 257.765 219.703 38.062 98.3769 814.628 655.49 358.953 301.567 57.3869 335.814 1.07957 112.068 334.735 296.536 88.4828 159.138 40.0072 26.9556 52.2703 11.3771 208.053 13.0516 51.8611 42.1689 38.6646 3.50439
internal_count=336263 308036 28227 151013 100174 50839 38452 33052 17787 16257 1530 37158 157023 129937 21564 15398 6166 61722 261 33029 61461 108373 20302 27086 5165 4275 3900 1294 88071 890 3884 2130 1970 160
is_linear=0
shrinkage=0.08


Tree=97
num_leaves=35
num_cat=0
split_feature=11 6 0 4 14 0 4 6 6 4 6 5 0 1 1 5 6 0 5 5 1 2 11 8 4 5 1 2 2 5 10 6 4 5
split_gain=11.4767 9.81514 12.6135 11.0686 6.71108 16.2514 13.8825 18.826 11.1132 7.50138 6.68685 17.7932 6.33413 15.4034 9.43191 5.62718 7.9908 5.64143 5.34521 5.21048 5.63092 5.124 4.56015 4.46505 3.85391 3.74561 14.4088 3.39426 6.25497 3.3709 2.87839 7.12563 9.83032 2.7505
threshold=2.5000000000000004 0.82234114408493053 58.102025985717781 67.507961273193374 1.0000000180025095e-35 12.632978916168215 73.029678344726577 0.66618579626083385 0.736912101507187 56.268712997436531 0.61170959472656261 62.149042129516609 9.1608390808105487 39.314987182617195 6.7231638431549081 83.09690093994142 0.90822467207908641 32.305501937866218 64.775318145751967 81.106575012207045 5.6349205970764169 0.6745823621749879 8.5000000000000018 1.0000000180025095e-35 58.082538604736335 78.297103881835952 5.0641026496887216 0.449656292796135 0.61016923189163219 66.841186523437514 1.0000000180025095e-35 0.82751414179801952 66.135383605957045 82.554244995117202
decision_type=2 2 2 2 2 2 2 2 2 2 2 2 2 2 2 2 2 2 2 2 2 2 2 2 2 2 2 2 2 2 2 2 2 2
left_child=1 4 3 19 5 21 7 -7 -8 10 18 -12 14 -14 -11 17 -17 -5 -6 20 -3 23 24 -1 -2 26 -26 -27 -29 -28 31 32 -4 -21
right_child=22 2 30 15 9 6 8 -9 -10 12 11 -13 13 -15 -16 16 -18 -19 -20 33 -22 -23 -24 -25 25 27 29 28 -30 -31 -32 -33 -34 -35
leaf_value=0.096414415308223339 0.10518443045693127 -0.089290316692036006 0.06904533099455383 0.044665504007376296 0.021253975632456911 -0.0033326736726917243 0.050510477183521363 -0.034438465722759631 -0.0011047278535137107 -0.011924894425396361 -0.019766933033017523 0.054619562679904227 -0.08980104249883801 0.017444030320377203 0.037600944642802184 -0.046635707400578895 0.0021816756717053481 -0.028394916297791929 -0.0062114228570615479 0.19967707471853544 0.031924969319638202 0.31103222163656752 -0.35726531450859206 -0.078579208001831616 -0.48709484098118894 0.077337187601948215 -0.13279546378462675 -0.041242875070459796 0.08084448891821637 0.12943673031507966 0.026416474142062669 0.072709332756979578 -0.3961514615820152 0.070789012407220783
leaf_weight=0.9688311850768575 6.5854328711575425 2.6883974581724059 0.6908115310070595 20.691525302594531 72.389200050572981 699.54221439819958 47.538476547430037 151.49197414319497 60.895497290504863 111.54806094360538 30.683134521270404 62.501753399206791 18.177422357024625 16.218815369444201 31.576896004495211 37.928432102227816 49.422260702267522 10.049029157555195 121.40780988972983 1.1733817558269937 27.976092311640969 0.22527132794493709 0.17601810616906632 25.353842921555042 0.41719376854598778 10.683955325279387 0.45906140905572079 5.9561370838782732 4.8913337589765433 0.99097018965403549 20.729197997774463 29.586462594685145 0.50196561723714694 10.933560986828523
leaf_count=34 354 60 131 167 13185 189533 8744 26421 13855 2208 10666 858 431 2448 663 1611 4913 255 1196 24 1335 22 11 2485 6 1254 27 286 5836 85 2650 44686 398 252
internal_value=-0.000169592 -0.00105664 0.0150061 0.00397371 -0.0034084 -0.00714328 -0.00543486 -0.00886979 0.0215239 0.00451976 0.0125156 0.0301262 -0.00840636 -0.0392319 -0.000998273 -0.00865551 -0.0190153 0.0207822 0.00404776 0.0388428 0.0212979 -0.068887 0.0487382 -0.0721384 0.0511216 0.0359059 -0.0727851 0.0453317 0.0138087 0.0464174 0.0494608 0.0649806 -0.126727 0.0832806
internal_weight=1693.05 1662.89 212.371 160.863 1450.52 986.016 959.468 851.034 108.434 464.503 286.982 93.1849 177.521 34.3962 143.125 118.091 87.3507 30.7406 193.797 42.7714 30.6645 26.5479 30.1601 26.3227 29.9841 23.3987 1.86723 21.5314 10.8475 1.45003 51.5084 30.7792 1.19278 12.1069
internal_count=337090 329231 56482 8617 272749 241094 238553 215954 22599 31655 25905 11524 5750 2879 2871 6946 6524 422 14381 1671 1395 2541 7859 2519 7848 7494 118 7376 6122 112 47865 45215 529 276
is_linear=0
shrinkage=0.08


Tree=98
num_leaves=35
num_cat=0
split_feature=16 18 4 3 14 1 9 4 5 9 4 2 2 1 4 5 14 4 10 1 1 0 0 11 3 2 3 18 3 2 18 4 5 4
split_gain=10.0992 9.81556 14.7431 10.1643 17.5072 12.7486 32.7284 9.63614 9.61643 9.47016 8.83846 8.60051 8.55898 8.3407 7.6264 7.38031 7.21238 7.04062 6.72135 9.86154 9.54153 5.91653 10.5198 61.7128 5.63302 6.1978 6.19216 8.13031 5.50802 5.00374 4.80217 4.41426 4.22862 4.06302
threshold=1.0000000180025095e-35 1.0000000180025095e-35 76.325832366943374 8.4219856262207049 1.0000000180025095e-35 39.314987182617195 1.0000000180025095e-35 41.396726608276374 66.841186523437514 1.0000000180025095e-35 1.0000000180025095e-35 0.36761814355850225 0.33350533246994024 5.926250934600831 78.805706024169936 68.438713073730483 1.0000000180025095e-35 51.358736038208015 1.0000000180025095e-35 6.7231638431549081 42.967033386230476 65.26175689697267 64.346244812011733 1.5000000000000002 72.377109527587905 0.89146339893341076 68.323558807373061 1.0000000180025095e-35 72.850124359130874 0.93684458732604992 1.0000000180025095e-35 43.645593643188484 87.540847778320327 32.189514160156257
decision_type=2 2 2 2 2 2 2 2 2 2 2 2 2 2 2 2 2 2 2 2 2 2 2 2 2 2 2 2 2 2 2 2 2 2
left_child=1 3 11 4 14 8 10 -8 29 24 -7 12 17 15 -1 -6 -10 -3 19 -13 -20 22 32 -24 25 26 27 -2 30 -5 -26 -14 -4 -15
right_child=9 2 21 5 13 6 7 -9 16 -11 -12 18 31 33 -16 -17 -18 -19 20 -21 -22 -23 23 -25 28 -27 -28 -29 -30 -31 -32 -33 -34 -35
leaf_value=-0.070573284309733503 0.10705403824543121 0.01857784188148668 0.043503765405285097 -0.050204875774614896 0.050193148891737663 0.0053193927852543954 0.086835083119359183 0.031411252240751093 -0.00059136586839890471 0.051964394269431731 -0.023379442810306 -0.038246766410904465 -0.016992955251626911 -0.012429723379095847 -0.39453972761512279 -0.0028922480886056983 -0.050345692880298769 -0.04683358520710737 0.0099733241393363883 -0.0091625132911195423 -0.057299053988538927 0.070381657265003436 0.081934313828800676 -2.9378904374203008 -0.055883932993179349 0.085872933488192901 -0.090577515060603575 -0.028945850992940003 0.0018999802859429253 0.30494312798255979 -0.45461281907749745 0.03456243546766314 0.0035390061329537543 0.068227672017225141
leaf_weight=7.4449459029710843 5.3007710283272917 17.381513254222227 21.831873397633899 48.06715165116475 25.729001913510729 165.05525546940044 27.035271273198305 77.99974570159975 134.48337522073416 37.808567113766912 117.62242449582845 92.083475795807317 13.256369825656291 4.4577913644025093 0.49603442929219443 48.088372644968331 21.648043446708471 26.721997021377319 17.894290321171866 393.24397793971002 54.866538130969275 12.088236333773237 0.23690702507155847 0.052999488572822884 0.51510743104154144 11.312254472810308 3.240380873263347 5.9949359001329867 129.68180961090547 0.25524440407752891 0.3094444437592756 53.626639711583266 75.687456403742544 38.673111564072315
leaf_count=539 401 1469 315 20192 1466 3390 2089 18008 2147 48082 74719 2324 601 77 30 1482 317 583 4977 40909 78839 10068 82 26 38 606 290 631 12652 2 49 1233 6438 1559
internal_value=-0.00112992 -0.00335773 -0.00957491 0.00339628 0.0241365 -0.000977864 0.00754612 0.045677 -0.0171422 0.0160354 -0.00662222 -0.0140354 0.00630371 0.0319415 -0.0908099 0.0156106 -0.00748994 -0.0210545 -0.0180802 -0.0146808 -0.0407546 0.0175811 0.0110555 -0.470137 0.00734727 0.0414669 0.00690934 0.0348752 0.000589467 -0.0483289 -0.205522 0.024344 0.012486 0.0598913
internal_weight=1690.19 1496.03 778.972 717.056 124.889 592.167 387.713 105.035 204.454 194.163 282.678 669.075 110.987 116.948 7.94098 73.8174 156.131 44.1035 558.088 485.327 72.7608 109.897 97.8092 0.289907 156.355 25.8483 14.5361 11.2957 130.506 48.3224 0.824552 66.883 97.5193 43.1309
internal_count=336630 273881 147864 126017 5153 120864 98206 20097 22658 62749 78109 130935 3886 4584 569 2948 2464 2052 127049 43233 83816 16929 6861 108 14667 1928 1322 1032 12739 20194 87 1834 6753 1636
is_linear=0
shrinkage=0.08


Tree=99
num_leaves=35
num_cat=0
split_feature=13 5 11 12 5 5 4 3 18 17 3 5 4 15 4 4 5 2 4 5 4 4 1 1 4 11 3 1 5 5 1 5 16 4
split_gain=11.0564 10.9305 9.05412 8.19361 16.9228 13.7836 11.4877 10.3129 13.0515 7.35658 6.89133 5.9677 5.51988 5.34041 4.80325 5.69534 5.7473 5.34473 4.75062 4.14627 5.31991 4.06028 3.96514 3.94593 3.26363 3.21391 3.00751 7.2399 2.85643 2.32729 2.17372 1.87101 1.68951 1.44386
threshold=1.0000000180025095e-35 58.892297744750984 2.5000000000000004 1.0000000180025095e-35 44.392032623291023 55.013227462768562 22.026123046875004 48.834688186645515 1.0000000180025095e-35 1.0000000180025095e-35 7.4772884845733651 36.93287658691407 96.982700347900405 1.0000000180025095e-35 41.187486648559577 53.957811355590827 79.18729400634767 0.76346477866172802 51.03807449340821 70.997890472412124 51.911645889282234 48.01960754394532 31.662488937377933 35.767591476440437 38.364128112792976 1.5000000000000002 20.144927978515629 17.712418556213382 55.013227462768562 85.798320770263686 32.583417892456062 78.297103881835952 1.0000000180025095e-35 26.709129333496097
decision_type=2 2 2 2 2 2 2 2 2 2 2 2 2 2 2 2 2 2 2 2 2 2 2 2 2 2 2 2 2 2 2 2 2 2
left_child=2 25 3 4 6 9 22 8 -6 10 -5 -8 18 -9 -3 19 17 -17 -7 20 -16 -11 -1 -14 -4 32 31 -28 -27 -29 -18 -26 -2 -34
right_child=1 14 24 5 7 12 11 13 -10 21 -12 -13 23 -15 15 16 30 -19 -20 -21 -22 -23 -24 -25 26 28 27 29 -30 -31 -32 -33 33 -35
leaf_value=0.15236401499862373 -0.076053697803702122 -0.12834962509743719 0.17306451058203812 0.0018597367593018246 -0.00146980667853535 0.0069166503818140256 -0.073384434347994312 0.0750387908105387 0.048598063842082991 0.023993979136500629 -0.062498648177702773 -0.012127383124481661 0.0080684106449123057 0.031892721715087488 0.060986465601475921 -0.058069951982244725 0.10974427803676752 0.07822147941752787 -0.0068365697694737415 -0.088890466518594682 0.24933546453765951 -0.049805804175685697 0.00070075704556045329 0.080485679159471288 -0.0069975817137619099 -0.080429875032968834 -0.28823736623559837 -0.020157483065774629 0.16010750241264607 0.050598432462786377 -0.001711756254458589 0.084123714183411233 0.14317223047088015 -0.033810990668197281
leaf_weight=1.10630298918113 28.596623941353755 1.6453241793205986 1.2535849969717698 13.450584573147351 127.16039061939227 226.62281378696207 20.838848562838393 27.142209360463312 45.153221243235748 16.894192798441512 51.106086387546384 19.8961277056369 10.835972250439228 56.742849656002363 4.5507145114243057 11.520463058957832 2.8660217823926351 2.1918437690474084 552.90027540540905 0.84653590689413238 1.2162573849782345 6.6489517526933914 401.22272061969852 8.6673121784988307 1.687967746984216 0.54544406218337715 0.48441483685746689 4.4993028803000916 0.7510111122392118 8.7823706535273214 1.8381421396916264 9.9038519891328161 0.32433839255827424 3.2627389861008851
leaf_count=19 68479 31 25 3360 6570 8483 27128 6158 2084 2924 78874 16666 1549 27779 156 533 91 219 51631 24 68 433 10475 12618 34 306 19 448 28 5877 1347 1210 43 986
internal_value=-0.000472812 -0.0341479 0.000783072 6.77927e-06 0.00648261 -0.00509769 -0.00298109 0.0228489 0.01165 -0.0351288 -0.0490894 -0.0434647 -0.00178648 0.0458532 0.00405626 0.0127598 -0.0101084 -0.0362844 -0.00283824 0.0764404 0.100709 0.00315177 0.00111779 0.0402508 0.0470602 -0.0645871 0.0408311 0.0155493 0.0589087 0.0266291 0.0661931 0.0708549 -0.0695619 -0.0178084
internal_weight=1673.16 60.1555 1613 1586.39 699.263 887.126 443.064 256.199 172.314 88.0998 64.5567 40.735 799.026 83.8851 26.6753 25.03 18.4165 13.7123 779.523 6.61351 5.76697 23.5431 402.329 19.5033 26.6115 33.4802 25.3579 13.7661 1.29646 13.2817 4.70416 11.5918 32.1837 3.58708
internal_count=336675 72311 264364 256751 96879 159872 54288 42591 8654 85591 82234 43794 74281 33937 2469 2438 2190 752 60114 248 224 3357 10494 14167 7613 69842 7588 6344 334 6325 1438 1244 69508 1029
is_linear=0
shrinkage=0.08


Tree=100
num_leaves=35
num_cat=0
split_feature=13 2 1 16 5 2 15 2 3 1 1 5 1 15 3 3 3 2 5 16 15 3 1 9 3 5 5 2 11 5 12 10 5 3
split_gain=12.0871 9.86074 8.40516 12.7207 6.98 6.02489 8.62601 22.6641 19.0828 13.0352 21.8628 7.51454 6.56902 8.81898 14.133 5.38918 4.58288 4.92795 3.54856 3.74578 3.16671 4.02772 6.37879 3.15551 2.97522 2.97622 2.8959 2.86902 2.75633 2.34198 3.45416 2.11442 2.01855 1.66146
threshold=1.0000000180025095e-35 0.95605227351188671 99.462364196777358 1.0000000180025095e-35 79.18729400634767 0.92000734806060802 1.0000000180025095e-35 0.66029790043830883 81.302967071533217 94.494949340820327 81.165538787841811 41.396726608276374 83.910789489746108 1.0000000180025095e-35 88.998897552490249 87.585617065429702 75.147060394287124 0.95352423191070568 55.013227462768562 1.0000000180025095e-35 1.0000000180025095e-35 4.8199768066406259 4.301572561264039 1.0000000180025095e-35 62.115564346313484 62.149042129516609 42.821605682373054 0.54979932308197033 2.5000000000000004 91.844291687011733 1.0000000180025095e-35 1.0000000180025095e-35 53.528240203857429 84.273937225341811
decision_type=2 2 2 2 2 2 2 2 2 2 2 2 2 2 2 2 2 2 2 2 2 2 2 2 2 2 2 2 2 2 2 2 2 2
left_child=1 5 33 29 18 6 9 27 -9 10 -1 -11 16 15 -15 -14 26 -18 19 -2 21 22 -20 -5 -22 -26 -7 -8 -23 30 -4 -21 -25 -3
right_child=4 2 3 23 -6 12 7 8 -10 11 -12 -13 13 14 -16 -17 17 -19 20 31 24 28 -24 32 25 -27 -28 -29 -30 -31 -32 -33 -34 -35
leaf_value=-0.0023209706247081276 -0.075984720705332368 0.17174199243885885 -0.014072755621117917 0.02186907671877231 0.059643118801713184 -0.16818449884594014 0.17553013762827896 0.0037164412854563946 0.12291004412460897 0.008691698633397393 -0.065667548779752102 0.07095256496875714 -0.26077474296171466 -0.037486211668651723 0.098264772417492013 -0.083857229635972017 0.044232165830694406 -0.39152560444646584 -0.068260491408808396 0.050635419012249008 0.14612151838674448 -0.05758752172336476 0.12273492805741336 -0.039021405903682277 -0.08881167206457978 0.076436809680992493 0.033252807194494416 0.084028126398201161 0.1071773270574712 0.08018845996183295 -0.072149144352230396 -0.081675796221849742 0.063612333768308216 0.058076871806663329
leaf_weight=935.25175513002614 23.018709159689028 0.8505994711304109 39.785281329037389 76.337818302796222 4.5660904190153806 1.2072793897823455 2.5189293923613176 313.3770477376238 8.8388744528638181 27.084550010797102 36.219446568618878 22.893286614125827 1.4182371854258224 48.281174002040643 5.4637253461114588 4.941104872879805 14.011726560798703 0.16808738585678007 2.1042003429029199 2.5761561595718367 1.2337759713700496 17.242990984348584 2.3904687343165278 1.3093879431544362 1.3438298241235318 1.4504026559297925 0.73472941110958334 16.952574811206432 0.67525162163656105 1.4321641259011801 7.8469719483109648 1.1043741944449723 19.35494619680685 25.39046803554811
leaf_count=142159 67861 57 1539 9118 1370 22 112 28982 899 1324 7826 7554 279 8625 1326 481 1825 43 40 90 31 1546 25 102 50 187 56 2712 10 2344 641 944 37742 8788
internal_value=0.000700836 0.00198893 0.0200748 0.0125858 -0.0352742 -0.000176148 0.0010478 0.012051 0.0069861 -0.00263291 -0.00468273 0.0372115 -0.0220637 -0.0342268 -0.0236857 -0.123313 0.0232818 0.0390667 -0.04343 -0.0640028 -0.0226562 -0.0343931 0.0333195 0.0293762 0.0426508 -0.00303612 -0.0919738 0.0958653 -0.0513783 -0.0206096 -0.0236403 0.0109343 0.057109 0.0617613
internal_weight=1669.38 1611.67 172.308 146.067 57.7063 1439.36 1363.14 341.687 322.216 1021.45 971.471 49.9778 76.2261 60.1042 53.7449 6.35934 16.1218 14.1798 53.1402 26.6992 26.4409 22.4129 4.49467 97.0022 4.02801 2.79423 1.94201 19.4715 17.9182 49.0644 47.6323 3.68053 20.6643 26.2411
internal_count=336710 264556 60331 51486 72154 204225 191568 32705 29881 158863 149985 8878 12657 10711 9951 760 1946 1868 70784 68895 1889 1621 65 46962 268 237 78 2824 1556 4524 2180 1034 37844 8845
is_linear=0
shrinkage=0.08


Tree=101
num_leaves=35
num_cat=0
split_feature=18 4 5 6 14 3 5 6 6 6 0 5 5 6 5 0 1 13 6 6 4 3 3 9 5 3 1 4 3 1 3 6 6 1
split_gain=10.3784 10.9314 12.2952 10.9948 8.13779 17.0111 8.25401 14.0698 12.9057 12.8252 12.0794 6.89576 9.80653 9.88556 7.91318 6.84774 7.18884 6.57437 8.94813 9.13211 8.62011 6.41668 6.01656 22.1386 11.3364 7.01532 6.7582 5.97863 5.30002 7.12898 4.69023 4.62688 4.53503 4.44472
threshold=1.0000000180025095e-35 79.377197265625014 81.106575012207045 0.7462858557701112 1.0000000180025095e-35 9.6399536132812518 98.31455230712892 0.76994219422340404 0.73261633515357982 0.99919354915618908 39.767442703247077 92.349498748779311 68.438713073730483 0.55078577995300304 53.528240203857429 57.321428298950202 19.139194488525394 1.0000000180025095e-35 0.83971107006073009 0.68353751301765453 64.928264617919936 9.6399536132812518 39.780220031738288 1.0000000180025095e-35 61.374887466430671 38.148742675781257 31.662488937377933 66.135383605957045 11.215932846069338 24.440019607543949 39.780220031738288 0.67283234000206005 0.92231795191764843 43.534002304077156
decision_type=2 2 2 2 2 2 2 2 2 2 2 2 2 2 2 2 2 2 2 2 2 2 2 2 2 2 2 2 2 2 2 2 2 2
left_child=4 17 30 -4 5 32 11 8 -8 -9 -11 12 14 -14 -6 16 -5 18 19 27 -21 31 24 33 -7 -26 -25 -2 -20 -30 -3 -19 -1 -24
right_child=1 2 3 15 6 22 7 9 -10 10 -12 -13 13 -15 -16 -17 -18 21 28 20 -22 -23 23 26 25 -27 -28 -29 29 -31 -32 -33 -34 -35
leaf_value=-0.088430760619274268 -0.0071861523429219603 0.38253194332608498 0.070388223883314505 0.027199792082947552 0.011533212614547346 -0.051416058122165119 -0.27136187770256409 0.080330621350238995 -1.318781004984823 -2.0088972213218423 0.080067726975373579 0.071835494943389894 -0.053979855030744942 0.0130594523246846 0.065029180086903282 0.038466906143404707 -0.030790264789724107 0.061898432034270173 -0.021834857745160217 -0.0058839822194955886 -0.045546142766353784 -0.065491005882525835 0.092368056452725111 -0.069405279344424045 0.0038760718807089711 -0.092626841552041872 0.045567760821073833 0.032709786027884297 0.12190209730392913 0.025645957684348172 0.051052014465345089 -0.075024540506205148 -0.38406428923759728 -0.0020903313009459469
leaf_weight=10.341299611900464 509.18991102676955 0.80726797354873159 18.788549995981157 20.538281338987872 33.013869898364646 31.883459305856377 0.22091152597567887 0.76703082444146276 0.11421070504002273 0.038263362017460167 0.03299044378218241 16.594695152132772 17.186215985595481 77.822685873223236 38.141993915429339 24.65856262948364 40.980019393871771 5.1240120934671749 9.4552267732797173 62.597232574422378 79.751365333126159 23.987312211596873 3.2207866071694289 3.3846760894812169 153.93763927987311 4.9769732820568597 98.325500850325625 25.230604070064146 6.3612992212874842 21.800155628472567 0.41292423318373039 2.2833256019221153 0.34310599975287992 314.96304493123898
leaf_count=768 71726 7 4236 2920 9713 26666 22 362 33 5 69 2548 203 3029 1025 30180 2207 644 259 8776 2709 50954 1161 324 3322 118 40432 976 82 2976 127 294 34 67624
internal_value=1.18503e-05 -0.00614314 0.0178722 0.0149371 0.00652344 0.00214808 0.0213046 -0.190194 -0.628326 -0.0150422 -1.04171 0.0226626 0.0177517 0.000932673 0.0402089 0.00284752 -0.0114299 -0.00956249 -0.00798788 -0.0100987 -0.0281049 -0.0453928 0.0038989 0.00925157 -0.00788084 0.000853742 0.0417417 -0.00530262 0.029989 0.0473889 0.270356 0.0196917 -0.0979244 -0.00113418
internal_weight=1657.28 851.966 106.186 104.965 805.309 621.376 183.933 1.17341 0.335122 0.838285 0.0712538 182.759 166.165 95.0089 71.1559 86.1769 61.5183 745.78 714.386 676.769 142.349 31.3946 610.692 419.894 190.798 158.915 101.71 534.421 37.6167 28.1615 1.22019 7.40734 10.6844 318.184
internal_count=336531 179073 39677 39543 157458 140449 17009 491 55 436 74 16518 13970 3232 10738 35307 5127 139396 87504 84187 11485 51892 139647 109541 30106 3440 40756 72702 3317 3058 134 938 802 68785
is_linear=0
shrinkage=0.08


Tree=102
num_leaves=35
num_cat=0
split_feature=13 18 0 0 2 15 0 2 12 14 9 11 0 8 15 9 3 7 2 17 3 7 0 2 0 2 2 0 3 9 14 1 2 3
split_gain=7.98836 6.83825 6.30268 10.3917 6.58538 13.1225 9.70219 6.5286 6.38071 10.4241 6.21423 5.85484 5.49617 4.95462 4.72527 20.2928 12.2639 7.26528 6.81716 6.77153 11.5399 9.94634 7.40265 7.16019 5.64327 4.71267 4.23796 3.8021 3.54581 2.89148 2.64814 2.28109 2.05924 2.50263
threshold=1.0000000180025095e-35 1.0000000180025095e-35 74.133811950683608 30.0684928894043 0.90451753139495861 1.0000000180025095e-35 82.972846984863295 0.47988185286521917 1.0000000180025095e-35 1.0000000180025095e-35 1.0000000180025095e-35 1.5000000000000002 61.938297271728523 1.0000000180025095e-35 1.0000000180025095e-35 1.0000000180025095e-35 63.211599349975593 1.0000000180025095e-35 0.82545602321624767 1.0000000180025095e-35 80.982517242431655 1.0000000180025095e-35 56.048780441284187 0.43033008277416235 77.459678649902358 0.5317513942718507 0.61271062493324291 65.733856201171889 76.50690078735353 1.0000000180025095e-35 1.0000000180025095e-35 85.145786285400405 0.88335323333740245 97.01425933837892
decision_type=2 2 2 2 2 2 2 2 2 2 2 2 2 2 2 2 2 2 2 2 2 2 2 2 2 2 2 2 2 2 2 2 2 2
left_child=1 14 3 8 5 6 -4 -5 9 -3 28 29 -9 -10 19 16 17 -16 26 20 23 25 -22 -1 -18 -21 -17 -23 -6 32 -7 -20 -2 -34
right_child=11 2 4 7 10 30 -8 12 13 -11 -12 -13 -14 -15 15 18 24 -19 31 21 22 27 -24 -25 -26 -27 -28 -29 -30 -31 -32 -33 33 -35
leaf_value=0.013953047954204122 -0.07664279150284023 -0.020320306783392274 -0.031482603030533053 -0.080213691117808572 0.049032574537944601 0.11015579071223407 0.06823631070622839 -0.024721571147859233 0.056639029299753639 0.059614414014102633 0.044792586568513128 0.062222379676590167 0.00071577138735496302 -0.0042005951250810658 -0.004926334157021095 0.037535622544938738 -0.022787396340357601 0.048032196434715645 0.07447078154682206 -0.0251453378324554 0.12163088776126013 -0.067924408653104174 -0.088058456066545984 -0.0072212289322266523 0.006059024429009908 0.084371520209871348 0.15488306918037345 0.018021692614380243 -0.010062448142030405 -0.021594441662714951 0.29635119049032932 0.032888143111806691 0.029855337275478414 -0.076778068177439221
leaf_weight=171.52371532090183 14.66078028798802 16.74237133578572 14.695604550754071 10.867637123286839 6.9767456786648827 9.2219922185176948 10.858418338990303 176.84388351593225 8.7899239718972222 27.742349485910381 18.161835065489868 4.0674280733801416 78.490217619473697 337.43318925065978 23.833555840392364 2.7350884969346207 74.918674503205693 54.468327987939119 12.801275239180539 2.9105944409675457 1.1719799048150878 5.6935847327113134 13.364822373172499 252.91984817237244 103.18102032519528 18.487666548397101 7.0380466193892062 7.8169832676649094 94.73991625540657 29.472018887492595 0.51622419370687644 24.799455235362984 3.022825815685791 2.637786990206223
leaf_count=9026 57968 1008 1960 2903 335 831 2025 49400 632 1274 28086 861 11854 19181 8452 72 3368 500 2142 1244 89 65 1723 67569 7424 6206 410 110 7099 10190 60 29397 2429 819
internal_value=0.00023643 0.00126301 -0.00387146 -0.00729681 0.0106296 0.041004 0.01089 -0.0194868 0.0010086 0.02953 0.00168744 -0.0300639 -0.0169021 -0.002656 0.00662471 0.0144135 0.00552569 0.0319127 0.0625169 0.00163189 -0.00106485 0.0355436 -0.071153 0.0013356 -0.00607539 0.069475 0.122042 -0.0181975 -0.00600912 -0.0376024 0.120026 0.0470451 -0.0608187 -0.0198347
internal_weight=1643.61 1589.74 812.08 656.91 155.171 35.2922 25.554 266.202 390.708 44.4847 119.878 53.8608 255.334 346.223 777.665 303.775 256.402 78.3019 47.3739 473.889 438.98 34.9088 14.5368 424.444 178.1 21.3983 9.77314 13.5106 101.717 49.7934 9.73822 37.6007 20.3214 5.66061
internal_count=336712 264445 126648 86252 40396 4876 3985 64157 22095 2282 35520 72267 61254 19813 137797 51765 19744 8952 32021 86032 78407 7625 1812 76595 10792 7450 482 175 7434 71406 891 31539 61216 3248
is_linear=0
shrinkage=0.08


Tree=103
num_leaves=35
num_cat=0
split_feature=4 12 5 5 4 5 3 5 3 5 4 0 2 0 0 4 5 0 3 5 4 14 4 3 2 4 3 2 2 1 2 0 14 4
split_gain=8.59787 6.83625 14.7628 13.6049 13.0903 11.7447 10.302 11.0446 60.0575 10.1746 13.3703 7.05396 7.01483 13.7936 6.57878 5.70468 9.26713 12.0234 5.41619 5.37889 5.11795 4.97514 4.30339 3.87602 3.86828 2.8154 2.3739 5.9036 12.9297 2.24471 2.00524 9.27628 2.44517 1.87734
threshold=96.982700347900405 1.0000000180025095e-35 52.467130661010749 48.92851638793946 26.709129333496097 35.624311447143562 48.834688186645515 49.130369186401374 58.898942947387702 38.07201004028321 36.930006027221687 18.321678161621097 0.40056291222572332 6.7231638431549081 34.178434371948249 33.254343032836921 47.281684875488288 6.7231638431549081 83.910789489746108 68.438713073730483 84.866104125976577 1.0000000180025095e-35 30.320054054260257 72.850124359130874 1.0000000180025095e-35 96.563533782958999 32.305501937866218 0.5090131163597108 0.52316051721572887 99.462364196777358 0.36584249138832098 22.378716468811039 1.0000000180025095e-35 49.210504531860359
decision_type=2 2 2 2 2 2 2 2 2 2 2 2 2 2 2 2 2 2 2 2 2 2 2 2 2 2 2 2 2 2 2 2 2 2
left_child=1 3 15 4 5 24 11 8 -8 -6 -11 22 20 -14 -9 16 23 -18 -15 -13 21 -4 -5 -3 -1 -22 27 30 -29 -7 31 32 -2 -17
right_child=26 2 12 6 9 29 7 14 -10 10 -12 19 13 18 -16 33 17 -19 -20 -21 25 -23 -24 -25 -26 -27 -28 28 -30 -31 -32 -33 -34 -35
leaf_value=0.16457952551079708 -0.16765308667225617 -0.058872014058892877 -0.03044494951885509 -0.061596825302633551 -0.074651580653041297 0.16423839269585197 2.99998109536185 -0.12530629321522332 0.080392699531787848 0.095824861500701033 -0.030146672962495794 -0.030438233444348074 -0.40287387971974781 -0.011902979445381705 0.04362360208212232 -0.047221561385566567 0.81020682883525819 0.11009105833073755 0.014412113081044215 0.0074990922907364407 0.05710124017501636 0.0067156551751959828 0.033956366898403027 0.031750483419297301 0.0011960125705761876 -0.19407641986519661 0.080764730315889516 -0.47153698204705957 -0.0021757908092285574 0.39924365257066496 0.081038844875466878 -0.80711038150360581 0.080363764827400444 -0.094944858906698876
leaf_weight=0.92958580530830559 0.32181896961992751 6.6049139807000739 24.862891378055792 3.1628643826115868 26.264925852199667 0.58266788486798649 0.05193442024756123 1.5025157185737033 0.34227917002863251 6.3432104839012018 35.971452586745727 32.502652518916875 0.56839148746803303 389.90372936072526 81.777308333177643 49.510546037883614 0.17881142906844516 1.2863132217025848 57.429911339466344 90.568040953890886 14.461886012228202 317.60851391247706 65.174080019613029 5.5661700902273878 400.10277715380653 0.29135407978901717 9.3987382349441742 0.43392386031337027 2.7957183922408149 0.46991518745198846 6.8044553883373737 0.090026640100404509 1.2144866636954248 5.9046313040598752
leaf_count=14 42 8629 1244 34 64150 40 56 75 65 2646 41578 6588 21 32801 36217 63967 4 123 30671 1150 1995 4818 3072 578 14843 72 13981 33 239 6 1292 14 366 5189
internal_value=5.94872e-05 -0.00060076 -0.00540083 0.00502597 -0.00323473 0.00227521 0.01916 0.0425755 0.465025 -0.0355397 -0.0112628 0.00892392 -0.00235624 -0.00902501 0.0405758 -0.0409001 0.00545385 0.195537 -0.00852458 -0.00252006 0.00600531 0.00401785 0.0295338 -0.0174279 0.00157473 0.0521409 0.0508474 0.0267328 -0.0652376 0.269154 0.0619646 -0.0178405 0.0284102 -0.0523066
internal_weight=1640.98 1619.92 874.178 745.746 470.665 402.085 275.082 83.674 0.394214 68.5796 42.3147 191.408 805.127 447.902 83.2798 69.0514 13.6362 1.46512 447.334 123.071 357.225 342.471 68.3369 12.1711 401.032 14.7532 21.0592 11.6604 3.22964 1.05258 8.43079 1.62633 1.53631 55.4152
internal_count=336613 320646 150112 170534 123277 14903 47257 36413 121 108374 44224 10844 71622 63493 36292 78490 9334 127 63472 7738 8129 6062 3106 9207 14857 2067 15967 1986 272 46 1714 422 408 69156
is_linear=0
shrinkage=0.08


Tree=104
num_leaves=35
num_cat=0
split_feature=11 13 12 4 4 14 0 4 1 18 6 0 0 0 1 1 6 4 11 4 6 6 6 2 2 4 11 1 1 6 6 1 10 4
split_gain=8.93686 8.54273 7.99097 8.83151 6.99359 5.28783 6.85046 4.9601 4.74145 5.48698 5.25996 8.02522 7.01702 4.70658 13.5466 10.963 4.58763 4.5722 5.91047 5.7161 4.266 4.10337 3.74443 3.82856 4.83076 3.3534 3.2565 3.20718 5.02888 3.06693 3.53958 2.77471 1.88211 2.84372
threshold=1.5000000000000002 1.0000000180025095e-35 1.0000000180025095e-35 89.864246368408217 44.163812637329109 1.0000000180025095e-35 12.632978916168215 96.787097930908217 45.867485046386726 1.0000000180025095e-35 0.7282359004020692 18.321678161621097 1.0000000180025095e-35 28.759398460388187 27.953488349914554 37.590579986572273 0.77441540360450756 68.769905090332045 2.5000000000000004 30.544953346252445 0.78365594148635875 0.81611520051956188 0.77441540360450756 0.90737509727478038 0.84514591097831737 56.268712997436531 3.5000000000000004 32.305501937866218 31.662488937377933 0.63684904575347911 0.67141771316528331 23.629112243652347 1.0000000180025095e-35 74.842666625976577
decision_type=2 2 2 2 2 2 2 2 2 2 2 2 2 2 2 2 2 2 2 2 2 2 2 2 2 2 2 2 2 2 2 2 2 2
left_child=1 2 3 5 -3 6 -1 13 10 -10 17 12 20 14 -4 -15 31 18 19 -2 -12 -14 23 24 -11 -7 -18 28 -9 -19 -31 -13 33 -6
right_child=8 4 7 -5 32 25 -8 27 9 22 11 16 21 15 -16 -17 26 29 -20 -21 -22 -23 -24 -25 -26 -27 -28 -29 -30 30 -32 -33 -34 -35
leaf_value=-0.075718826304317435 -0.20896120932609288 -0.074596178264905555 -0.003870372221481701 0.084969407650258774 -0.0092998185658775389 0.033775068973899931 0.003487993055931708 0.013947988239017932 0.080952487548372837 -0.0096597703926553022 -0.21293196230657155 -0.16900563184487774 0.0082400743235319512 -0.046377994663516574 0.070866846834254496 -0.0073167441697672931 -0.023961674021886925 0.2103985671860632 0.087790872177446785 0.011346429699470957 -0.013281389283305712 0.079353949141651905 0.064540878871712545 0.078933962467786598 -0.17126620548021934 -0.0078236182122726882 0.11600542569695131 0.080752387143415871 -0.45762055369447424 -0.044432986765403783 0.0840546765588603 -0.059478995549207332 -0.049253971421203996 0.088037173261519719
leaf_weight=7.0759740085923104 0.76714973256457497 17.717375142608944 422.44345516765316 8.9903428810939641 21.073209628666525 59.40329365406069 564.31265558177256 7.1257032311405037 15.503894855566614 3.8719338868395425 1.0999645506963163 2.0480725369416204 10.347646274953151 54.978627103715553 16.113640715338988 281.11623421878903 18.889069961209319 0.98378501791739736 6.7724500596523276 43.117277560610091 1.8154120331164447 10.424348130007273 4.6835264563414967 1.6723894609021952 1.7051212867372667 15.675129884912165 1.1273394721210923 6.8141769689245848 0.14773146994411934 1.6539784804917861 8.0535803119419125 5.340096604952123 6.4601972370292051 2.1135951878677579
leaf_count=262 11 60940 23429 5268 4887 5835 76211 1015 12664 282 42 24 781 12114 2937 97079 491 20 183 1959 206 1579 8012 1666 195 2168 58 10272 4 42 207 109 4603 886
internal_value=0.000413819 -0.0013994 -0.000302969 0.00622489 -0.0348308 0.0051298 0.00250711 -0.00572775 0.0197488 0.049566 0.0124731 -0.00648724 0.027616 -0.00658327 -0.00112435 -0.0137064 -0.0359646 0.0282636 0.0182301 0.0074952 -0.0886091 0.0439283 0.00878705 -0.0272329 -0.0590691 0.02509 -0.0160786 0.0413161 0.00436991 0.0758031 0.0621629 -0.0898408 -0.0110666 -0.000427057
internal_weight=1631.44 1491.56 1444.2 655.457 47.3644 646.467 571.389 788.74 139.877 27.4369 112.44 51.0919 23.6874 774.652 438.557 336.095 27.4046 61.3482 50.6569 43.8844 2.91538 20.772 11.933 7.24944 5.57706 75.0784 20.0164 14.0876 7.27343 10.6913 9.70756 7.38817 29.647 23.1868
internal_count=336441 307910 236594 89744 71316 84476 76473 146850 28531 22819 5712 3290 2608 135559 26366 109193 682 2422 2153 1970 248 2360 10155 2143 477 8003 549 11291 1019 269 249 133 10376 5773
is_linear=0
shrinkage=0.08


Tree=105
num_leaves=35
num_cat=0
split_feature=11 0 3 16 2 2 0 0 0 3 5 5 4 5 5 3 0 2 11 5 2 2 6 4 5 6 6 6 4 4 0 0 3 3
split_gain=7.1779 7.08789 7.6792 8.48439 5.6109 6.80281 5.62678 7.57178 4.83316 11.0503 6.53045 4.59286 13.4093 4.258 8.40674 11.9661 11.852 4.65963 3.46469 3.29749 3.27154 4.38238 4.34277 3.09242 4.24636 1.45147 5.26358 6.52418 1.61636 1.19875 0.9824 0.874464 0.872562 16.4633
threshold=1.5000000000000002 91.734970092773452 98.213714599609389 1.0000000180025095e-35 0.9703982174396516 0.93132609128952037 59.122919082641609 80.982517242431655 70.064933776855483 71.33072662353517 62.977544784545906 88.715740203857436 88.146743774414077 98.441547393798842 95.263027191162124 12.97335195541382 31.287651062011722 0.49187898635864263 8.5000000000000018 97.15900039672853 1.0000000180025095e-35 0.33350533246994024 0.7416730821132661 25.940062522888187 62.149042129516609 0.6868371069431306 0.67868709564208995 0.68353751301765453 40.68530464172364 53.528240203857429 95.713413238525405 39.767442703247077 28.759398460388187 29.459980010986332
decision_type=2 2 2 2 2 2 2 2 2 2 2 2 2 2 2 2 2 2 2 2 2 2 2 2 2 2 2 2 2 2 2 2 2 2
left_child=1 4 25 23 5 8 31 -8 10 -10 -1 12 -5 14 18 -16 17 -17 20 -18 22 -22 -2 -4 -25 26 30 -28 -27 -30 -3 -7 -15 -34
right_child=13 2 3 11 -6 6 7 -9 9 -11 -12 -13 -14 32 15 16 19 -19 -20 -21 21 -23 -24 24 -26 28 27 -29 29 -31 -32 -33 33 -35
leaf_value=-0.011409931387647343 0.0037009989103640056 0.032949465068422411 -0.0056810174407418458 0.017475395803783024 0.086804306209787352 0.24110712988266614 -0.093092275277253375 -0.018989576213470253 0.05631013071365417 0.002086671395404915 0.0013875128871023465 0.067624568183600214 -0.57751996733356015 0.081306918754811539 0.081455315197819345 -0.36842261809188259 0.030541137364178923 -0.15794212518072206 -0.32410010461046129 -0.10454075756814557 0.16367851871500122 0.023021313908205381 -0.13486552494428078 -0.078351136130032403 0.017379283510114071 0.31529270006695809 -0.8832129265238734 -0.070296115714449325 -0.037408822911898468 0.087974750390525075 0.071941505792179394 0.087143450627032173 -1.3068830821796655 0.053255770066153396
leaf_weight=402.48447408620996 6.5534348550136183 9.6057340397092137 35.223369567713235 74.114199492963962 4.5176164660369968 0.28349331620847706 11.300790430963387 40.279879846595577 28.805335995661153 145.81367204016715 697.36607890081359 12.677570327345164 0.24320987908868019 7.198104140989015 3.0054860713426006 1.0492366547696295 2.6528791589371394 1.8779579114052465 0.18634715699590643 2.0505186134687392 1.4369554721633893 105.46477136072644 1.8579202698892912 9.9797813480836322 4.2192413858283535 0.19039528630673785 0.083107884245690822 0.26357455254765227 0.52435813966440026 7.0399990696023451 7.2615988823235957 1.4120767645654266 0.057566714356653281 5.3592471043521073
leaf_count=208605 147 810 280 13249 1834 9 1327 6911 4198 19130 19600 21013 256 1539 516 26 2398 38 3 1654 44 14738 75 1067 2520 2 52 34 31 6585 543 311 3 7306
internal_value=0.00133447 -0.000282328 0.0155493 0.00808551 -0.0022006 -0.00250344 -0.0305109 -0.0352247 -0.00133265 0.0110314 -0.00329564 0.0231175 0.0155293 0.0187398 0.0143078 -0.0537509 -0.107005 -0.233388 0.0205752 -0.0283499 0.0211322 0.024912 -0.0269059 -0.0183865 -0.0499048 0.05634 0.0433939 -0.265171 0.0850777 0.0792832 0.049736 0.112886 0.063055 0.038801
internal_weight=1632.44 1493.69 161.426 136.457 1332.26 1327.75 53.2762 51.5807 1274.47 174.619 1099.85 87.035 74.3574 138.75 126.136 10.6361 7.63059 2.92719 115.499 4.7034 115.313 106.902 8.41136 49.4224 14.199 24.9688 17.214 0.346682 7.75475 7.56436 16.8673 1.69557 12.6149 5.41681
internal_count=336854 308367 46442 38385 261925 260091 8558 8238 251533 23328 228205 34518 13505 28487 19639 4632 4116 64 15007 4052 15004 14782 222 3867 3587 8057 1439 86 6618 6616 1353 320 8848 7309
is_linear=0
shrinkage=0.08


Tree=106
num_leaves=35
num_cat=0
split_feature=11 0 5 2 5 10 1 2 8 12 2 3 2 0 4 2 3 4 1 2 0 4 12 11 5 4 0 2 2 12 4 5 5 11
split_gain=5.88481 5.25568 6.12737 6.3526 4.99204 18.5718 7.28854 8.94915 8.85194 7.031 5.65284 5.16035 8.08124 5.13351 10.2987 4.80547 16.3735 4.34014 4.23624 4.12096 3.51596 2.96955 2.62877 2.44575 2.61657 5.81055 3.33614 4.84935 1.87828 1.56016 1.51657 1.26472 3.69657 3.89031
threshold=2.5000000000000004 84.660633087158217 91.53735733032228 0.76883545517921459 51.871871948242195 1.0000000180025095e-35 58.578638076782234 0.87694638967514049 1.0000000180025095e-35 1.0000000180025095e-35 0.93684458732604992 83.910789489746108 0.93684458732604992 83.910789489746108 91.533855438232436 0.78606858849525463 89.825496673583999 46.190130233764656 23.166368484497074 0.90451753139495861 84.273937225341811 58.082538604736335 1.0000000180025095e-35 8.5000000000000018 78.297103881835952 68.769905090332045 16.784037590026859 0.61016923189163219 0.7591443955898286 1.0000000180025095e-35 60.567405700683601 95.093433380126967 97.309360504150405 1.5000000000000002
decision_type=2 2 2 2 2 2 2 2 2 2 2 2 2 2 2 2 2 2 2 2 2 2 2 2 2 2 2 2 2 2 2 2 2 2
left_child=1 4 3 28 5 6 7 -1 -8 13 18 12 -11 17 -15 16 -5 -6 -7 -17 -13 -2 -12 24 25 29 30 -28 -3 -23 -26 -4 33 -33
right_child=21 2 31 15 9 10 8 -9 -10 11 22 20 -14 14 -16 19 -18 -19 -20 -21 -22 23 -24 -25 26 -27 27 -29 -30 -31 -32 32 -34 -35
leaf_value=-0.029496391209530032 0.089513208978787354 0.062940936026319644 0.080267764472167477 -0.030860024744012757 0.040032149992276431 0.064297187077264631 -0.0020808761894811037 0.23739776856344577 0.066898378661813876 -0.0034666154627056313 0.24118330915994146 0.089923838127337438 -0.14353717123283061 -0.10298251205356407 -1.1495928456697466 0.045953517786192659 -0.90679820176740611 0.0088558125057940466 -0.077602287661099542 0.001942291879701334 -0.057802853579173981 0.094009198406285271 -0.0023187296476502935 -0.23655858020392873 -0.084384922912134855 -0.3456479061788657 -0.031023936976075334 0.082439628479759566 0.16898963981973328 -0.064166673050346401 0.087225023563584886 0.0089505025020021507 0.080056897474874003 -0.2254008152171135
leaf_weight=76.949557982326951 5.560058203001975 3.4339164032426188 7.897968511068032 0.87887037135078461 33.503756698381039 1.4047343581478333 285.57813262057607 0.81254127144347776 12.424432565385358 744.3054689218261 0.52333623987214994 5.9249846427410366 2.6454833761235923 0.80814601483871129 0.065012131264666095 14.782306747743858 0.16170463911839761 194.38511262079555 32.467780195176601 172.58707090820826 1.2483635494136249 0.70861820271239284 0.61977695627138019 0.22894832520978425 0.34656519349664705 0.37195434677414585 7.0132319616095611 3.6734632649749983 1.5519611362542489 0.91365110751939937 6.7240578336059116 3.3686411791713895 5.3067414329852909 0.5238438773958477
leaf_count=40936 359 291 12058 139 1284 866 17057 8 1773 45546 91 1882 878 259 55 1486 23 14395 137355 29229 223 48 67 10 7 45 357 5850 74 22 1157 6386 14865 1435
internal_value=-0.000296667 -0.000903255 0.0108793 0.00682102 -0.00268285 -0.0100891 -0.00489646 -0.0267076 0.000795032 0.000412454 -0.0658126 -0.00331419 -0.0039627 0.0126975 -0.180909 0.00446239 -0.16698 0.0134393 -0.0717175 0.00541451 0.0642153 0.0378021 0.109161 0.0234122 0.0264257 -0.0604619 0.0361835 0.00797823 0.0959509 0.00492562 0.0788136 0.0567853 0.0366245 -0.0225881
internal_weight=1629.7 1604.16 210.493 193.396 1393.67 410.78 375.765 77.7621 298.003 982.886 35.0156 754.124 746.951 228.762 0.873158 188.41 1.04058 227.889 33.8725 187.369 7.17335 25.5405 1.14311 19.9805 19.7515 1.99422 17.7573 10.6867 4.98588 1.62227 7.07062 17.0972 9.19923 3.89249
internal_count=336516 328661 65986 31242 262675 198153 59774 40944 18830 64522 138379 48529 46424 15993 314 30877 162 15679 138221 30715 2105 7855 158 7496 7486 115 7371 6207 365 70 1164 34744 22686 7821
is_linear=0
shrinkage=0.08


Tree=107
num_leaves=35
num_cat=0
split_feature=4 3 3 4 5 2 2 4 4 11 3 5 4 12 2 15 8 5 5 2 0 4 2 4 5 2 3 4 18 4 5 5 2 1
split_gain=5.41023 3.89175 7.1872 7.17811 3.83551 11.2513 13.5221 7.73371 14.4385 7.52717 10.1881 7.95768 6.40374 6.15975 6.06683 16.3327 14.1785 11.868 10.0665 5.96511 5.59525 4.88318 4.60228 4.46156 18.3192 5.38677 4.12686 6.01913 14.178 5.33723 4.00998 2.602 16.1302 2.39281
threshold=94.385730743408217 57.307060241699226 56.635221481323249 96.563533782958999 60.72363471984864 0.62670245766639721 0.42470984160900122 39.293512344360359 38.605176925659187 1.0000000180025095e-35 87.026645660400405 45.474052429199226 1.0000000180025095e-35 1.0000000180025095e-35 0.68611854314804088 1.0000000180025095e-35 1.0000000180025095e-35 85.127449035644545 66.841186523437514 0.83336639404296886 43.288288116455085 94.14215469360353 0.60724973678588878 23.896820068359379 41.191251754760749 0.90002825856208812 53.907203674316413 54.801107406616218 1.0000000180025095e-35 62.699214935302741 47.087102890014656 95.263027191162124 0.73738178610801708 56.635221481323249
decision_type=2 2 2 2 2 2 2 2 2 2 2 2 2 2 2 2 2 2 2 2 2 2 2 2 2 2 2 2 2 2 2 2 2 2
left_child=4 2 -2 -4 5 6 7 8 -1 23 19 -12 22 26 15 16 -15 18 -16 -11 -17 -19 -8 25 -25 -7 27 28 -6 -29 -9 33 -33 -28
right_child=1 -3 3 -5 13 9 12 30 -10 10 11 -13 -14 14 17 20 -18 21 -20 -21 -22 -23 -24 24 -26 -27 31 29 -30 -31 -32 32 -34 -35
leaf_value=0.016434314651606552 0.019500991449831213 0.072646060258119344 -0.62912358434840354 0.081495736458104928 -0.0060145905611394884 0.0092613812640459023 0.011605277830291458 -0.072471483958058122 0.23683016979606744 0.093482389111348735 0.049264223006839657 -0.099077656971029188 -0.064609459371635411 0.065970271730367472 0.0044506883261314781 0.050092251956160974 -0.0016138254931176313 0.025572181485691667 -0.049240143297849481 0.02498282217407025 0.1558474855976803 -0.2175243285070059 -0.08326526111583242 -0.072375939676043416 0.0047401619779232438 -0.010132579220700889 0.10363143528365458 -0.032330172921636036 0.094299912967364827 0.0088277644826971011 -0.0098110598249494235 -1.4747758282845669 -0.015391741957095305 0.033287620567594475
leaf_weight=24.808405580231923 23.739389263748311 10.357736796868265 0.21883112855721165 0.15570402950106654 20.825228215515381 224.91004742521909 14.435799037339168 7.9600981032490372 2.0603576207213328 13.820603797939837 3.8434847696917114 5.8174553505486983 51.391150846953678 20.619997206435073 34.348916938586626 8.6842062917421554 543.60661811687169 37.497109634336084 63.972847647033632 19.781814915302675 5.0717300605610935 0.53640635120973357 4.2319664270617059 27.987183496254147 66.701806870863948 154.70813506716513 3.3341185666504307 25.180431756889448 15.902859087917021 101.22879567998461 36.544491860273411 0.051445734134175747 0.83825586085731629 43.119908461419982
leaf_count=3416 4102 20993 20 107 390 5047 1805 3883 451 3415 62 500 100692 679 1278 156 12118 26659 4927 658 131 630 490 64143 32806 4219 591 616 329 2708 6816 39 2326 29024
internal_value=0.000278127 0.031632 0.0140151 -0.333701 -0.000404286 -0.00506802 -0.0250647 -0.000557019 0.0333348 0.000396311 0.0323404 -0.0400617 -0.0500322 0.00291897 -0.000625063 0.00295588 0.000856076 -0.015804 -0.0304831 0.0531565 0.0890836 0.0221437 -0.00990179 -0.00251743 -0.018053 0.00135764 0.0149468 0.00891224 0.0374205 0.000629197 -0.0210185 0.0357409 -0.0997786 0.0383364
internal_weight=1618.29 34.4717 24.1139 0.374535 1583.82 659.003 141.432 71.3734 26.8688 517.571 43.2634 9.66094 70.0589 924.819 714.338 577.983 564.227 136.355 98.3218 33.6024 13.7559 38.0335 18.6678 474.307 94.689 379.618 210.481 163.137 36.7281 126.409 44.5046 47.3437 0.889702 46.454
internal_count=336226 25222 4229 127 311004 228403 117553 14566 3867 110850 4635 562 102987 82601 46578 13084 12797 33494 6205 4073 287 27289 2295 106215 96949 9266 36023 4043 719 3324 10699 31980 2365 29615
is_linear=0
shrinkage=0.08


Tree=108
num_leaves=35
num_cat=0
split_feature=11 13 5 12 5 5 1 1 3 5 0 5 2 1 0 3 5 5 5 2 0 2 5 1 16 5 2 5 2 0 5 2 10 2
split_gain=6.8133 7.78417 5.00979 4.3306 12.1789 6.70525 5.8523 15.2339 9.54399 4.26407 4.45337 4.01042 3.8061 28.0051 5.64726 3.75084 4.93654 3.59569 5.77211 3.69469 3.29139 9.67618 4.96066 3.04916 2.54989 2.90761 2.56573 2.54278 2.52591 2.20637 1.758 1.64521 0.77886 0.610448
threshold=1.5000000000000002 1.0000000180025095e-35 98.441547393798842 1.0000000180025095e-35 57.212205886840827 94.55533599853517 7.2077922821044931 6.2996032238006601 68.801231384277358 97.15900039672853 21.132376670837406 46.120401382446296 0.37149374186992651 5.6349205970764169 26.36544227600098 45.199691772460945 97.309360504150405 50.920385360717781 56.127729415893562 0.36584249138832098 81.302967071533217 0.90002825856208812 41.56573677062989 45.867485046386726 1.0000000180025095e-35 46.184494018554695 0.99772727489471447 47.087102890014656 0.91336831450462352 75.905715942382827 84.650035858154311 0.52988457679748546 1.0000000180025095e-35 0.99772727489471447
decision_type=2 2 2 2 2 2 2 2 2 2 2 2 2 2 2 2 2 2 2 2 2 2 2 2 2 2 2 2 2 2 2 2 2 2
left_child=1 3 9 5 6 20 7 -5 -8 17 -11 33 14 -14 -6 31 -17 27 19 -19 21 -1 -22 -20 26 -26 28 29 -13 -2 -27 -12 -28 -3
right_child=2 11 -4 4 12 -7 8 -9 -10 10 15 24 13 -15 -16 16 -18 18 23 -21 22 -23 -24 -25 25 30 32 -29 -30 -31 -32 -33 -34 -35
leaf_value=0.0045111356544281726 -0.044785183276872226 -0.080210636036669072 0.068128855395895527 -0.020830280843754458 0.011084907891250544 0.085306237486212369 -0.068869572460508066 0.200366071270971 -0.013433374785760194 0.081092863543216154 -0.095712550954787062 -0.027706292659828546 -0.11454969989559917 -0.0012609087427797642 -0.12198018571128172 -0.38922121067637305 0.080538297707378248 -0.1052216340787198 0.0085779857643168232 0.13867000208629465 0.00656691536212726 -0.028639453885598375 0.043260967744105407 0.044181816201694535 0.37565334302726355 0.060129705929126719 -0.22775365030312922 -0.11464917070856881 0.090118585637466053 0.1174941867311499 -0.12374777863775668 -0.24225729998516382 -0.080608304032728215 -0.020672334155687894
leaf_weight=423.08302829643071 1.8934672505129122 10.813574620056894 11.284324563559492 12.517474327469243 165.91958597436314 6.4465085356496266 38.521844857896212 2.3699396193842395 41.062176881125197 0.97005161223933001 0.85266665706876743 27.423924551796524 14.365383957978336 501.14376884773083 2.0666435594612258 0.17033945092407499 0.8975958787050331 0.4467436388367777 90.989782688237028 3.6082226511207409 124.20300231594592 65.009674923610874 29.104423983459128 18.529566425429948 0.16821584902936537 2.2129361831030114 0.48686425382038478 2.2436329576594289 1.216093286697286 0.74804168986156572 0.39166534850664891 1.153688473976217 0.43674296175595373 1.2272180544096052
leaf_count=59833 532 59878 8839 2976 2960 4823 77990 435 8386 245 18 9746 230 53778 130 237 1410 39 2437 457 4760 3604 16778 13843 4 324 38 373 215 10 510 29 25 702
internal_value=-0.000162067 -0.00173493 0.0171221 -0.000707961 -0.00473132 0.00412349 -0.0316548 0.0143821 -0.0402667 0.0124236 -0.0683535 -0.0347309 -0.00101 -0.00441786 0.00944788 -0.115509 0.00561 0.0151814 0.0180721 0.1118 0.00330754 9.57674e-05 0.013533 0.0146018 -0.0200556 0.0532983 -0.0269356 -0.0520229 -0.0227033 0.00117027 0.0324792 -0.179978 -0.158174 -0.0741424
internal_weight=1603.98 1470.19 133.788 1425.81 777.967 647.847 94.4714 14.8874 79.584 122.504 4.04434 44.3772 683.495 515.509 167.986 3.07429 1.06794 118.459 113.574 4.05497 641.4 488.093 153.307 109.519 32.3364 2.77282 29.5636 4.88514 28.64 2.64151 2.6046 2.00636 0.923607 12.0408
internal_count=336594 308125 28469 236683 146885 89798 89787 3411 86376 19630 1939 71442 57098 54008 3090 1694 1647 17691 16776 496 84975 63437 21538 16280 10862 838 10024 915 9961 542 834 47 63 60580
is_linear=0
shrinkage=0.08


Tree=109
num_leaves=35
num_cat=0
split_feature=6 4 6 4 6 5 11 4 4 5 3 4 9 5 0 2 2 10 4 0 6 1 0 13 4 6 5 4 4 2 6 6 11 4
split_gain=6.37784 9.37366 10.2841 13.578 12.8064 12.2641 7.8886 6.85141 6.68818 7.1519 13.0032 6.64635 5.19469 8.06076 4.89413 4.54328 4.44059 6.18735 4.49751 3.77498 7.14041 6.39993 3.76291 3.4865 3.75179 7.35662 8.17331 4.1433 3.51652 7.27322 3.27259 3.25635 3.13003 3.06913
threshold=0.82234114408493053 86.501670837402358 0.72381538152694713 68.769905090332045 0.69664907455444347 77.291824340820327 2.5000000000000004 75.620002746582045 62.699214935302741 66.841186523437514 21.164613723754886 37.939876556396491 1.0000000180025095e-35 87.540847778320327 73.746868133544936 0.6745823621749879 0.84052017331123363 1.0000000180025095e-35 63.780609130859382 32.583417892456062 0.95779508352279674 31.662488937377933 79.743591308593764 1.0000000180025095e-35 60.567405700683601 0.86214745044708263 62.149042129516609 61.580039978027351 47.084966659545906 0.36761814355850225 0.83971107006073009 0.82751414179801952 4.5000000000000009 76.325832366943374
decision_type=2 2 2 2 2 2 2 2 2 2 2 2 2 2 2 2 2 2 2 2 2 2 2 2 2 2 2 2 2 2 2 2 2 2
left_child=1 2 3 4 6 15 -1 -7 23 10 -10 -6 13 14 -4 -5 19 30 -19 21 -21 -11 -15 24 28 27 -27 -26 29 -2 -18 -30 33 -14
right_child=8 -3 12 5 11 7 -8 -9 9 16 -12 -13 32 22 -16 -17 17 18 -20 20 -22 -23 -24 -25 25 26 -28 -29 31 -31 -32 -33 -34 -35
leaf_value=-0.0013919452910133689 0.87789010253835753 0.036237071951713759 -0.0045143761378212428 0.13115416866617044 0.51265451334296341 -0.004920240873534573 0.084309522696075473 0.050590262999963248 0.3300793418892502 0.0029466139455917146 0.010441697836785868 -0.050546348516847202 -0.048543110268449929 -0.049131180754947934 0.06112997912208349 0.041908157397945817 -0.070645596600776614 -0.43952473987611157 -0.0012209610299341381 -0.035750854842712392 0.058861269501831889 0.10414762727378202 -0.20683921384547749 -0.049142513275891399 0.13321782508597971 0.71487211636892611 0.18352238599669471 -0.014592805542946251 0.093216264833559617 0.11204741118529539 0.075017633777022807 0.015843787505085031 0.17737529060934623 -0.01807521001037881
leaf_weight=1112.1573950384554 0.083366264880175289 41.186180123069789 21.50017602268781 9.3791428375989181 0.13458796757185965 37.177973445446696 6.9166526401095316 23.054402975583798 1.2291450323536985 89.764281126088463 2.4148577812738949 37.163495238084579 51.576474304776639 7.4039187274465785 10.981320556951685 5.9771787290810598 1.0544246161298385 0.1514020180329706 14.440674049896186 34.521701066230889 5.9911526512296396 4.1858067866414777 1.1139506351319139 2.2629675216303431 2.3280420695955391 0.21017973982088722 1.5636076460359616 2.5356607293069828 4.3057905041205258 1.6534698657342231 15.465989358970544 18.179941303358646 0.44203199385083181 35.879668837762438
leaf_count=234882 14 16310 1350 182 78 1720 437 3705 13 4414 270 5964 3140 274 1312 901 1449 4 2550 2501 3154 220 757 270 136 21 153 139 312 229 43462 1430 89 4764
internal_value=0.000552679 -0.0013635 -0.00250147 -0.000251952 -0.00239923 0.0325976 -0.000862251 0.0163268 0.01383 0.0073951 0.118257 -0.0485141 -0.0240016 -0.000486445 0.0176786 0.0964167 0.00495523 0.0321914 -0.00576864 -0.00134677 -0.0217594 0.00745547 -0.0697559 0.0467046 0.0537331 0.10702 0.246483 0.0561577 0.0391314 0.148807 0.0657206 0.0306598 -0.0349701 -0.0360434
internal_weight=1604.39 1402.04 1360.86 1231.96 1156.37 75.5887 1119.07 60.2324 202.342 169.219 3.644 37.2981 128.898 40.9994 32.4815 15.3563 165.575 31.1125 14.5921 134.463 40.5129 93.9501 8.51787 33.123 30.8601 6.63749 1.77379 4.8637 24.2226 1.73684 16.5204 22.4857 87.8982 87.4561
internal_count=336606 275865 259555 247869 241361 6508 235319 5425 60741 58037 283 6042 11686 3693 2662 1083 57754 47465 2554 10289 5655 4634 1031 2704 2434 449 174 275 1985 243 44911 1742 7993 7904
is_linear=0
shrinkage=0.08


Tree=110
num_leaves=35
num_cat=0
split_feature=16 2 0 2 3 6 0 1 1 1 3 0 0 6 1 0 1 6 9 12 6 0 14 4 6 4 6 6 3 6 4 18 3 15
split_gain=9.00204 6.02281 12.0204 4.67528 4.43507 9.91893 6.96868 3.74893 3.9603 6.59941 20.6014 5.33345 4.54328 3.82315 3.70464 5.63758 3.61767 3.30951 3.13257 2.68082 2.66097 10.1539 2.56493 2.5458 4.34797 1.97791 22.3973 1.50205 1.43238 1.55114 3.96641 1.11694 1.01229 1.1639
threshold=1.0000000180025095e-35 0.99772727489471447 91.734970092773452 0.9636862874031068 24.316333770751957 0.55301484465599071 70.064933776855483 48.331480026245124 92.40384674072267 91.922958374023452 90.366767883300795 77.849929809570327 86.526824951171889 0.67003411054611217 77.871940612792983 77.849929809570327 65.599384307861342 0.77911314368247997 1.0000000180025095e-35 1.0000000180025095e-35 0.96821317076683056 62.115564346313484 1.0000000180025095e-35 54.801107406616218 0.61862373352050792 70.991119384765639 0.77441540360450756 0.70812296867370617 96.051948547363295 0.63410449028015148 47.858003616333015 1.0000000180025095e-35 71.33072662353517 1.0000000180025095e-35
decision_type=2 2 2 2 2 2 2 2 2 2 2 2 2 2 2 2 2 2 2 2 2 2 2 2 2 2 2 2 2 2 2 2 2 2
left_child=1 2 3 4 5 -1 -6 -2 9 14 -11 20 13 -13 16 -16 -9 19 -14 23 22 -22 -10 24 -3 27 -27 -21 32 -30 -31 -25 -4 -34
right_child=7 17 28 -5 6 -7 -8 8 11 10 -12 12 18 -15 15 -17 -18 -19 -20 25 21 -23 -24 31 -26 26 -28 -29 29 30 -32 -33 33 -35
leaf_value=-0.025428044507175257 0.24513406516671626 -0.022626526398115434 0.086492678347452792 0.06609199149341867 -0.010081743944929682 0.0071508660817735225 0.0083460827066853868 -0.063301130356709812 0.064406276820342459 -1.1475241590389582 0.07930751181031781 0.0071038359943288625 0.014626579029222543 -0.070578755237056992 -0.04494886148065079 0.034880560204231414 0.059021842750726326 0.080574145421859603 0.051881655188641469 -0.075118404071177661 -0.99649347195906335 0.080292204834675363 -0.01430440513301702 0.10616288921303273 -0.14251995265843204 -0.084186131543050963 -2.1606888727476448 0.066119749077298909 0.060982875487495702 0.44217150737046107 0.10458924367707675 -0.065307728018609401 0.013680871152681946 0.061790494527137904
leaf_weight=68.131046091475582 0.45991880196379398 35.52396360799321 3.965540255274397 6.4312640976022513 617.18454197816027 489.69094035480521 166.8384811731521 1.8893245514627768 25.09634697277216 0.13197289624076702 0.26054236573691014 10.337818598854939 78.385950375784887 6.6712147209036621 17.769948416949777 8.3090440556479717 8.5491356159545813 1.6838312611798745 17.707896205261932 6.9412044190976294 0.074069498470634154 0.23034544898837339 2.9624117774219476 1.296535722358384 2.0474421861872534 0.48455738561460737 0.035692470497451723 0.51785661792382587 1.7966002660250517 0.28063059374107968 1.0800012807449091 0.29923972504911933 5.8104495276929793 7.2142209548765095
leaf_count=2045 13 1034 1350 2691 202566 29137 24754 190 3270 28 100 789 9965 3542 1324 1579 1303 2523 39995 345 48 487 211 338 168 378 33 16 127 9 1107 77 2175 2779
internal_value=0.000110882 -0.00202332 -0.00103817 -0.00195473 -0.00228087 0.00317176 -0.00616034 0.0170242 0.016436 -0.0069007 -0.333182 0.0225248 0.0147461 -0.0233645 -0.0033936 -0.0195144 0.0368818 -0.0296311 0.0214918 -0.0335671 0.0535438 -0.181709 0.0560961 -0.0249567 -0.0291601 -0.0758317 -0.226648 -0.0653127 0.0602984 0.109781 0.174216 0.0740087 0.0511031 0.0403283
internal_weight=1596.09 1417.25 1368.42 1348.28 1341.85 557.822 784.023 178.836 178.376 36.91 0.392515 141.466 113.103 17.009 36.5175 26.079 10.4385 48.8303 96.0938 47.1465 28.3632 0.304415 28.0588 39.1672 37.5714 7.97931 0.52025 7.45906 20.1474 3.15723 1.36063 1.59578 16.9902 13.0247
internal_count=336496 273652 268740 261193 258502 31182 227320 62844 62831 4524 128 58307 54291 4331 4396 2903 1493 4912 49960 2389 4016 535 3481 1617 1202 772 411 361 7547 1243 1116 415 6304 4954
is_linear=0
shrinkage=0.08


Tree=111
num_leaves=35
num_cat=0
split_feature=1 2 17 17 15 0 0 0 4 5 15 1 9 2 6 12 3 6 4 6 4 0 15 5 5 12 4 0 2 0 0 0 0 2
split_gain=4.3221 13.8053 9.67604 9.56747 8.15616 8.87672 6.41603 6.26922 6.04774 6.03878 11.6317 13.8589 12.6113 17.9196 11.4416 10.4115 7.3138 6.55979 15.9701 9.77417 9.10177 6.15325 6.02508 5.18101 10.7184 4.97931 4.71702 6.07673 4.44239 3.98047 3.38793 2.99516 3.6371 16.2091
threshold=92.907444000244155 0.83055028319358837 1.0000000180025095e-35 1.0000000180025095e-35 1.0000000180025095e-35 26.747966766357425 59.317129135131843 40.838270187377937 35.472433090209968 62.149042129516609 1.0000000180025095e-35 14.907407283782961 1.0000000180025095e-35 0.6297166943550111 0.64259988069534313 1.0000000180025095e-35 90.054946899414077 0.56615319848060619 48.220619201660163 0.61432817578315746 58.853387832641609 74.849395751953139 1.0000000180025095e-35 97.309360504150405 97.15900039672853 1.0000000180025095e-35 29.842499732971195 60.660173416137702 0.92000734806060802 44.315244674682624 67.05426406860353 79.743591308593764 83.43881988525392 0.88867244124412548
decision_type=2 2 2 2 2 2 2 2 2 2 2 2 2 2 2 2 2 2 2 2 2 2 2 2 2 2 2 2 2 2 2 2 2 2
left_child=3 4 31 9 6 -6 -2 -4 29 10 11 14 16 -14 -1 -13 -12 20 19 -19 21 -11 -5 24 -9 -22 27 -8 -20 -7 -28 -3 33 -33
right_child=1 2 7 22 5 8 26 23 -10 17 12 15 13 -15 -16 -17 -18 18 28 -21 25 -23 -24 -25 -26 -27 30 -29 -30 -31 -32 32 -34 -35
leaf_value=0.022274075802702204 -0.020393539899743688 0.10295824758034045 -0.074468014956332859 0.086517234996407219 -0.036218708016465019 0.29264614373133174 0.17359595789596113 -0.0018384811051070393 0.06087376264780283 -0.020949397156215296 -0.00537578629828826 -0.024119681611463682 0.67880377406464809 0.066674860667107996 -0.052607732250690778 -0.07062418647649793 0.095720829428329893 0.01632008354576199 -0.0024904916028627325 0.073243194875282608 -0.020119858709194735 -0.14036101249646843 -0.093773100102367696 0.080078293962618702 -0.50155036347930204 0.14904630663291696 0.0067607634649554009 0.0032924017210842634 0.048292002105322682 0.1088806425464367 0.10870862345488977 -0.78538791469587355 0.045546541756344594 0.028190505434235274
leaf_weight=53.616960889528855 10.198328690690685 5.5703580908157191 7.6097090391194788 11.000796838554376 1.6402908444579214 2.4998406732484004 1.5029869091013122 280.31778991610918 1.9088297045091165 92.053833813522942 177.0491453996874 93.790273629929288 0.31460397355840442 11.284425562509567 17.26408082616399 45.884323062433396 4.7014531948079812 59.850621636694996 629.45451467846578 28.497935401159339 1.7415445770311624 2.847215569287072 1.329702018658282 4.9693071138244695 0.27497771865455334 3.0883321994333528 2.6023277521526316 12.435403297677111 11.22129468982166 1.0804043544048907 10.518924501928266 0.18614423612598574 15.1771205226687 0.99168805113004055
leaf_count=4930 2894 727 824 3742 251 129 20 53844 588 1250 28679 98729 59 706 4653 76396 139 834 21890 505 49 105 153 16134 416 73 1077 213 5719 21 4247 66 6480 230
internal_value=-0.000813041 0.00691401 0.0010299 -0.00304418 0.0486841 0.127079 0.0336832 -0.00280389 0.175877 -0.0037456 -0.0117664 -0.0247758 0.00240078 0.0832778 0.00403555 -0.0393968 -0.00276066 0.000163437 0.00279592 0.0346813 -0.0190798 -0.024532 0.067075 -0.000894168 -0.00232819 0.0880488 0.0540638 0.0216564 -0.00160105 0.237192 0.0884894 0.052293 0.0350369 -0.100387
internal_weight=1604.48 359.484 315.097 1244.99 44.3873 7.12937 37.258 293.172 5.48907 1232.66 403.905 210.556 193.35 11.599 70.881 139.675 181.751 828.755 729.024 88.3486 99.7309 94.901 12.3305 285.562 280.593 4.82988 27.0596 13.9384 640.676 3.58025 13.1213 21.9253 16.355 1.17783
internal_count=336772 88161 78721 248611 9440 989 8451 71218 738 244716 214291 184708 29583 765 9583 175125 28818 30425 28948 1339 1477 1355 3895 70394 54260 122 5557 233 27609 150 5324 7503 6776 296
is_linear=0
shrinkage=0.08


Tree=112
num_leaves=35
num_cat=0
split_feature=13 5 0 16 18 0 1 4 12 4 1 4 1 9 8 5 1 4 5 12 5 5 8 5 1 1 15 5 5 4 4 5 0 14
split_gain=5.2322 5.35854 4.14448 3.97996 3.427 8.63268 11.1957 7.52917 7.97989 12.6209 7.81135 7.25671 6.14806 21.2882 7.98271 8.75785 7.58871 7.3517 5.9373 5.75192 10.0033 5.83065 5.58784 5.702 6.41561 5.5061 4.82124 4.23791 8.32755 3.42359 5.37923 3.05398 2.74808 2.45532
threshold=1.0000000180025095e-35 58.892297744750984 1.0000000180025095e-35 1.0000000180025095e-35 1.0000000180025095e-35 7.4772884845733651 5.6349205970764169 76.325832366943374 1.0000000180025095e-35 43.765546798706062 11.215932846069338 22.026123046875004 39.314987182617195 1.0000000180025095e-35 1.0000000180025095e-35 85.127449035644545 30.0684928894043 41.54217720031739 96.633934020996108 1.0000000180025095e-35 68.438713073730483 50.920385360717781 1.0000000180025095e-35 89.676071166992202 67.099567413330092 12.632978916168215 1.0000000180025095e-35 51.442440032958991 57.212205886840827 41.187486648559577 53.528240203857429 79.18729400634767 37.884435653686531 1.0000000180025095e-35
decision_type=2 2 2 2 2 2 2 2 2 2 2 2 2 2 2 2 2 2 2 2 2 2 2 2 2 2 2 2 2 2 2 2 2 2
left_child=4 3 -3 -2 5 6 19 8 10 11 33 -10 14 26 15 -7 -16 -15 -11 21 -21 -1 -9 -24 -25 -12 -14 -8 -29 -4 32 -32 -31 -6
right_child=1 2 29 -5 7 12 27 22 9 18 25 -13 13 17 16 -17 -18 -19 -20 20 -22 -23 23 24 -26 -27 -28 28 -30 30 31 -33 -34 -35
leaf_value=0.051499169718986507 -0.067908980607850444 -0.14651766165796135 -0.11102411950939223 0.020208727405131542 -0.060650258525027541 0.14642800035927273 -0.011389699506648568 0.088558744560286853 0.56848908288025246 -0.0095542010327608444 -0.17631389947503384 -0.047526124935237973 -0.019149759769219434 0.075209823669174988 -0.0023439268021418669 -0.030930457115270302 -0.036658387324545176 0.026247135195204749 0.028564884380605077 0.065894158041158224 -0.0076595473638026434 -0.080295686536977939 0.036511976448389764 -0.01467091987089676 0.040492736210730192 0.0019817262575507096 0.0028142712989439951 0.19800326285341752 0.055758090841539709 0.044921934455904415 -0.033956970911958095 0.046477033421767011 0.16100327296822825 0.053461790834546663
leaf_weight=2.880547016626223 19.337689271524145 1.1525887211319084 1.4205971452174733 3.9506226341327411 1.2698137717088709 4.2492137539084061 5.1066000428399994 6.4693531457014606 0.12263920650002447 339.59638023994921 1.114187154045793 59.620941912420676 86.124600625553285 26.221403069601365 131.84931822802173 3.0686729610897601 60.025062073415029 78.031127027090406 28.33247584477067 17.394912647141609 37.012850587780122 8.4514962217072007 39.68058880289027 55.117604881030275 17.867067080173001 217.87807402785984 248.54200404424046 2.8407573319855137 36.197515447798651 4.4335065197665271 10.008187362167517 4.3274044271383891 1.8498012132768051 24.306585331331007
leaf_count=69 68576 18 33 1067 58 193 568 3520 24 36664 32 36443 51492 2281 11828 102 7265 40309 774 1303 990 304 3612 4875 29134 10823 19505 80 975 147 732 1374 84 709
internal_value=0.000590776 -0.0258539 0.00136546 -0.0529607 0.00138926 0.00527181 0.0259824 -0.00228047 -0.00556542 -0.0121567 0.00596065 -0.0462616 0.00170538 0.00699537 -0.00995108 0.0720547 -0.0130787 0.0385621 -0.00661883 0.00505704 0.0158566 -0.0467941 0.0162555 0.0121038 -0.00116654 0.0010746 -0.00283805 0.0571441 0.0661091 0.00909923 0.0173755 -0.00967681 0.0790962 0.0477964
internal_weight=1585.85 46.4804 23.1921 23.2883 1539.37 747.996 109.885 791.376 672.241 427.672 244.569 59.7436 638.111 438.919 199.192 7.31789 191.874 104.253 367.929 65.7398 54.4078 11.332 119.135 112.665 72.9847 218.992 334.667 44.1449 39.0383 22.0395 20.6189 14.3356 6.28331 25.5764
internal_count=335963 72031 2388 69643 263932 137264 4289 126668 85527 73905 11622 36467 132975 113587 19388 295 19093 42590 37438 2666 2293 373 41141 37621 34009 10855 70997 1623 1055 2370 2337 2106 231 767
is_linear=0
shrinkage=0.08


Tree=113
num_leaves=35
num_cat=0
split_feature=4 12 5 6 5 6 5 6 9 4 6 6 5 6 6 4 4 6 8 8 17 6 4 6 11 1 4 13 4 1 6 6 1 1
split_gain=3.89358 4.34867 9.9074 7.52008 8.70041 6.86927 5.34482 6.53852 5.84603 5.51169 5.2806 5.1834 5.85465 4.94948 4.25256 19.5975 13.6789 13.3439 8.63484 5.03213 3.68337 3.63585 3.51534 3.44842 2.80922 2.54016 2.46606 2.3958 2.38073 2.37692 1.53261 3.59086 8.1494 2.30988
threshold=96.982700347900405 1.0000000180025095e-35 55.013227462768562 0.60570147633552562 42.821605682373054 0.77911314368247997 83.09690093994142 0.73261633515357982 1.0000000180025095e-35 84.515426635742202 0.60488897562026989 0.85483253002166759 66.841186523437514 0.55607405304908764 0.55301484465599071 57.436275482177741 51.03807449340821 0.60142236948013317 1.0000000180025095e-35 1.0000000180025095e-35 1.0000000180025095e-35 0.47734268009662634 92.151729583740249 0.47734268009662634 1.0000000180025095e-35 35.767591476440437 46.710956573486335 1.0000000180025095e-35 45.622552871704109 35.388994216918952 0.97660177946090709 0.98463743925094616 6.2996032238006601 14.907407283782961
decision_type=2 2 2 2 2 2 2 2 2 2 2 2 2 2 2 2 2 2 2 2 2 2 2 2 2 2 2 2 2 2 2 2 2 2
left_child=1 6 3 4 20 26 9 23 27 11 -6 13 -13 -1 15 18 17 -16 -4 -18 -3 -17 -10 -8 -25 29 -5 -9 -7 30 -2 32 -32 -33
right_child=25 2 14 5 10 28 7 8 22 -11 -12 12 -14 -15 16 21 19 -19 -20 -21 -22 -23 -24 24 -26 -27 -28 -29 -30 -31 31 33 -34 -35
leaf_value=0.0047308554216031794 0.052028913160922736 -0.069454714040197346 -0.12231678679092312 -0.044811620123041601 0.03211358069264568 0.37488125755468493 -0.25181554867442341 0.083272073698357055 -0.011807755962944824 -0.51552673605601085 0.55006763516951496 0.15889698088425702 0.025502723685303454 -0.010553819047349746 -0.002607514168008898 0.47057729183632779 0.022649341997654966 0.043912772601157252 -0.020062272431356522 -0.0085594790420442483 0.0077211385398720349 0.16454453141839381 0.083316124568075092 0.0055604018583161677 0.082123491136356752 0.080501759161620667 -0.085108673961715092 -0.11722326196939237 0.065369842179701973 -0.23497085109500368 -1.0059072686852413 0.080361953956321897 0.081093420232673519 -0.027287498967983978
leaf_weight=446.4718942438958 5.3804007972939871 12.044414335665353 5.7364655906567341 21.510331499113818 16.666552214155676 0.17576859601831429 0.21932456255308608 7.120145012100692 34.086620505797327 0.1321194299380285 0.12693328120803826 2.4689480761735494 14.3143566447834 194.72693314807111 80.464160705989343 0.27925848116865326 35.360562385598314 77.44073215930257 67.201049557377701 509.47906637217966 5.895029654071549 2.2525357630802318 2.6820219356013686 3.8110067476227441 15.712454688997239 5.6900790651561683 17.731077543852734 0.40302677494764783 1.672272885989514 0.23755392851308066 0.073654398787766584 1.8072355156764386 0.11016186361666769 4.337332664639689
leaf_count=51451 814 25051 76 31206 12887 182 6 2168 17135 20 232 340 3461 88817 2062 16 5050 4910 1605 50502 1167 167 2832 708 3618 14031 14762 73 407 5 34 722 19 346
internal_value=-0.00087057 -0.00128883 -0.00515286 -0.0327575 -0.00535459 -0.0559212 0.00328089 0.025345 0.0082777 0.00113405 0.0360285 0.00123779 0.045126 8.90226e-05 -0.0024633 -0.0205092 -0.000525306 0.0202073 -0.0281045 -0.006534 -0.0440942 0.1983 -0.00486912 0.0636345 0.0671783 0.0365098 -0.0630197 0.0725313 0.0948077 0.0155562 0.0206391 -0.00604863 -0.354463 0.00437427
internal_weight=1593.82 1576.19 854.036 75.8224 34.7329 41.0895 722.149 64.0346 44.2918 658.114 16.7935 657.982 16.7833 641.199 778.214 75.4693 702.745 157.905 72.9375 544.84 17.9394 2.53179 36.7686 19.7428 19.5235 17.6364 39.2414 7.52317 1.84804 11.9463 11.7088 6.32838 0.183816 6.14457
internal_count=336882 320911 150282 85894 39337 46557 170629 26540 22208 144089 13119 144069 3801 140268 64388 1864 62524 6972 1681 55552 26218 183 19967 4332 4326 15971 45968 2241 589 1940 1935 1121 53 1068
is_linear=0
shrinkage=0.08


Tree=114
num_leaves=35
num_cat=0
split_feature=13 4 0 2 1 1 15 2 4 5 2 1 15 2 8 0 1 4 2 6 2 2 0 0 5 4 12 5 6 6 4 2 2 5
split_gain=4.55064 5.27677 3.90933 10.9288 7.96691 13.6881 11.0102 9.22815 13.8404 5.9166 5.04298 10.8425 10.3291 4.33643 8.7589 7.91025 6.07384 7.33697 5.94915 4.21331 3.64298 6.80804 3.25613 3.86897 2.81354 7.02691 2.69509 2.1992 1.60638 1.5694 3.5694 1.87056 1.3518 1.26012
threshold=1.0000000180025095e-35 44.163812637329109 76.50690078735353 0.90737509727478038 79.205974578857436 94.201679229736342 1.0000000180025095e-35 0.80558601021766674 1.0000000180025095e-35 96.633934020996108 0.95605227351188671 98.213714599609389 1.0000000180025095e-35 0.41875874996185308 1.0000000180025095e-35 12.632978916168215 26.158231735229496 85.254531860351577 0.68163964152336132 0.91879591345787059 0.9636862874031068 0.96002480387687694 1.0000000180025095e-35 4.5983085632324228 85.798320770263686 84.866104125976577 1.0000000180025095e-35 41.686414718627937 0.82751414179801952 0.62574568390846264 31.755368232727054 0.4131507426500321 0.87446627020835888 60.72363471984864
decision_type=2 2 2 2 2 2 2 2 2 2 2 2 2 2 2 2 2 2 2 2 2 2 2 2 2 2 2 2 2 2 2 2 2 2
left_child=2 -2 13 4 7 6 -6 8 -4 10 12 -12 -5 14 29 18 17 -16 26 -18 21 -17 28 33 25 -25 -15 -7 -3 30 -1 -31 -9 -24
right_child=1 22 3 9 5 27 -8 32 -10 -11 11 -13 -14 15 16 20 19 -19 -20 -21 -22 -23 23 24 -26 -27 -28 -29 -30 31 -32 -33 -34 -35
leaf_value=0.10137210133317118 -0.066934408471132717 -0.08950491978405152 0.48038746368785945 -0.10970137118847255 -0.040103441751817917 0.047780214488305585 0.067452483386787096 0.012305254166472995 0.038846590639578835 0.080089157487956419 0.065383024906244258 -0.0022894605138950924 -0.0098727358934020491 -0.0079050342204595152 0.00064609157437313868 -0.0057330634293103911 -0.069411648393236436 0.051082739359226172 0.23106591967416468 0.093736073492164507 0.086660445116348739 -0.356867487177566 0.029114367201252041 -0.015011088055669848 0.089516142149069736 -0.66278804268823222 -0.11240919805368318 0.094402263159812011 -0.32769278175860528 0.079474132585033108 -0.015789542627543396 0.24498272558296752 0.10456503548029883 0.14188559485852772
leaf_weight=3.0092897655267716 14.207420159676984 1.3299584159394715 0.97795160114765056 7.4148396195087107 21.100808822520776 13.271325473033359 8.5632146387943084 2.0177138950093649 0.84858924333821051 5.6549503392016041 17.177250400025514 128.55295814794226 62.939525657238846 2.0039257997996138 421.48655279808736 767.48041352206928 11.048111853480803 19.304251413152087 0.38369708514073941 1.1153471033903759 2.7313524152559685 0.3535534350812658 1.1493086866103142 26.41591767073988 1.6667585519899137 0.10761158869718102 7.4548300626629498 12.645157054714216 0.20979840966174368 7.1782858245715033 3.7231927992834244 0.46536030308925536 2.0481283763801912 1.4147901450050993
leaf_count=113 61290 155 12 871 2645 348 532 223 338 19534 4824 36840 8407 117 13320 161325 2137 3579 35 132 1974 54 81 9743 1030 46 892 4807 9 861 163 12 149 32
internal_value=-0.00165021 -0.0263046 -0.000901346 0.00758394 0.0374309 0.0280536 -0.00905491 0.125883 0.275253 -0.000690538 -0.00280455 0.00568711 -0.0203939 -0.00282734 0.00326723 -0.00647695 0.00131606 0.00285494 -0.0777421 -0.0544516 -0.00556667 -0.00589475 -0.00843004 -0.00274607 -0.0113037 -0.0176393 -0.090269 0.070528 -0.121959 0.0647437 0.0365795 0.0895506 0.0587802 0.091338
internal_weight=1577.45 46.5016 1530.95 283.212 61.4729 55.5805 29.664 5.89238 1.82654 221.74 216.085 145.73 70.3544 1247.74 467.33 780.408 452.954 440.791 9.84245 12.1635 770.565 767.834 32.2941 30.7544 28.1903 26.5235 9.45876 25.9165 1.53976 14.3761 6.73248 7.64365 4.06584 2.5641
internal_count=336630 72386 264244 79530 9054 8332 3177 722 350 70476 50942 41664 9278 184714 20317 164397 19168 16899 1044 2269 163353 161379 11096 10932 10819 9789 1009 5155 164 1149 276 873 372 113
is_linear=0
shrinkage=0.08


Tree=115
num_leaves=35
num_cat=0
split_feature=6 6 5 5 9 1 3 2 1 2 2 6 5 11 1 5 5 10 14 0 0 3 2 5 6 2 3 2 6 5 6 6 5 0
split_gain=4.17872 8.66242 10.7403 7.42641 7.16744 8.9648 9.95019 8.40403 9.35426 5.59014 9.9601 5.49935 4.87829 4.8576 8.38688 5.07892 7.68259 4.69587 4.13036 8.06966 12.2595 7.88679 3.86293 8.73561 9.00833 5.02947 17.0328 5.04687 4.13494 4.07434 4.13735 3.85541 4.97765 3.4623
threshold=0.81611520051956188 0.69664907455444347 86.28794097900392 69.746105194091811 1.0000000180025095e-35 42.967033386230476 37.884435653686531 0.64466246962547313 48.331480026245124 0.36064359545707708 1.0000000180025095e-35 0.75581637024879467 83.654914855957045 1.5000000000000002 6.7231638431549081 81.853973388671889 69.746105194091811 1.0000000180025095e-35 1.0000000180025095e-35 24.440019607543949 23.629112243652347 48.834688186645515 0.36064359545707708 92.349498748779311 0.90822467207908641 0.4131507426500321 7.4772884845733651 0.44447496533393865 0.86888945102691661 87.112743377685561 0.87521871924400341 0.64663824439048778 50.920385360717781 35.111427307128913
decision_type=2 2 2 2 2 2 2 2 2 2 2 2 2 2 2 2 2 2 2 2 2 2 2 2 2 2 2 2 2 2 2 2 2 2
left_child=1 13 4 9 5 6 -3 8 -6 10 -2 -9 -7 -1 15 16 -15 -4 19 20 -11 -21 23 24 28 29 -27 -28 -5 30 -24 32 -16 -31
right_child=3 2 17 22 7 12 -8 11 -10 18 -12 -13 -14 14 31 -17 -18 -19 -20 21 -22 -23 25 -25 -26 26 27 -29 -30 33 -32 -33 -34 -35
leaf_value=6.0085724187239959e-05 0.064422448763217774 0.042357697436130062 0.012657813160331282 -0.10573753188157936 -0.038799569588542325 -0.016955152339950909 0.37975451101927254 -0.11890952581618663 0.093499196023547781 0.10231736128251331 0.56159187716068937 -0.0088363321777767088 -0.15614953134155066 0.0082991792843215735 -0.052178877127183228 0.047876501878393367 -0.10377798097609865 -0.035913184233887542 -0.026317138806995016 -0.028042930343228391 0.51205957319879847 0.078069709560491557 -0.016862435783176772 0.057244353131380245 0.084809725131170771 -0.75934868225474916 -0.052540480545488287 0.0059397695275297301 -0.270733001705111 0.065872780116453533 0.090417231778403565 0.015005932672967171 0.077994067786720689 -0.23753174215669595
leaf_weight=1088.7296257636917 0.84598787126015185 9.1381642852866172 78.796574722713558 2.8039587386883777 65.012417026853655 34.750664159917505 0.59588710213574891 13.229853632219603 3.6103544166689963 4.3518997807550539 0.3709790775901638 3.7221513746917472 1.6897580896038551 9.1509108553873393 2.0641967698757098 5.7768891506129867 6.8401742181740692 15.195937784912529 4.8450814770767456 8.1433003774072876 0.52356052261893626 9.9724483364188909 11.62879201362375 3.2190233182336669 1.2024581510340793 0.18849626928567786 10.1947069621674 128.36060639777133 1.4879263530019669 17.326945336011708 2.8682129197404711 15.689034635099231 21.071148249491671 0.24410487382556212
leaf_count=236320 44 475 19616 42 4736 4527 92 2090 157 260 31 950 458 160 496 207 81 676 285 823 28 1102 122 481 58 2 295 55467 28 2973 92 1970 1625 65
internal_value=7.34857e-05 -0.00152702 -0.0158543 0.0106249 -0.0305932 -0.00519108 0.063012 -0.0442997 -0.0318391 0.048149 0.215979 -0.0947408 -0.0234097 0.00128704 0.0233331 -0.0164157 -0.0396417 0.00480525 0.0408116 0.0549581 0.146318 0.0303705 0.00455221 -0.0474057 -0.108718 0.00720267 0.000603005 0.00163687 -0.162939 0.0357564 0.0043627 0.0456194 0.0663797 0.0616577
internal_weight=1583.64 1375.06 225.742 208.578 131.749 46.1745 9.73405 85.5748 68.6228 29.0533 1.21697 16.952 36.4404 1149.32 60.5924 21.768 15.9911 93.9925 27.8363 22.9912 4.87546 18.1157 179.525 8.71337 5.49434 170.812 138.744 138.555 4.29189 32.0681 14.497 38.8244 23.1353 17.5711
internal_count=336834 274636 33777 62198 13485 5552 567 7933 4893 2573 75 3040 4985 240859 4539 448 241 20292 2498 2213 288 1925 59625 609 128 59016 55764 55762 70 3252 214 4091 2121 3038
is_linear=0
shrinkage=0.08


Tree=116
num_leaves=35
num_cat=0
split_feature=0 17 2 0 8 1 2 2 5 6 14 6 2 5 6 6 0 5 0 2 1 6 0 15 5 2 6 6 5 6 6 10 18 5
split_gain=6.31373 5.80417 22.4724 5.31241 11.2815 8.79961 6.58822 6.08293 6.03728 7.18335 6.2561 5.94701 5.54345 4.8777 7.36121 4.86548 8.51286 5.1845 4.4151 4.73276 3.28133 3.02836 2.82215 4.56918 3.02221 3.36905 2.73664 2.97859 2.41634 4.19451 21.1701 4.06536 5.31796 2.71917
threshold=90.366767883300795 1.0000000180025095e-35 0.78606858849525463 30.0684928894043 1.0000000180025095e-35 31.311274528503422 0.81338217854499828 0.6745823621749879 62.149042129516609 0.62574568390846264 1.0000000180025095e-35 0.86214745044708263 0.96677416563034069 84.650035858154311 0.66618579626083385 0.55514711141586315 26.36544227600098 83.09690093994142 29.679679870605472 0.74922439455986034 39.314987182617195 0.63684904575347911 94.494949340820327 1.0000000180025095e-35 69.746105194091811 0.95605227351188671 0.78365594148635875 0.9258161485195161 75.088653564453139 0.62400871515274059 0.62488630414009105 1.0000000180025095e-35 1.0000000180025095e-35 46.120401382446296
decision_type=2 2 2 2 2 2 2 2 2 2 2 2 2 2 2 2 2 2 2 2 2 2 2 2 2 2 2 2 2 2 2 2 2 2
left_child=3 22 -3 4 6 7 18 26 9 10 -6 -11 13 14 -7 16 -10 -17 21 -20 -15 -1 23 24 25 -2 -5 -28 29 33 -31 -30 -33 -4
right_child=1 2 28 5 8 12 -8 -9 15 11 -12 -13 -14 20 -16 17 -18 -19 19 -21 -22 -23 -24 -25 -26 -27 27 -29 31 30 -32 32 -34 -35
leaf_value=0.031829262108311752 -0.098259442069491221 -0.95938453573557014 0.008511349891839692 -0.028460739287953542 -0.047870799670261754 -0.0033336648952255795 -0.073907196710368481 -0.38256678621941592 -0.026021980443926833 -0.050471143328226525 0.014966669840631663 0.22482349672967775 0.085105794209602403 -0.0089433085712719799 -0.024645402431632574 0.016703556753956177 0.12427277106117353 9.0666907533831927e-05 -0.0037337879501783944 0.55045468544088483 0.020426679774799346 0.090841314111761634 0.083903608205798702 0.066303020764054713 0.10295025989481815 0.074645842536422743 -0.11889509722600142 -0.0089358402616066188 0.062327593711114668 -0.61641289365501217 -0.014643115642946744 0.052984790944745834 -0.055815893713625331 0.054107714396884887
leaf_weight=10.075951753082345 3.2556049803242804 0.1531764944375017 78.933917196874972 12.664461863656475 13.270017834045573 487.56689053303126 2.2630899024079545 0.36142707896942639 48.602254747413099 33.648198640396004 42.992904629762052 0.50981693179346521 4.3840428195762788 36.777431407186668 131.75743564215372 214.04383427667199 2.5378942782990626 274.29112240398536 0.16426679016149037 0.24679526692489162 72.023226191238791 12.432966541615313 10.18911588580522 7.6869000402075471 0.8826715499308192 0.92647024124744337 5.703881089197238 2.1788913416676223 13.54405914137169 0.37993901135633024 24.544257161876885 5.6536090180743486 5.8503938611829653 9.3635591893398651
leaf_count=687 98 33 4117 2825 11981 173861 62 18 497 19083 3156 15 2506 449 22318 4089 61 7422 46 5 23874 1110 5023 3018 622 27 129 29 43813 22 2828 1049 1217 782
internal_value=0.000254645 0.0152438 0.0090671 -0.00146258 0.00380643 -0.00604386 0.0563122 -0.0572176 0.00170726 -0.0174233 0.000145997 -0.0463623 -0.00458316 -0.00512318 -0.00786761 0.00491371 -0.0185634 0.00737232 0.0691699 0.328992 0.0104989 0.064425 0.0525136 0.0274317 -0.0315644 -0.0599551 -0.0514947 -0.0885011 0.01014 0.00516572 -0.0238164 0.0326244 -0.00234611 0.0133466
internal_weight=1569.86 161.364 138.423 1408.5 655.079 753.418 25.1831 20.9087 629.896 90.4209 56.2629 34.158 732.509 728.125 619.324 539.475 51.1401 488.335 22.92 0.411062 108.801 22.5089 22.9408 12.7516 5.06475 4.18208 20.5472 7.88277 138.27 113.222 24.9242 25.0481 11.504 88.2975
internal_count=336872 62649 53861 274223 48214 226009 1910 3001 46304 34235 15137 19098 223008 220502 196179 12069 558 11511 1848 51 24323 1797 8788 3765 747 125 2983 158 53828 7749 2850 46079 2266 4899
is_linear=0
shrinkage=0.08


Tree=117
num_leaves=35
num_cat=0
split_feature=5 3 3 18 5 4 4 5 5 4 6 5 4 14 1 5 1 5 5 1 4 3 6 8 3 1 3 6 2 2 6 5 6 2
split_gain=4.18234 5.61645 6.93498 4.96324 6.69556 8.97008 12.0088 15.3604 12.7007 8.95224 13.1802 6.64764 16.8773 6.43403 13.4576 7.03629 8.33849 6.22573 15.7779 7.62771 5.37886 5.09817 4.89196 4.5398 4.29582 4.17011 5.32135 6.65361 5.31038 15.4534 5.14303 3.95919 2.738 2.57225
threshold=98.598102569580092 33.137254714965827 32.049383163452156 1.0000000180025095e-35 94.759723663330092 85.772121429443374 74.007873535156264 96.019802093505874 95.67297744750978 74.007873535156264 0.71964728832244884 98.31455230712892 91.989303588867202 1.0000000180025095e-35 10.128205299377443 92.349498748779311 72.57053375244142 90.95719146728517 87.540847778320327 5.0641026496887216 93.367176055908217 17.467581748962406 0.77441540360450756 1.0000000180025095e-35 26.36544227600098 9.1966171264648455 1.0000000180025095e-35 0.97333824634552013 0.38509018719196325 0.3636957854032517 0.61260977387428295 88.02985000610353 0.64057400822639476 0.55560007691383373
decision_type=2 2 2 2 2 2 2 2 2 2 2 2 2 2 2 2 2 2 2 2 2 2 2 2 2 2 2 2 2 2 2 2 2 2
left_child=3 2 25 11 9 6 8 -8 -6 17 31 13 -13 14 21 16 -15 18 -5 -19 -16 -1 -7 -12 -24 26 27 -2 29 -27 -28 -11 -30 -17
right_child=1 -3 -4 4 5 22 7 -9 -10 10 23 12 -14 15 20 33 -18 19 -20 -21 -22 -23 24 -25 -26 28 30 -29 32 -31 -32 -33 -34 -35
leaf_value=-0.095337985576309014 -0.023591923571949076 0.073136666929781588 -0.27825931324220898 -0.0090592100028390431 -0.10517740097868333 0.089954837256446221 -0.042909634802489889 -0.33507266459715307 0.055592526593401421 0.12041319456984555 0.094178072022801096 -1.8634778268046348 -0.14467576976965407 0.0053870814587745931 0.0017415806353518906 0.084237458667118195 0.06163227832509964 0.039181182415057615 0.049402347727797821 -0.061339497187690481 -0.08541786726844619 0.24305084523124099 0.057927287313009342 0.0010605496978502663 -0.051185520125732333 0.082870651610673932 0.0042665598250845238 -0.39632788545728981 -0.051001334786336824 -0.63468676338916463 0.077954826935725405 0.040710971955031629 0.014886425952426483 -0.013987505462220121
leaf_weight=11.129673104645914 3.5484808019828082 10.60882402097195 0.53280365973478083 566.29117254915764 7.8535264898382611 3.3291183287947197 2.2727413788816184 2.3348164977505803 5.2451965540531091 8.8225389722210839 3.5029879740759489 0.041137920590698651 0.32871185528347269 143.11246275417943 559.82024529800037 12.292823189054614 19.123428002421861 5.9508368885144618 31.171682154075825 25.680225961696124 4.5684712042784659 0.29243261387455355 3.2210554796620263 77.148753320027026 8.1579333404806658 0.45353444985812785 10.966844906099142 0.33548015030100931 6.2714618919417289 0.33320383098907769 13.553187479090409 7.280440896851359 11.326629640534518 1.981285116613434
leaf_count=836 210 21661 21 134559 68 1119 422 235 70 634 1214 28 171 9493 131153 1240 4508 54 516 425 3359 51 408 11662 6209 53 100 73 38 22 2198 1277 868 1302
internal_value=-0.000567606 0.0205272 0.00873298 -0.00137639 -0.00594459 -0.0415182 -0.0798742 -0.190959 -0.0407994 -0.00435598 0.0182985 0.00322563 -0.335856 0.00339233 -0.00070381 0.0167548 0.0120169 -0.00784024 -0.00600907 -0.0424283 0.00103606 -0.0866744 0.00465656 0.00510497 -0.0202989 0.0120011 0.0312157 -0.0557873 -0.017685 -0.221033 0.044997 0.0843784 -0.00859411 0.0706036
internal_weight=1568.88 57.9305 47.3216 1510.95 758.263 32.4144 17.7063 4.60756 13.0987 725.849 96.7547 752.691 0.36985 752.321 575.811 176.51 162.236 629.094 597.463 31.6311 564.389 11.4221 14.7081 80.6517 11.379 46.7888 28.404 3.88396 18.3848 0.786738 24.52 16.103 17.5981 14.2741
internal_count=336257 25244 3583 311013 158872 8531 795 657 138 150341 14787 152141 199 151942 135399 16543 14001 135554 135075 479 134512 887 7736 12876 6617 3562 2581 283 981 75 2298 1911 906 2542
is_linear=0
shrinkage=0.08


Tree=118
num_leaves=35
num_cat=0
split_feature=10 5 4 3 2 3 5 5 1 2 0 2 0 5 5 0 2 1 11 2 0 4 4 5 1 5 0 18 0 3 4 18 5 11
split_gain=3.79937 12.2152 8.46073 6.63394 9.48625 5.79239 5.85023 5.56945 4.64886 4.04395 4.71645 4.36874 15.8303 5.89297 4.38493 4.27714 5.74214 4.61944 4.1578 3.65176 3.31415 3.31034 3.22585 3.32026 2.84992 3.29471 2.77436 2.6446 2.59937 6.37998 3.24713 2.58204 2.55172 3.40375
threshold=1.0000000180025095e-35 43.359737396240241 36.40611648559571 23.845060348510746 0.69488087296485912 23.166368484497074 73.623714447021499 84.650035858154311 50.28735542297364 1.0000000180025095e-35 44.315244674682624 0.36584249138832098 4.3961353302001962 73.623714447021499 65.733856201171889 4.5983085632324228 0.33350533246994024 4.5983085632324228 1.5000000000000002 0.47988185286521917 72.377109527587905 96.017620086669936 69.852142333984389 88.715740203857436 7.2077922821044931 89.676071166992202 61.435895919799812 1.0000000180025095e-35 79.743591308593764 51.89995193481446 29.041269302368168 1.0000000180025095e-35 96.915149688720717 1.5000000000000002
decision_type=2 2 2 2 2 2 2 2 2 2 2 2 2 2 2 2 2 2 2 2 2 2 2 2 2 2 2 2 2 2 2 2 2 2
left_child=9 -2 7 5 20 6 -4 28 -6 10 24 13 22 14 18 17 -17 -15 -11 -7 -5 31 23 -13 32 -26 -12 -28 29 -3 -30 -14 -1 -34
right_child=1 2 3 4 8 19 -8 -9 -10 11 26 12 21 15 -16 16 -18 -19 -20 -21 -22 -23 -24 -25 25 -27 27 -29 30 -31 -32 -33 33 -35
leaf_value=-0.010156526452991685 -0.065916394743377169 0.10204315228791119 -0.02622167658902208 -0.054219503310350754 0.15876745037629036 0.66365485607546493 0.042096898198578973 -0.10760372966587754 -0.0046287374409038342 0.00076659452239570298 0.29952686021294611 -0.11444519614298429 0.0058230439760387932 0.025309198396030321 -0.05262476617494926 0.043258025594449571 -0.067970887508017303 0.077841284724233781 0.12516656824684616 0.17015375063906971 0.055427221439228007 0.038405701307685905 -0.25869668106965749 0.010892556539769054 -0.099627499440410411 0.054075460697795855 0.17738005884733318 -0.090955034864626541 0.021766760651828851 -0.039754224585990809 0.1812395768645596 -0.0016496251834914367 -0.10440770018537368 0.080620441532381723
leaf_weight=47.855130126554286 21.923973417455272 5.5026181713692477 12.094709974066062 36.951339876184647 1.1259907579078561 0.12267460422299237 23.821661755442619 1.1890653707087029 108.298873217449 16.497330395301113 0.4210136308975041 6.6034729079692589 593.30201430781017 25.781498014635872 9.7458972996100766 6.6108091479109117 5.3941801480978029 18.330107893561944 1.919581897149327 0.44072661035897909 1.8527099597849872 16.290614290875965 0.78235825593583364 1.7011164906434713 5.1314994273125185 1.0804845307138746 0.50555650089518167 0.43933827038563322 1.2094137782696628 3.2186456624840503 2.5194944129762007 590.430879015541 3.7535289283841839 0.76618368318304408
leaf_count=1854 111220 678 1259 26470 186 43 301 13 16661 2167 34 239 80173 712 139 120 125 550 67 52 241 18088 51 14 607 36 20 27 19 674 56 73387 177 169
internal_value=0.000492254 -0.00925138 -0.00298804 -0.00747788 -0.0149992 0.0230835 0.0190909 0.0578155 -0.00294738 0.00207814 -0.0182337 0.00301966 0.00179213 0.0206303 -0.00923066 0.0356164 -0.00672026 0.0471383 0.0137327 0.277608 -0.0489844 0.00258869 -0.103401 -0.0887709 -0.0216598 -0.0728931 0.128721 0.052615 0.073614 0.0497118 0.129517 0.00209577 -0.0155832 -0.0730416
internal_weight=1573.61 220.272 198.348 184.709 148.229 36.4798 35.9164 13.6392 109.425 1353.34 59.9527 1293.39 1209.11 84.2794 28.1628 56.1166 12.005 44.1116 18.4169 0.563401 38.804 1200.02 9.08695 8.30459 58.5868 6.21198 1.36591 0.944895 12.4502 8.72126 3.72891 1183.73 52.3748 4.51971
internal_count=336629 157873 46653 45213 43558 1655 1560 1440 16847 178756 2924 175832 171952 3880 2373 1507 245 1262 2234 95 26711 171648 304 253 2843 643 81 47 1427 1352 75 153560 2200 346
is_linear=0
shrinkage=0.08


Tree=119
num_leaves=35
num_cat=0
split_feature=16 2 1 17 15 3 17 3 0 3 8 15 5 1 0 2 2 0 5 2 4 1 1 3 3 0 3 0 2 0 4 4 0 0
split_gain=5.44265 7.40998 11.0853 9.07665 9.147 10.3348 8.64146 12.9714 9.41048 7.50192 13.1469 9.48389 11.9836 10.8882 6.67797 6.66842 6.66344 5.00044 4.56342 4.47236 3.5284 3.45333 6.61086 5.38258 4.80426 4.34728 3.87163 7.80448 3.43476 3.28982 3.09912 3.0792 3.00416 2.60109
threshold=1.0000000180025095e-35 0.89672121405601513 69.028213500976577 1.0000000180025095e-35 1.0000000180025095e-35 90.054946899414077 1.0000000180025095e-35 64.051280975341811 63.453348159790046 24.316333770751957 1.0000000180025095e-35 1.0000000180025095e-35 69.746105194091811 77.032970428466811 87.226108551025405 0.89146339893341076 0.95605227351188671 83.43881988525392 65.733856201171889 0.40676510334014898 47.466186523437507 83.484848022460952 77.871940612792983 75.147060394287124 68.323558807373061 65.26175689697267 74.849395751953139 65.058139801025405 1.0000000180025095e-35 31.287651062011722 50.106382369995124 22.026123046875004 74.849395751953139 74.322341918945327
decision_type=2 2 2 2 2 2 2 2 2 2 2 2 2 2 2 2 2 2 2 2 2 2 2 2 2 2 2 2 2 2 2 2 2 2
left_child=1 6 -3 4 16 -6 9 8 15 10 19 12 -11 -13 17 -8 -4 -5 -10 -1 -9 22 33 24 25 -24 29 31 -12 -23 -22 -28 -26 -2
right_child=21 2 3 14 5 -7 7 20 18 11 28 13 -14 -15 -16 -17 -18 -19 -20 -21 30 26 23 -25 32 -27 27 -29 -30 -31 -32 -33 -34 -35
leaf_value=0.056360742458056307 0.025518626645115942 0.083907456409420489 -0.088922681389235231 -0.062345707111169352 -0.0018113048239695273 0.091815001343420036 0.0072846122496385869 0.048616263225692916 -0.118215498616073 -0.031577872339425807 -0.014380380993213407 -0.00050497769761731395 -0.0030094386849988629 0.056648983930203713 -0.021990083004450867 0.11814999019779832 0.082291287854241238 -0.23476631511600116 0.16042765876532378 0.16196907594620008 0.22825284627948919 -0.11673176411807362 -0.069415264299735421 0.0089931302567727543 -0.071536973945721824 0.1721670042768351 -0.46610035889777257 0.014614377045684775 0.0057210583784089433 0.055552846228576883 0.089243186532031379 -0.098043526617283647 -0.17387807710243117 0.16323760661047781
leaf_weight=9.9439710354781692 9.4533628076169407 6.6811843907998982 10.353138518330523 30.286510778882079 54.184841269692697 8.7661640116493782 80.773285515570024 23.532305224449374 4.9683401264919658 158.85496982884069 61.535981951397844 140.05576339322579 230.06762447498477 25.165738994481217 53.439244142275129 3.6282167424287755 1.6926324588639534 1.1161621727078443 0.40697347410605278 3.4591177937545572 1.1895264231716263 0.73402184808219573 1.1452435907849592 7.4677480422033105 5.0619312998460373 0.81667912888224226 0.28619079384952684 123.98278123694763 469.3233932459334 21.102320658083045 7.4860839024768211 0.29586881808063481 2.8802099072927376 0.96753354680549897
leaf_count=909 1348 2407 1423 2538 6308 3618 9746 1051 170 167649 2848 27050 6272 2215 6262 262 655 172 138 220 60 11 122 612 271 47 4 57236 26911 2940 4926 52 37 125
internal_value=0.00045286 -0.0012212 -0.0170516 -0.0212716 -0.000994974 0.0112265 0.000938818 0.0211394 0.00551402 -0.00130457 0.00536659 -0.00785678 -0.0146782 0.00820044 -0.0391953 0.0120504 -0.0648643 -0.0684741 -0.097119 0.0836165 0.0646936 0.0137815 -0.0120708 -0.04229 -0.080958 0.0311469 0.0186893 0.0132423 0.00339095 0.0497616 0.108303 -0.279012 -0.108651 0.0383052
internal_weight=1561.11 1386.91 166.52 159.839 74.9968 62.951 1220.39 121.985 89.7768 1098.41 544.262 554.144 388.923 165.222 84.8419 84.4015 12.0458 31.4027 5.37531 13.4031 32.2079 174.194 27.7927 17.3718 9.90406 1.96192 146.401 124.565 530.859 21.8363 8.67561 0.58206 7.94214 10.4209
internal_count=336615 273810 23383 20976 12004 9926 250427 16353 10316 234074 30888 203186 173921 29265 8972 10008 2078 2710 308 1129 6037 62805 2562 1089 477 169 60243 57292 29759 2951 4986 56 308 1473
is_linear=0
shrinkage=0.08


Tree=120
num_leaves=35
num_cat=0
split_feature=14 1 10 3 4 4 2 2 2 3 4 6 2 1 6 6 4 2 2 3 4 6 2 1 1 3 3 4 3 6 2 3 1 3
split_gain=4.55249 14.4192 5.29902 6.37726 6.43627 16.0769 6.25137 7.54318 4.99525 4.17745 4.14698 9.40153 4.85895 3.8508 4.16176 7.02246 4.64401 4.13471 3.70257 6.38098 3.64219 4.23554 4.12887 8.11933 6.54834 3.63617 4.57314 3.29031 2.99574 5.51604 2.87163 2.55415 2.42517 3.83587
threshold=1.0000000180025095e-35 10.128205299377443 1.0000000180025095e-35 25.15822792053223 58.853387832641609 58.082538604736335 0.73350545763969432 0.7591443955898286 0.4131507426500321 6.1072261333465585 52.839963912963874 0.61862373352050792 0.449656292796135 6.7231638431549081 0.5946999490261079 0.55078577995300304 48.394460678100593 0.37149374186992651 0.45743793249130255 14.724480628967287 88.687450408935561 0.88511258363723766 0.40056291222572332 47.478813171386726 6.7231638431549081 17.467581748962406 18.321678161621097 23.896820068359379 9.6399536132812518 0.82234114408493053 0.43934066593647009 16.064516067504886 56.635221481323249 47.140522003173835
decision_type=2 2 2 2 2 2 2 2 2 2 2 2 2 2 2 2 2 2 2 2 2 2 2 2 2 2 2 2 2 2 2 2 2 2
left_child=1 25 9 4 5 -4 27 -8 -6 -3 11 13 28 14 15 -2 -16 -15 30 -20 21 22 24 -24 -12 -1 -27 -5 -13 -30 -11 -19 -14 -34
right_child=10 2 3 6 8 -7 7 -9 -10 18 20 12 32 17 16 -17 -18 31 19 -21 -22 -23 23 -25 -26 26 -28 -29 29 -31 -32 -33 33 -35
leaf_value=-0.081615626386880344 -0.019653747179808511 -0.40761020101018602 0.11208800980959897 0.12772180204170519 0.13572069353455637 0.96446030578869257 0.11997007570272052 -0.011156917593497321 -0.025913263423801014 -0.0063791626631267686 -0.0078907377354799114 0.046063176243152884 -0.078137037134635934 -0.12220033991964455 -0.0076543120315879553 0.027565625626659866 -0.081982441918017415 0.033780434176763449 -0.11090007668523956 0.0032651812292941473 0.041989578346552245 0.065386473476923418 -0.062514721723677197 0.012030224165076193 0.027555482125050622 0.53319453089460345 -0.00018455794249556146 -0.044803928727425162 0.10466862209172315 0.70019242444625152 -0.03968250363733071 0.0054309513063300644 0.1576521358121121 -0.013293880822512759
leaf_weight=16.885811419459063 41.181150882970542 0.16014447087945782 1.9487140458440975 0.7181678081251438 1.6171334767132064 0.15271855908213172 2.8818079100965397 109.17750480366522 5.0296591430378612 72.520360966445878 147.80532554443926 46.129473083739867 2.5771955686795973 1.3245552123553341 14.600675295223484 39.483142561744899 8.5185852949507517 42.73236579389777 3.1458438714907961 784.64727668695923 12.122844349709338 5.659491383645217 20.703294396298588 17.053912470597425 43.077173571742605 0.13320247520459716 0.45189710361592006 47.500240353525442 3.5421366063601449 0.10242092492990185 21.477920624893159 38.813298946006398 1.0004676269454646 5.2406127668873523
leaf_count=1520 532 8 1675 1051 45 13 4254 33497 95 8372 2818 3893 2307 128 603 797 110 886 491 138881 6358 1948 717 2570 933 32 109 103411 702 22 2946 12168 502 2191
internal_value=0.000190906 -0.00274063 -0.00154239 -0.0145183 0.0519948 0.174033 -0.0181487 -0.00778475 0.0134115 0.000944437 0.00656145 0.0139262 0.0418829 0.00515034 -0.00511756 0.00345895 -0.0350415 0.0180095 0.00101864 0.00280929 -0.000768161 -0.00298048 -0.00467276 -0.0288448 0.000108544 -0.0748219 0.121243 -0.0422343 0.0515798 0.121404 -0.0139887 0.0202869 -0.0128502 0.0141094
internal_weight=1560.12 1068.45 1050.98 169.026 8.74823 2.10143 160.278 112.059 6.64679 881.952 491.668 245.246 58.5923 186.654 103.784 80.6643 23.1193 82.8702 881.791 787.793 246.422 234.299 228.64 37.7572 190.882 17.4709 0.5851 48.2184 49.774 3.64456 93.9983 81.5457 8.81828 6.24108
internal_count=336585 296400 294739 144041 1828 1688 142213 37751 140 150698 40185 24841 9617 15224 2042 1329 713 13182 150690 139372 15344 8986 7038 3287 3751 1661 141 104462 4617 724 11318 13054 5000 2693
is_linear=0
shrinkage=0.08


Tree=121
num_leaves=35
num_cat=0
split_feature=12 6 5 5 6 3 5 6 6 8 6 6 3 2 10 1 1 9 2 1 3 9 6 5 13 5 6 5 6 2 6 5 1 6
split_gain=6.87741 7.41935 6.86688 8.8043 5.29387 8.68433 5.174 4.89858 4.23053 7.06042 4.1425 3.84353 3.65035 6.83457 4.53898 3.32152 14.5576 5.34616 3.22716 5.74474 6.28676 5.06247 3.73678 4.28005 3.12128 4.20707 2.98174 4.76083 4.63046 3.50002 2.94412 2.92913 2.91803 2.87428
threshold=1.0000000180025095e-35 0.54845148324966442 57.212205886840827 24.509048461914066 0.6396811604499818 69.631092071533217 86.28794097900392 0.68872883915901195 0.51234155893325817 1.0000000180025095e-35 0.77911314368247997 0.736912101507187 89.825496673583999 0.6745823621749879 1.0000000180025095e-35 41.825756072998054 53.907203674316413 1.0000000180025095e-35 0.61271062493324291 50.28735542297364 34.525329589843757 1.0000000180025095e-35 0.54705888032913219 96.476501464843764 1.0000000180025095e-35 39.700269699096687 0.81611520051956188 80.123455047607436 0.80927285552024852 0.47083556652069097 0.58612227439880382 81.853973388671889 19.139194488525394 0.47734268009662634
decision_type=2 2 2 2 2 2 2 2 2 2 2 2 2 2 2 2 2 2 2 2 2 2 2 2 2 2 2 2 2 2 2 2 2 2
left_child=6 8 3 -3 5 -5 24 15 9 -2 -6 33 13 -9 -14 17 -17 -4 22 20 -20 -21 23 -10 26 -26 28 29 30 -28 -1 -29 -30 -8
right_child=1 2 7 4 10 -7 11 12 18 -11 -12 -13 14 -15 -16 16 -18 -19 19 21 -22 -23 -24 -25 25 -27 27 31 32 -31 -32 -33 -34 -35
leaf_value=0.0075254041458474421 -0.093442588638356597 0.73057221040356513 0.037470478809773687 -0.040324505869579558 -0.060596460443499645 0.034665530694311809 -0.20030772626173166 -0.0032861318289416613 -0.055983464726272428 0.01255761817990857 0.044547301789001507 0.017839130075372904 0.064302360865668165 -0.033142471773533688 -0.01449157721653827 0.089730876878880358 0.0052109771229989074 -0.001682846797654137 0.82582220254832817 -0.064614036542996689 0.11527925117436139 0.040764053464628865 -0.17039939729306569 0.071353691002297145 -0.080525783361974621 -0.0069444799330610416 -0.0025651836766944296 -0.073833321235408908 -0.38036210046148233 0.071523650442933628 -0.0060749512385926078 0.01335903092421031 -0.067663709093826269 0.076480240401643834
leaf_weight=449.31363444615999 4.7916048879560575 0.098292905182460255 24.505437722575152 22.868936157690769 28.639821415934424 17.405918489093892 0.24508582567796011 240.01852089600288 32.389626226082328 25.025069972871279 2.6173031417711163 31.741564605370513 9.8762222067234688 61.680396723786544 8.8914200784638524 15.629759535964693 78.779430123984639 250.21363646263489 0.087915915384654819 7.4737181501550349 0.85217378471861593 4.7862388483918039 1.7137449537840428 1.782305463682859 5.7553469289123305 36.588099137279642 5.5450239151250598 3.3998460489383424 0.30897359922528167 15.453929206603787 131.73384335817536 8.9755734967911831 0.50018385396106169 11.832927830684637
leaf_count=41366 729 34 660 43336 28986 3902 3 11948 4388 5018 770 18331 29481 16176 1501 801 7351 5548 33 3827 506 386 192 13 44726 26660 93 764 3 3053 28708 3751 100 3385
internal_value=-1.09287e-05 -0.00489336 -0.00247295 -0.0260485 -0.0270882 -0.00791544 0.00583723 -2.40873e-05 -0.0282447 -0.00447685 -0.0517923 0.0324543 -0.00726054 -0.00939007 0.0269727 0.00625839 0.0192035 0.0018097 -0.0426823 -0.00886055 0.181728 -0.0234748 -0.0551231 -0.0493419 0.00406352 -0.0169457 0.00550948 0.028764 0.00417564 0.0519596 0.00444196 -0.010595 -0.187066 0.0708637
internal_weight=1541.52 840.127 761.225 71.6303 71.532 40.2749 701.394 689.595 78.9024 29.8167 31.2571 43.8196 320.467 301.699 18.7676 369.128 94.4092 274.719 49.0857 13.2 0.94009 12.26 35.8857 34.1719 657.574 42.3434 615.231 33.3744 581.857 20.999 581.047 12.3754 0.809157 12.078
internal_count=336529 165586 150494 77028 76994 47238 170943 73466 15092 5747 29756 21719 59106 28124 30982 14360 8152 6208 9345 4752 539 4213 4593 4401 149224 71386 77838 7661 70177 3146 70074 4515 103 3388
is_linear=0
shrinkage=0.08


Tree=122
num_leaves=35
num_cat=0
split_feature=0 2 15 2 2 0 3 9 8 2 2 2 0 1 12 3 1 3 2 3 3 3 2 12 0 3 3 1 12 0 1 14 3 3
split_gain=3.99617 6.23812 7.07362 9.3874 6.9867 5.62353 11.6587 11.6799 11.3784 9.98173 9.08791 7.89835 6.53641 6.50728 8.00359 7.46154 5.1071 8.7512 5.73597 4.99715 11.7489 4.86388 6.77705 4.60437 4.38048 7.73658 4.27861 4.10876 9.98535 4.58108 11.2026 6.20517 8.22583 4.00833
threshold=78.629974365234389 0.83336639404296886 1.0000000180025095e-35 0.91000398993492138 0.94447892904281627 32.049383163452156 39.173061370849616 1.0000000180025095e-35 1.0000000180025095e-35 0.5090131163597108 0.82810291647911083 0.4889191091060639 59.870130538940437 43.534002304077156 1.0000000180025095e-35 52.114353179931648 31.662488937377933 30.860805511474613 0.51111784577369701 62.910053253173835 63.453348159790046 80.982517242431655 0.88867244124412548 1.0000000180025095e-35 35.368577957153327 35.368577957153327 56.070175170898445 80.277778625488295 1.0000000180025095e-35 82.972846984863295 95.311355590820327 1.0000000180025095e-35 90.366767883300795 36.474500656127937
decision_type=2 2 2 2 2 2 2 2 2 2 2 2 2 2 2 2 2 2 2 2 2 2 2 2 2 2 2 2 2 2 2 2 2 2
left_child=5 27 4 23 21 8 12 13 10 11 33 -9 24 15 -15 -8 17 18 -10 -18 -21 -3 -23 -4 25 -7 -19 28 -2 30 -29 -31 -33 -1
right_child=1 2 3 -5 -6 6 7 9 16 -11 -12 -13 -14 14 -16 -17 19 26 -20 20 -22 22 -24 -25 -26 -27 -28 29 -30 31 -32 32 -34 -35
leaf_value=0.081273520019909853 0.26722439712999935 0.036857577340361915 0.046789831694275981 0.0054749007085106681 0.046564295978297199 -0.0061965760494227312 0.037013995408933915 0.050418348318336637 -0.00044916466198865204 0.01375182662049448 -0.07256069898810355 0.27100135047079105 0.12455315945920116 -0.0046006351000848177 -0.032172789418652786 0.31602722398728739 0.040305929862962192 -0.037214432864731167 0.028415336377761728 1.4714135081328146 -0.071851123551469512 -0.020596304564990859 -0.12238779844501053 0.15782262635988048 -0.052167511219494166 -0.1233511482186281 -0.2999348237489407 -0.10425047553797123 -0.096396504575043701 0.078481588934554425 0.076006122696533382 0.011499269875879474 -0.51117336025808913 -0.017263304227151208
leaf_weight=21.77893028206018 1.5052449296490551 2.9832751970971065 7.9181401799214637 198.3734082334413 5.2486695186235002 38.19738291428439 2.9045206131813752 2.6492941569886161 566.35722432237162 124.66770848060696 3.270611414933227 1.7091063189145641 1.645445446618395 293.89429832435053 87.421181986246665 0.77765951296896663 16.778359224594173 32.758239015642175 47.778543461095978 0.051958728767202866 0.080463747475732816 7.9790353640710263 8.8056024024554045 3.4238363707117969 50.621675634796702 3.9837831217737394 0.40159414318622921 4.1662096866566589 0.71193284926994227 13.422479112959987 4.6911711121283588 0.70802298036142097 0.26477366529434221 3.0068569844588628
leaf_count=1706 151 827 689 68122 2057 8191 2617 675 33384 21520 73 290 556 92045 52112 95 7262 5880 6548 11 39 1555 1050 679 22229 1267 7 933 166 2648 504 194 30 553
internal_value=-0.000244365 0.00880584 0.00472557 0.00952206 -0.0354837 -0.00205479 -0.00766546 -0.00291866 0.00287678 0.0179123 0.0527803 0.136918 -0.0334994 -0.00989984 -0.0109219 0.0959403 0.000768832 -0.00036502 0.00179644 0.0441694 0.533681 -0.0572686 -0.0739984 0.0803076 -0.0363017 -0.0172612 -0.0403962 0.0464099 0.150466 0.036488 -0.00878043 0.0643415 -0.130761 0.0693196
internal_weight=1560.94 260.202 234.732 209.715 25.0166 1300.73 608.472 514.024 692.263 129.026 28.0564 4.3584 94.4483 384.998 381.315 3.68218 664.206 647.296 614.136 16.9108 0.132422 19.7679 16.7846 11.342 92.8028 42.1812 33.1598 25.4698 2.21718 23.2527 8.85738 14.3953 0.972797 24.7858
internal_count=336665 79605 74979 69490 5489 257060 201597 169354 55463 22485 2332 965 32243 146869 144157 2712 53131 45819 39932 7312 50 3432 2605 1368 31687 9458 5887 4626 317 4309 1437 2872 224 2259
is_linear=0
shrinkage=0.08


Tree=123
num_leaves=35
num_cat=0
split_feature=18 0 3 5 12 3 2 1 5 5 6 6 5 2 16 0 1 2 0 6 2 6 10 1 2 3 12 5 5 5 5 0 5 2
split_gain=3.4331 4.99768 13.6521 9.1559 12.315 9.81184 9.27505 9.27189 8.73811 8.32884 7.36662 7.32029 6.55769 6.42824 5.8838 6.57419 5.77036 11.6849 6.11467 5.18143 4.92991 4.34726 3.96442 4.11253 7.42367 3.07239 8.23409 8.86203 11.1948 8.70418 8.59217 6.20184 5.9854 5.9705
threshold=1.0000000180025095e-35 61.938297271728523 64.326763153076186 64.775318145751967 1.0000000180025095e-35 17.467581748962406 0.6931876838207246 12.632978916168215 84.101531982421889 83.654914855957045 0.62574568390846264 0.67720997333526622 84.101531982421889 0.91616904735565197 1.0000000180025095e-35 79.743591308593764 69.028213500976577 0.60002258419990551 74.322341918945327 0.5269363820552827 0.88611632585525524 0.83971107006073009 1.0000000180025095e-35 83.484848022460952 0.57154917716979992 8.4219856262207049 1.0000000180025095e-35 68.438713073730483 43.359737396240241 34.674373626708991 85.127449035644545 8.2482991218566912 80.123455047607436 0.36952060461044317
decision_type=2 2 2 2 2 2 2 2 2 2 2 2 2 2 2 2 2 2 2 2 2 2 2 2 2 2 2 2 2 2 2 2 2 2
left_child=25 3 22 4 5 10 9 -8 -9 11 -2 -5 -11 21 16 20 17 -4 -18 -7 -16 -6 23 24 -3 26 29 28 -28 -1 33 -27 -31 -29
right_child=1 2 14 6 13 19 7 8 -10 12 -12 -13 -14 -15 15 -17 18 -19 -20 -21 -22 -23 -24 -25 -26 31 27 30 -30 32 -32 -33 -34 -35
leaf_value=0.39922655996183226 0.07239740117679698 0.46742497491842194 0.56752294324806829 0.032310654639752703 -0.065962232801935014 -0.013552791980771577 0.72076416871749682 -0.091667175006157703 0.014728912382570356 -0.064827907268247872 -0.030069779462414164 -0.0033046674218632226 -0.0045615209239644981 0.20087688826377192 -0.14021152215959343 0.0036917202722407325 -0.040215323195799429 0.034089669516651461 -0.0018516506222440085 -0.075290880420725625 0.065618899714810497 0.047095045918288947 -0.00034029836780305093 0.032307026178833284 0.10061916999489476 -0.21746875792392206 -0.060704886543786155 -0.043367907223020676 0.084894393403500357 -0.04448918244581624 0.047613119725251382 0.0021879853870701666 0.081235259318705066 0.016826539356401736
leaf_weight=0.30540897708852099 14.373741843119207 0.36496509496647078 0.27036077139200543 82.817034010426141 45.911962378573662 71.765368082429632 0.098986031604001989 14.429771527415143 7.5120792228044584 12.167297314153982 6.530424285971093 66.666726355237188 229.72673664035392 0.60933287293300864 0.77515352160844742 54.676111927190505 40.910680013377714 9.4124104175571102 75.9581414468812 9.9002806635871803 18.976274238131737 2.2850364182377225 4.5563077055921886 6.4284942470039814 10.883264135118223 0.82371532259276037 3.9334633852413416 19.734262912999839 24.006403014354873 21.793574723720671 25.439094548986759 631.72628237506433 2.7266514924995127 22.649235309800133
leaf_count=6 691 90 10 1843 55545 10285 2 409 2299 104 1161 1739 5670 21 246 27020 9323 2209 13902 35552 2923 202 5696 646 1174 36 844 130 1297 726 1554 152467 445 152
internal_value=0.000270683 -0.00342066 0.00671369 -0.00742584 -0.0242588 -0.00851877 -0.00126232 -0.051756 -0.0552411 0.00158128 0.0403868 0.0164269 -0.00759293 -0.0573377 0.000133265 0.0179821 -0.010364 0.0489841 -0.0152811 -0.0210373 0.057541 -0.0606021 0.0661985 0.0833494 0.112521 0.00413292 0.0158356 0.0264795 0.0643965 -0.0252219 0.0108593 0.00190195 -0.0305086 -0.0112007
internal_weight=1541.15 788.007 223.212 564.795 151.376 102.57 413.419 22.0408 21.9419 391.378 20.9042 149.484 241.894 48.8063 200.979 74.4275 126.552 9.68277 116.869 81.6656 19.7514 48.197 22.233 17.6767 11.2482 753.138 120.588 95.7625 27.9399 24.8256 67.8226 632.55 24.5202 42.3835
internal_count=336419 178762 63239 115523 103457 47689 12066 2710 2708 9356 1852 3582 5774 55768 55633 30189 25444 2219 23225 45837 3169 55747 7606 1910 1264 157657 5154 3977 2141 1177 1836 152503 1171 282
is_linear=0
shrinkage=0.08


Tree=124
num_leaves=35
num_cat=0
split_feature=4 6 0 6 6 6 4 5 5 4 6 2 8 16 3 5 5 2 5 5 2 2 4 6 5 6 6 4 5 14 5 2 0 3
split_gain=3.71888 5.40184 3.3827 22.1657 3.26651 3.33683 12.2269 12.3764 6.85166 10.7426 6.73192 5.27043 4.98204 3.55604 4.09612 2.73472 14.2887 2.71893 2.70867 2.43265 2.65843 12.1915 2.43367 2.33326 1.23764 0.314128 1.9609 1.49818 0.00346444 0.005369 0.00558364 0.00217392 0.00263892 0.00121919
threshold=95.782062530517592 0.97333824634552013 1.0000000180025095e-35 0.98463743925094616 0.97333824634552013 0.66351884603500377 64.928264617919936 83.09690093994142 59.473320007324226 51.358736038208015 0.53721660375595104 0.66485902667045604 1.0000000180025095e-35 1.0000000180025095e-35 72.377109527587905 38.119783401489265 38.07201004028321 0.99772727489471447 76.220237731933608 95.896026611328139 0.58218562602996837 0.5776471495628358 96.563533782958999 0.80338552594184887 96.633934020996108 0.76994219422340404 0.76525962352752697 96.563533782958999 96.633934020996108 1.0000000180025095e-35 96.476501464843764 0.67291042208671581 26.747966766357425 30.368906021118168
decision_type=2 2 2 2 2 2 2 2 2 2 2 2 2 2 2 2 2 2 2 2 2 2 2 2 2 2 2 2 2 2 2 2 2 2
left_child=4 25 3 -3 5 6 13 10 15 18 -8 -9 -11 17 -15 16 -7 -1 -10 22 21 -21 -4 -17 -22 26 -2 -28 29 -27 -31 32 -6 -34
right_child=1 2 19 -5 31 8 7 11 9 12 -12 -13 -14 14 -16 23 -18 -19 -20 20 24 -23 -24 -25 -26 28 27 -29 -30 30 -32 -33 33 -35
leaf_value=-0.00049951919107988295 0.08141933715271471 -1.0817507843825926 0.081937000005984667 0.080741796173207578 0.080934643923699187 -0.080844431967818015 0.46259897600388777 -0.020090423275741339 0.035144900126545024 0.027204489245588794 0.090561280162146179 0.099793531705620692 -0.0074746042889041247 0.046273906417927106 0.0064877176302687691 -0.04596655411005178 1.3634934254069218 -0.020976348668366004 0.10217551941009284 -0.010607304196706073 -0.054430096220664088 -1.0821200909183042 -0.45116168198163442 0.01254783112524686 0.080577745272137236 0.083105082540016792 -0.252576250233845 0.080883846288701572 0.081256108657766501 0.080551603457242396 0.10168597477966702 0.08018950391941855 0.08947270712421565 0.084654488413937842
leaf_weight=781.03160391190977 1.850537898382757 0.13751768600195546 0.087779564833907808 0.44357996887993068 0.70188265095930535 0.21195530971453891 0.31721792285680095 13.776961590803696 10.315992907519105 28.144459032351733 16.616387158108409 2.828853388054994 457.24738114509091 20.062515702560631 94.890669877586333 36.031469519501115 0.055266683801164618 43.829271058930317 6.1633940986794178 5.9154650156415283 0.50077601102384539 0.068747950776014366 0.14589928451459855 4.9619213841942829 3.2868775514871231 1.4615392545674675 0.22046581537870213 0.14162110734469024 6.2104337177006528 0.12432353808253527 0.22443393095454667 0.89748976870032482 0.6510806009173391 0.69476452533854172
leaf_count=200882 1732 12 72 74 217 686 60 189 610 6751 1070 2026 65556 1586 7416 24254 35 1429 351 1824 428 16 3 1223 9408 801 20 125 5407 81 11 2593 8 67
internal_value=-0.000236269 0.0333453 -0.00671837 -0.194364 -0.00069642 -0.000859888 0.00194332 0.0494064 -0.00588355 -0.00330719 0.0975307 0.00033219 -0.00546381 0.000249492 0.0134315 -0.037221 0.217873 -0.00158756 0.0602148 0.00417963 0.0102796 -0.0229171 -0.250907 -0.0388839 0.062728 0.074792 0.0481058 -0.122152 0.0821538 0.0852333 0.0941521 0.0834725 0.0849114 0.0869854
internal_weight=1540.25 20.82 10.5866 0.581098 1519.43 1516.49 973.353 33.5394 543.132 501.871 16.9336 16.6058 485.392 939.814 114.953 41.2606 0.267222 824.861 16.4794 10.0055 9.77187 5.98421 0.233679 40.9934 3.78765 10.2334 2.21262 0.362087 8.02073 1.8103 0.348757 2.94522 2.04773 1.34585
internal_count=337023 20014 11837 86 317009 314124 214658 3345 99466 73268 1130 2215 72307 211313 9002 26198 721 202311 961 11751 11676 1840 75 25477 9836 8177 1877 145 6300 893 92 2885 292 75
is_linear=0
shrinkage=0.08


Tree=125
num_leaves=35
num_cat=0
split_feature=11 6 1 5 5 6 5 1 6 5 0 3 3 13 5 5 15 5 12 5 6 5 5 6 6 0 5 8 6 6 6 6 6 6
split_gain=5.16708 4.97356 6.59611 4.63954 6.96614 10.7229 4.41492 3.67232 4.03159 3.2367 3.13829 3.8327 8.39499 3.11067 7.16744 5.08424 4.00398 3.64096 3.63511 7.09529 7.75569 6.80325 6.74277 9.57296 7.96605 10.3456 7.12222 4.9956 4.97611 4.48032 6.79627 6.00792 2.99709 2.68736
threshold=1.5000000000000002 0.70812296867370617 6.7231638431549081 50.757749557495124 55.717840194702156 0.62127217650413524 98.441547393798842 5.926250934600831 0.69664907455444347 81.853973388671889 70.659969329833999 64.89996719360353 65.26175689697267 1.0000000180025095e-35 60.72363471984864 65.733856201171889 1.0000000180025095e-35 81.106575012207045 1.0000000180025095e-35 57.212205886840827 0.6396811604499818 44.076908111572273 41.039136886596687 0.50018540024757396 0.58438628911972057 57.93287658691407 35.624311447143562 1.0000000180025095e-35 0.77911314368247997 0.55301484465599071 0.5142931640148164 0.69664907455444347 0.67720997333526622 0.98976975679397594
decision_type=2 2 2 2 2 2 2 2 2 2 2 2 2 2 2 2 2 2 2 2 2 2 2 2 2 2 2 2 2 2 2 2 2 2
left_child=13 2 7 -4 5 -5 10 8 9 -2 11 33 -13 18 -15 -16 17 -17 22 20 21 -20 23 26 25 -24 -1 -26 -22 30 -21 -31 -25 -3
right_child=1 6 3 4 -6 -7 -8 -9 -10 -11 -12 12 -14 14 15 16 -18 -19 19 29 28 -23 24 32 27 -27 -28 -29 -30 31 -32 -33 -34 -35
leaf_value=-0.00035600670390237109 -0.021472454976089954 -0.0063034644168905186 -0.05150763429367651 0.48523049713334637 0.050085882493280436 0.086921470737073223 0.059013679757308507 -0.074384961781589501 0.15243058420374411 0.056305106955602292 0.059190341177460033 -0.55665074553074678 -0.06072846147696602 -0.057457210053424967 0.065681115384640359 -0.06695999325434486 0.088159184349973621 0.050709375462145587 -0.04268587491331486 0.01490931494906032 -0.072408675636088354 0.015123253505378251 0.025685578412496142 -0.060415081873076551 0.047409627352609091 0.12369071017616085 0.18348810607790828 0.0030112058470241347 0.047310942810851311 0.0069271371234875742 -0.039248801253954926 -0.0093789508409811914 0.20941550453291918 -0.18525313177139899
leaf_weight=394.65241005115968 11.652894430793831 50.575881221870077 2.6142811538593369 0.60154312949452959 34.317626025334903 1.5399101817165499 7.1992133509011174 3.8592697235289952 1.2141210142290209 4.8493455119896671 4.1944783208382423 0.24556442988978178 1.9792815131077075 19.843217716494109 6.9722154547926065 7.6307879819069022 1.8217065996359458 2.1591327975620516 22.603544746256375 22.024212672593421 24.936899360225656 30.757519515398599 31.876854897767771 19.502170349107477 18.082446946536948 8.7955769029649655 1.3532636874006119 157.41498293546465 2.4393295417103209 350.55103291065461 45.394562843997846 246.16008642020461 0.26705730715184373 0.54285190001246419
leaf_count=14053 182 2671 821 60 3254 322 8452 89 36 178 11506 13 911 69606 341 204 900 164 37829 560 28421 22621 2904 34153 3316 1399 405 33671 757 13961 987 41693 126 19
internal_value=-0.000191882 0.0153733 0.0318346 0.0514394 0.0588212 0.198808 -4.84412e-05 -0.00366969 0.0117347 0.00138325 -0.00743835 -0.0126775 -0.115465 -0.00157091 -0.0240211 0.0116808 -0.0207438 -0.0410084 -0.000944324 -0.00473059 -0.0271243 -0.00936447 0.00351852 -0.00244 0.014979 0.0468796 0.000272241 0.00758581 -0.0617412 -0.00200823 -0.0215566 0.000200418 -0.05677 -0.00820381
internal_weight=1540.63 125.386 60.649 39.0734 36.4591 2.14145 64.7373 21.5756 17.7164 16.5022 57.5381 53.3436 2.22485 1415.24 38.4271 18.5838 11.6116 9.78992 1376.81 744.867 80.7373 53.3611 631.945 415.775 216.17 40.6724 396.006 175.497 27.3762 664.13 67.4188 596.711 19.7692 51.1187
internal_count=336585 28514 4942 4457 3636 382 23572 485 396 360 15120 3614 924 308071 71215 1609 1268 368 236856 146829 89628 60450 90027 48737 41290 4303 14458 36987 29178 57201 1547 55654 34279 2690
is_linear=0
shrinkage=0.08


Tree=126
num_leaves=35
num_cat=0
split_feature=5 6 4 4 4 2 4 1 2 6 3 3 1 3 1 1 2 2 6 3 3 4 6 4 10 2 5 4 4 1 5 14 4 5
split_gain=3.57252 5.12391 5.55052 13.8284 3.43003 3.74588 3.62057 4.70893 3.56718 3.07387 3.0598 6.25369 3.30699 2.28632 5.21886 4.60848 12.0879 8.67771 7.2675 8.14388 6.53064 4.76361 9.35655 6.07916 4.56502 8.70175 4.70042 8.20333 5.48363 4.43986 4.19517 4.7241 3.65548 3.25436
threshold=98.598102569580092 0.65307843685150158 62.699214935302741 66.135383605957045 49.668815612792976 0.40056291222572332 56.268712997436531 6.2996032238006601 0.37612943351268774 0.81611520051956188 36.032787322998054 35.368577957153327 16.108108520507816 23.845060348510746 25.866189002990726 6.7231638431549081 0.38509018719196325 0.37379200756549841 0.50548085570335399 7.4772884845733651 22.378716468811039 56.811456680297859 0.61862373352050792 85.254531860351577 1.0000000180025095e-35 0.69488087296485912 83.09690093994142 91.772766113281264 74.007873535156264 50.28735542297364 95.263027191162124 1.0000000180025095e-35 81.589473724365249 91.53735733032228
decision_type=2 2 2 2 2 2 2 2 2 2 2 2 2 2 2 2 2 2 2 2 2 2 2 2 2 2 2 2 2 2 2 2 2 2
left_child=13 2 4 -4 5 8 -6 -8 -2 -3 11 12 -11 15 30 16 21 -17 20 -20 -19 22 -1 -23 26 -26 28 -28 -16 -27 31 -15 -33 -18
right_child=1 9 3 -5 6 -7 7 -9 -10 10 -12 -13 -14 14 24 17 33 18 19 -21 -22 23 -24 -25 25 29 27 -29 -30 -31 -32 32 -34 -35
leaf_value=-0.0061911904669438777 -0.040588672160591137 0.071967397572568412 -0.3722246129054988 0.083605590080256184 0.090638998099223989 -0.10436942080091142 0.088319060582382036 -0.064846039414741222 0.05459371600019531 0.052014108384622115 0.08095211469935619 -0.56765596136622765 -0.030820841972603642 -0.015994433539662456 -0.0037421399275876285 -0.036208560672555345 -0.10041639350180141 0.076201568848836387 0.044554890346644276 0.0050039904248209326 0.37571676456057812 -0.018116472102406297 0.034934398086751417 0.066955985832920409 -0.045750449691077569 0.14348980745892648 0.02221663314898667 -0.043214365948414102 0.043413532666110241 -0.0053911913157209928 -0.13489176198886552 -0.059525510590324349 -0.22590709105105677 -0.29830056783009268
leaf_weight=108.24575672461651 6.1113371560350114 12.555118064286946 0.86068907436856423 0.84324309139628895 4.5842548921500548 2.8850756988394997 2.0878416285850108 3.3393071026221151 4.2881059739738703 5.5344977922795806 3.9488266976477453 0.12288271816214624 6.9678401556157041 44.24907066335436 635.63796846542755 21.984564160564332 4.8302520716533754 6.1758471502398598 42.996334141105763 148.04577795491059 0.50392135613219569 110.7470249090693 52.615201953653013 5.6500956009840584 42.46182906364993 1.2953155961222353 106.14448671178252 13.865051415603373 16.184524149724894 124.22336441025618 2.2785054216219569 3.215152893033518 1.1464615762233732 0.59771027509123076
leaf_count=2232 48 6529 25 343 79 30 34 51 29 1850 15619 10 596 6139 67108 2222 216 245 1417 13559 57 1897 3682 1171 102668 732 36271 14214 5124 51334 33 465 6 19
internal_value=-0.00088351 0.0193062 -0.00726257 -0.146643 0.00293212 -0.0237164 0.0382931 -0.00592293 -0.00134117 0.0421086 0.01949 0.000266305 0.00584829 -0.00161544 -0.00384473 0.00278063 -0.00397424 0.0114718 0.0167733 0.0139054 0.098797 -0.00165956 0.00726037 -0.0139869 -0.00249359 -0.0144451 0.000107517 0.0146572 -0.00257128 -0.00385478 -0.0287972 -0.0238243 -0.103259 -0.122207
internal_weight=1547.22 54.129 24.9999 1.70393 23.2959 13.2845 10.0114 5.42715 10.3994 29.1292 16.574 12.6252 12.5023 1493.09 990.702 502.392 282.686 219.706 197.722 191.042 6.67977 277.258 160.861 116.397 939.813 167.981 771.832 120.01 651.822 125.519 50.8892 48.6107 4.36161 5.42796
internal_count=336054 25243 639 368 271 107 164 85 77 24604 18075 2456 2446 310811 284094 26717 9217 17500 15278 14976 302 8982 5914 3068 277451 154734 122717 50485 72232 52066 6643 6610 471 235
is_linear=0
shrinkage=0.08


Tree=127
num_leaves=35
num_cat=0
split_feature=18 2 1 0 6 2 4 4 0 0 2 9 6 1 1 3 1 3 0 2 3 2 4 4 6 4 6 2 6 2 1 1 4 6
split_gain=4.15082 5.70383 10.1259 5.06455 4.64108 4.52475 4.78491 4.81701 3.84391 5.28082 3.7158 10.2895 11.9244 8.19871 8.12545 7.57256 11.2237 12.3754 10.2301 7.33329 7.90097 6.82036 6.03487 13.1522 5.23411 6.73654 5.23222 5.07916 5.3674 7.48599 6.39247 4.71938 5.09967 4.71271
threshold=1.0000000180025095e-35 0.36761814355850225 5.0641026496887216 4.8199768066406259 0.84718990325927745 0.33350533246994024 43.645593643188484 48.394460678100593 57.321428298950202 32.305501937866218 0.62538465857505809 1.0000000180025095e-35 0.58790722489357006 51.471860885620124 77.485187530517592 63.211599349975593 79.205974578857436 75.716625213623061 78.319625854492202 0.4131507426500321 11.215932846069338 0.63095280528068554 58.082538604736335 30.028902053833011 0.57636395096778881 34.349630355834968 0.67141771316528331 0.36761814355850225 0.55815821886062633 0.36952060461044317 5.0641026496887216 4.8199768066406259 27.707540512084964 0.76525962352752697
decision_type=2 2 2 2 2 2 2 2 2 2 2 2 2 2 2 2 2 2 2 2 2 2 2 2 2 2 2 2 2 2 2 2 2 2
left_child=10 5 3 -3 -4 -2 -7 -8 9 -6 19 15 13 -13 -15 22 17 -17 -18 27 -21 -14 23 -12 -22 -26 -24 31 29 -29 -30 -1 -33 -23
right_child=1 2 4 -5 8 6 7 -9 -10 -11 11 12 21 14 -16 16 18 -19 -20 20 24 33 26 -25 25 -27 -28 28 30 -31 -32 32 -34 -35
leaf_value=0.0128543324287706 -0.0068434274006171541 -0.094691370173392686 -0.0070738803866870065 0.078411397731134813 0.02254430184818839 -0.019991311377075549 0.089734420967183204 0.025530012499538079 0.047984455136626032 -0.030479643980974112 0.03196883566776202 -0.038249636797887752 0.15221335471895908 0.15399312919683542 0.049556599037611601 0.011035808472237167 -0.042576002972995533 0.11845723614599363 -0.00042896834239857537 -0.11210421972086369 -0.036746869849559903 -0.002751227281200599 0.17451762664562126 -0.04548600062315334 0.13947212335679698 -0.0043439437731090371 0.046601568661437325 0.12394198042987627 -0.06914438019043441 -0.026198393029475141 0.039117496057434309 0.11623567214015097 -0.040142656211223537 0.049202188101514083
leaf_weight=36.20834606383869 44.554388732332882 11.146687183238098 589.75010200361066 1.1979714377957851 34.64481601305306 12.162289140487699 8.7941693860193464 49.997825831916998 16.872218539385358 18.408071552177717 65.605546756611147 2.9468606150621808 2.2935909450607133 10.182105925556245 8.9664707379597512 39.492492720313749 54.846876817391603 8.3075206111898279 112.37409625208238 4.8305618449958265 34.621691120009928 40.816350980021525 2.7341411289526141 17.847856292366487 2.1122718545739181 158.53834722252577 8.1374336019580351 2.3721482389082693 3.6715826432337044 20.429911424376769 70.804225406642217 1.4106082113721665 24.787184196844464 15.386821516178314
leaf_count=1627 2438 333 146420 54 1675 621 387 1694 24424 1514 4759 241 193 323 1688 10303 5325 1134 9224 398 17919 11073 84 23444 2641 31259 402 40 157 558 4647 50 2035 28122
internal_value=0.000772012 -0.00328403 -0.00610667 -0.0778928 -0.00476332 0.0131379 0.0256848 0.0351338 0.014724 0.00414627 0.00503257 0.0104425 0.0359029 0.0859728 0.10509 0.00380942 -0.00448072 0.0297054 -0.0142528 -0.000830707 -0.0110335 0.0169904 0.0227074 0.0154039 -0.0085333 -0.00245302 0.0787718 0.0119546 0.0233824 -0.010579 0.0337803 -0.00585882 -0.0317225 0.0114721
internal_weight=1537.25 787.529 672.02 12.3447 659.675 115.509 70.9543 58.792 69.9251 53.0529 749.725 389.938 80.5922 22.0954 19.1486 309.346 215.021 47.8 167.221 359.787 200.103 58.4968 94.325 83.4534 195.272 160.651 10.8716 159.684 97.2779 22.8021 74.4758 62.4061 26.1978 56.2032
internal_count=337206 179560 174420 387 174033 5140 2702 2081 27613 3189 157646 96315 41640 2252 2011 54675 25986 11437 14549 61331 52217 39388 28689 28203 51819 33900 486 9114 5402 598 4804 3712 2085 39195
is_linear=0
shrinkage=0.08


Tree=128
num_leaves=35
num_cat=0
split_feature=6 5 2 6 6 5 6 5 6 2 0 5 5 5 5 5 6 6 5 6 17 2 5 5 1 5 6 9 2 6 2 0 3 3
split_gain=2.56524 4.68384 5.01975 4.45769 3.50604 5.30448 7.44943 8.95358 6.70127 6.04839 6.36112 6.02927 4.79206 4.08766 16.6573 9.90649 8.13144 12.5042 5.06424 7.71801 4.89819 7.95896 4.57244 4.03005 7.93398 5.3184 3.888 3.41627 3.40156 7.57285 5.9136 3.19929 2.93406 3.33597
threshold=0.88023561239242565 84.101531982421889 0.51737561821937572 0.91171559691429149 0.66351884603500377 86.28794097900392 0.76525962352752697 83.09690093994142 0.7462858557701112 0.36584249138832098 89.825496673583999 83.654914855957045 68.438713073730483 45.354831695556648 22.557928085327152 45.474052429199226 0.66234296560287487 0.57907161116600048 41.039136886596687 0.58279037475585949 1.0000000180025095e-35 0.84052017331123363 47.281684875488288 88.02985000610353 5.3342816829681405 88.384941101074233 0.73261633515357982 1.0000000180025095e-35 0.40676510334014898 0.78365594148635875 0.43033008277416235 41.955394744873054 57.307060241699226 56.070175170898445
decision_type=2 2 2 2 2 2 2 2 2 2 2 2 2 2 2 2 2 2 2 2 2 2 2 2 2 2 2 2 2 2 2 2 2 2
left_child=4 2 -2 31 13 6 9 12 23 26 -11 -9 -8 14 -1 16 17 -15 27 -20 22 -22 -17 24 -7 -25 -6 -16 29 -10 -30 -4 33 -3
right_child=1 32 3 -5 5 8 7 11 28 10 -12 -13 -14 15 18 20 -18 -19 19 -21 21 -23 -24 25 -26 -27 -28 -29 30 -31 -32 -33 -34 -35
leaf_value=0.001582421698957698 0.088004785218166001 -0.0029781955056963202 -0.047284775910123006 0.12742148120443084 0.026794206527641848 -0.025286899739959103 0.038502385102874639 -0.14761628276388072 -0.043190914342917192 -0.032856462301871413 0.017480171122979251 -0.025359195628972455 -0.00081718488355520826 0.65649825417497309 -0.075271665610925562 -0.060018157102852729 0.73167424218152 -0.066880614883291611 0.038615408368886238 -0.051044246470141941 0.095792481034743263 0.014204003741730239 0.003489706303587344 -0.085716373724840214 0.096430288191827584 0.017887191841749903 -0.067688030661659543 -0.027449744571506035 -0.11901278773763316 0.045320440124673518 -0.015596722003822226 0.054097262647376153 0.0322384483246934 -0.12779188822754092
leaf_weight=392.84959083727517 9.5162801042315568 57.698558692485676 6.0832731220289116 1.6911149766528968 21.394884759643904 5.0382857702206811 31.635265758610331 3.4180653445073395 9.8794894464081171 160.8014488327899 17.851090470525378 10.549972335778874 53.192639475448232 0.21678597277059353 27.299789501717896 7.3764801384859302 0.19126117940322729 0.51923413069744129 10.642010433155521 14.539462446522519 9.1493224413752596 46.759677718288003 442.75965341972187 3.3639668813557355 10.719894213631049 55.312923596713517 3.2050121350912368 14.712932178983463 3.7929752927302607 16.549768714801758 52.807508537829563 2.9621098087518476 16.470618350111181 1.4038385299500067
leaf_count=11393 109 5228 51 860 1459 38 2877 227 671 30266 3619 1157 3606 197 106142 9941 13 746 10184 23667 836 6239 38175 194 849 7210 84 6936 95 1696 18222 2982 40065 236
internal_value=-0.00113598 0.0115346 0.0457003 0.00820381 -0.00198711 -0.00774053 -0.0139466 0.00407369 0.0041639 -0.0227058 -0.0278268 -0.0552763 0.0138464 0.000746833 -0.0047133 0.00570154 0.266946 0.146182 -0.0415211 -0.0131529 0.00522283 0.0275557 0.00244899 0.0215942 0.0575142 0.0119476 0.0144845 -0.0585243 -0.0114621 0.0122341 -0.022527 -0.014085 0.0023785 -0.00594285
internal_weight=1522.36 95.8258 20.2528 10.7365 1426.53 459.513 302.048 98.7959 157.465 203.252 178.653 13.968 84.8279 967.016 460.044 506.972 0.927281 0.73602 67.1942 25.1815 506.045 55.909 450.136 74.4351 15.7582 58.6769 24.5999 42.0127 83.0297 26.4293 56.6005 9.04538 75.573 59.1024
internal_count=336270 49531 4002 3893 286739 72270 43295 7867 28975 35428 33885 1384 6483 214469 158322 56147 956 943 146929 33851 55191 7075 48116 8291 887 7404 1543 113078 20684 2367 18317 3033 45529 5464
is_linear=0
shrinkage=0.08


Tree=129
num_leaves=35
num_cat=0
split_feature=6 1 5 0 6 8 6 11 3 5 6 3 2 3 14 2 5 5 6 8 5 6 18 6 3 5 1 2 5 6 1 1 5 2
split_gain=2.74992 6.01075 5.40819 6.26747 5.24782 5.01443 4.30511 4.87766 3.93507 3.756 3.82455 3.6999 8.57078 31.4917 7.14179 5.06149 5.80298 3.64117 9.33919 8.63023 8.4539 8.20364 4.3164 3.51187 3.46742 6.1935 4.85893 5.23122 4.49363 5.30046 4.48172 4.44747 3.74377 5.06658
threshold=0.79321691393852245 44.315244674682624 85.127449035644545 33.520599365234382 0.91533935070037853 1.0000000180025095e-35 0.7282359004020692 1.5000000000000002 34.833164215087898 50.920385360717781 0.5344907045364381 12.97335195541382 0.38509018719196325 17.467581748962406 1.0000000180025095e-35 0.42470984160900122 86.683086395263686 79.18729400634767 0.66351884603500377 1.0000000180025095e-35 83.654914855957045 0.55514711141586315 1.0000000180025095e-35 0.66234296560287487 30.860805511474613 62.149042129516609 6.2996032238006601 0.37149374186992651 62.977544784545906 0.7462858557701112 5.6349205970764169 27.36185455322266 54.353401184082038 0.82275250554084789
decision_type=2 2 2 2 2 2 2 2 2 2 2 2 2 2 2 2 2 2 2 2 2 2 2 2 2 2 2 2 2 2 2 2 2 2
left_child=6 2 3 5 -5 -2 7 17 -7 10 -9 15 13 -13 -14 16 -4 18 23 -20 21 -19 -22 -1 26 32 27 -8 29 -27 -29 -30 -26 -34
right_child=1 -3 11 4 -6 8 24 9 -10 -11 -12 12 14 -15 -16 -17 -18 20 19 -21 22 -23 -24 -25 25 28 -28 30 31 -31 -32 -33 33 -35
leaf_value=-0.0015793120284747116 0.20608710083423051 0.028229919530640139 -0.090669416912982401 -0.064339372538926617 0.1261101884550149 0.027693167291164299 -0.015452807167035161 0.23948695664511582 -0.079270650592314265 0.024680972765046279 -0.074334355251679279 -0.49816817468788288 -0.012088427636286786 0.035003678093954396 -0.17454383950008553 -0.17515482420336617 0.038203078681708573 -0.043525157018069562 0.026991430722250815 -0.035771936567879241 0.015861063050963853 0.043084746318699588 -0.0087473468199307253 0.083574264302562706 -0.096281563987876087 -0.051098964451192955 0.011198094541919381 -0.28257737652914189 -0.15574091547861449 -0.42529312073782394 -0.075208585511016585 -0.031918582473445312 -0.082980431185041503 0.12444858731865624
leaf_weight=728.497951264726 0.9776285168773019 64.393704649803112 2.5409996138187187 8.4964174825872743 1.0392354248906475 54.117403193304199 13.915119630109986 0.26567827677354117 2.294526883189973 65.306162501470681 3.8527688265021425 1.0932910330593579 63.813108021611697 2.0170059835072607 1.7801979932410166 0.8607309777289619 18.642228266224265 8.0297265562112425 16.517362765254802 92.786416451337573 65.054686611962097 54.539750210897182 152.68169813555141 3.1128909515682599 0.93001950554753321 0.57494288007728656 42.340583802026231 0.84900214197114054 1.934336710255592 0.41870371694676578 3.1118117538862862 46.136022914375644 0.95861246535787348 3.5242989890975878
leaf_count=205585 33 59615 61 416 8 1428 665 15 114 4943 906 37 1334 61 67 15 3807 180 2515 26261 4680 1812 4324 1121 425 23 1459 31 35 27 174 14192 362 91
internal_value=-0.000595311 0.00763456 -0.00077661 0.0164762 -0.0435834 0.0264555 -0.00199539 -0.00056946 0.0233425 0.0200081 -0.05409 -0.0135004 -0.0226504 -0.15241 -0.0164975 0.0150172 0.0227444 -0.0018436 -0.00447571 -0.0262875 0.00605272 0.0319698 -0.00139491 -0.001217 -0.0167981 -0.0314224 -0.00356775 -0.0385418 -0.040382 -0.208777 -0.119658 -0.0369012 0.049789 0.0800926
internal_weight=1527.41 222.066 157.673 66.9252 9.53565 57.3896 1305.34 1190.65 56.4119 69.4246 4.11845 90.7476 68.7036 3.1103 65.5933 22.044 21.1832 1121.22 840.915 109.304 280.306 62.5695 217.736 731.611 114.693 54.4769 60.2165 17.8759 49.064 0.993647 3.96081 48.0704 5.41293 4.48291
internal_count=336822 66996 7381 1999 424 1575 269826 252342 1542 5864 921 5382 1499 98 1401 3883 3868 246478 235482 28776 10996 1992 9004 206706 17484 15155 2329 870 14277 50 205 14227 878 453
is_linear=0
shrinkage=0.08


Tree=130
num_leaves=35
num_cat=0
split_feature=4 6 6 0 6 0 6 5 3 1 4 1 5 3 4 9 6 5 6 0 5 5 1 6 6 0 5 14 3 0 3 1 3 1
split_gain=3.43991 3.06258 5.9619 7.30806 2.94398 2.46133 11.2776 2.18537 1.88182 8.26128 7.66596 6.65017 9.92348 6.29385 4.68704 4.59482 3.73451 9.2462 5.13591 3.56497 6.55925 5.24008 1.57077 1.24301 16.0637 19.7195 0.00569007 0.0100918 0.00180622 0.00266461 0.00136183 0.000660936 0.000644338 0.000306152
threshold=96.017620086669936 0.96572864055633556 0.96821317076683056 26.747966766357425 0.97333824634552013 1.0000000180025095e-35 0.98051974177360546 95.896026611328139 23.845060348510746 25.866189002990726 95.529048919677749 28.759398460388187 68.438713073730483 39.780220031738288 34.349630355834968 1.0000000180025095e-35 0.86888945102691661 85.127449035644545 0.71964728832244884 21.132376670837406 62.977544784545906 73.623714447021499 35.767591476440437 0.73261633515357982 0.7282359004020692 37.416666030883796 96.633934020996108 1.0000000180025095e-35 57.93287658691407 27.953488349914554 30.860805511474613 99.462364196777358 41.421361923217781 50.28735542297364
decision_type=2 2 2 2 2 2 2 2 2 2 2 2 2 2 2 2 2 2 2 2 2 2 2 2 2 2 2 2 2 2 2 2 2 2
left_child=4 23 3 -3 8 6 -4 -7 15 10 14 12 -11 -13 -10 19 18 -18 -17 21 -21 -1 -9 24 -2 -26 27 32 29 -6 -31 -32 -25 -28
right_child=1 2 5 -5 28 7 -8 22 9 11 -12 13 -14 -15 -16 16 17 -19 -20 20 -22 -23 -24 26 25 -27 33 -29 -30 30 31 -33 -34 -35
leaf_value=-0.011710667150503808 0.080899189623468648 -1.1147284324535414 -0.57645039480943294 0.080364945661567544 0.081021383447175133 -0.2048921732327009 0.081537521567203064 0.0092148072098138193 0.12966470958103027 -0.045252470708052994 -0.43096826252313625 -0.017141023281976187 0.053446896180937981 0.0016378408362039242 -0.034595662513816669 0.0045184647392070435 0.10202089237847047 -0.0039543897916062545 -0.017316582953810857 0.23537373942915704 0.035822233877472284 0.04259853499816707 0.08047388612251348 0.085085757750864133 -2.8898396642913156 0.080258331216233603 0.081612838225648701 0.099796901044534869 0.080146744692981914 0.090028503788145045 0.083362030058208081 0.089475920702735898 0.081004292871080158 0.08028448684937052
leaf_weight=19.556804587227816 0.69192210420442446 0.066862851672339185 0.24204747215844591 0.064182042711763643 0.76418593796552103 0.25808208232774532 0.53561069164425135 6.4431415644066856 1.1380471471929912 8.2719097685476282 0.30830067209899326 134.49467772188291 30.774352609878406 757.87493755252581 48.139713872027642 360.91025819921924 8.1293587931431848 14.975478368112816 85.222528584679822 1.4303284283814708 4.008913399418816 27.162463704007678 2.857883311349724 0.53890946123283334 0.026916837319731712 0.0305373148075887 4.5821118355961516 0.30712400637276005 0.76262693714670593 0.5433776788995599 0.53529925642942544 0.14349871542071924 0.45787494812248042 1.4656031420781799
leaf_count=1493 866 10 11 153 234 17 82 1180 282 5456 6 41781 430 232097 6392 19852 105 1288 3233 854 96 875 10587 15 1 73 936 64 2786 7 61 51 578 4642
internal_value=0.00116533 0.0353876 0.00680623 -0.529406 0.000743139 0.0136041 -0.123262 0.0247385 0.000591796 -0.00147233 -0.0332902 0.000221567 0.0325375 -0.00119244 -0.0308021 0.00447543 0.00197159 0.0333327 0.000347424 0.0270009 0.0882972 0.0198646 0.0311103 0.0723194 -0.0258329 -1.31121 0.0823244 0.0871176 0.0834562 0.0847269 0.0870438 0.0846545 0.0832109 0.0812909
internal_weight=1523.72 18.5688 10.4678 0.131045 1505.15 10.3368 0.777658 9.55911 1502.4 981.002 49.5861 931.416 39.0463 892.37 49.2778 521.396 469.238 23.1048 446.133 52.1585 5.43924 46.7193 9.30102 8.101 0.749376 0.0574542 7.35162 1.30391 2.74899 1.98636 1.22218 0.678798 0.996784 6.04771
internal_count=336594 19215 12040 163 317379 11877 93 11784 314240 286444 6680 279764 5886 273878 6674 27796 24478 1393 23085 3318 950 2368 11767 7175 940 74 6235 657 3139 353 119 112 593 5578
is_linear=0
shrinkage=0.08


Tree=131
num_leaves=35
num_cat=0
split_feature=12 5 6 4 4 6 6 5 6 4 5 5 8 18 0 0 3 3 0 6 18 5 6 0 4 5 6 6 3 3 4 4 5 2
split_gain=2.88995 8.77812 6.33933 14.0202 8.19439 6.98047 5.85995 5.74922 12.6056 7.2552 6.0344 24.5131 5.63947 5.44764 8.52616 5.65318 7.95041 4.7126 10.0642 7.02077 6.6797 5.00509 4.42717 4.25881 4.04711 5.64264 7.70336 68.2998 4.0369 4.30341 3.8593 3.70404 3.6088 3.38976
threshold=1.0000000180025095e-35 52.467130661010749 0.55301484465599071 57.436275482177741 36.930006027221687 0.62222254276275646 0.51820772886276256 41.191251754760749 0.50018540024757396 39.35298156738282 35.624311447143562 35.734237670898445 1.0000000180025095e-35 1.0000000180025095e-35 59.870130538940437 6.7231638431549081 30.860805511474613 48.834688186645515 35.368577957153327 0.63579535484313976 1.0000000180025095e-35 48.700157165527351 0.96067214012146007 60.922586441040046 29.519198417663578 38.07201004028321 0.57907161116600048 0.58001965284347545 46.049896240234382 48.52813911437989 30.028902053833011 38.364128112792976 50.920385360717781 0.40056291222572332
decision_type=2 2 2 2 2 2 2 2 2 2 2 2 2 2 2 2 2 2 2 2 2 2 2 2 2 2 2 2 2 2 2 2 2 2
left_child=7 24 3 6 5 -4 12 8 10 13 28 -12 -3 14 30 31 -17 21 19 -19 -20 -11 -23 -16 25 26 -2 -28 -1 -30 -9 -15 -27 -6
right_child=1 2 4 -5 33 -7 -8 9 -10 17 11 -13 -14 15 23 16 -18 18 20 -21 -22 22 -24 -25 -26 32 27 -29 29 -31 -32 -33 -34 -35
leaf_value=-0.028322340509157364 -0.055667081168189449 -0.11523326354676079 0.031773886821000699 0.16204004388881146 0.0062829117869190997 0.16374505263863834 -0.048489764515683237 -0.069178050815008399 -0.060810371217951291 -0.056582499302695759 2.294008544389829 0.11168918798279746 0.0098842145335819465 0.0030823299102208154 0.59029021878159338 0.24330957686185234 0.014660990356027572 -0.31334785182226754 0.037872257450107132 0.031594294133074803 -0.028378503551792906 0.0059753187647404353 -0.099450150621843009 0.11915867348175299 -0.043797287501668579 0.15574624990046679 6.0703103885416363 -0.034584472156559846 0.054626706760377779 0.0014311135136391973 0.02436086143199041 0.17145630308570231 -0.15503873646503516 -0.00518618465075593
leaf_weight=28.593880606251332 3.782141882969881 2.5352418778929886 18.035491078495401 2.5211864540033266 292.85621457783418 2.9904307975812108 42.970080560815404 3.9292545713251483 22.135879821158596 9.1500161249132343 0.033680971078864697 1.4999818107098688 25.452473154960899 3.6353515977389197 0.12725977564696167 2.9486789607944957 1.4527877026739586 0.94710365422724752 68.12083179317051 0.62805788217519876 11.364854737486892 156.7316332313203 2.5914125174895153 3.5008824260075926 44.609764933215047 2.1378317193812113 0.013006247543671523 0.11938724383799126 10.009224174827976 352.53589486348937 10.026281961811035 1.0859866476384921 0.26923941681161512 377.5493887864468
leaf_count=3919 2980 47 460 227 9045 119 1161 106 79016 11697 47 922 737 129 37 380 1027 181 36335 157 9365 10488 213 466 74914 318 14 228 1055 13855 1527 47 6 75344
internal_value=7.51665e-05 -0.00314921 -0.00100792 -0.0233488 0.00136626 0.0505436 -0.0299358 0.00388181 -0.00207289 0.0128235 0.00123828 0.159615 -0.00144944 0.0524538 0.0264286 0.102616 0.16784 0.00858207 0.0244316 -0.17581 0.0283997 0.000956084 0.00426056 0.135684 -0.0353081 0.024598 -0.0346702 0.565156 0.000617285 0.00289975 -0.00197551 0.0418112 0.120984 -0.000176089
internal_weight=1506.89 815.842 764.911 73.479 691.432 21.0259 70.9578 691.049 414.809 276.24 392.673 1.53366 27.9877 26.7065 17.5837 9.1228 4.40147 249.534 81.0608 1.57516 79.4857 168.473 159.323 3.62814 50.9314 6.32161 3.91454 0.132393 391.139 362.545 13.9555 4.72134 2.40707 670.406
internal_count=336569 165600 87140 2172 84968 579 1945 170969 98814 72155 19798 969 784 3719 2136 1583 1407 68436 46038 338 45700 22398 10701 503 78460 3546 3222 242 18829 14910 1633 176 324 84389
is_linear=0
shrinkage=0.08


Tree=132
num_leaves=35
num_cat=0
split_feature=2 2 0 5 6 6 6 5 18 0 3 5 2 5 2 5 11 11 6 0 9 6 6 4 6 5 5 4 6 4 11 6 4 5
split_gain=4.49919 5.70506 5.82198 4.84805 5.37156 4.06459 6.23838 3.32107 3.31633 5.91843 10.5685 9.4596 3.34892 8.09106 5.34801 3.25833 3.06961 2.50301 2.38977 2.30808 2.29116 2.41945 8.82417 3.36323 7.98513 2.49754 6.31017 4.64607 2.81793 3.23424 2.73077 2.12718 1.6402 4.05675
threshold=1.0000000180025095e-35 0.3636957854032517 4.1241495609283456 73.623714447021499 0.83971107006073009 0.71546033024787914 0.62306937575340282 82.554244995117202 1.0000000180025095e-35 61.938297271728523 64.326763153076186 65.733856201171889 0.39446778595447546 86.683086395263686 0.59605225920677196 90.342010498046889 8.5000000000000018 2.5000000000000004 0.87521871924400341 6.1072261333465585 1.0000000180025095e-35 0.88023561239242565 0.90822467207908641 96.787097930908217 0.98051974177360546 79.18729400634767 68.438713073730483 62.699214935302741 0.81611520051956188 51.630626678466804 1.5000000000000002 0.47142750024795538 68.769905090332045 84.101531982421889
decision_type=2 2 2 2 2 2 2 2 2 2 2 2 2 2 2 2 2 2 2 2 2 2 2 2 2 2 2 2 2 2 2 2 2 2
left_child=20 3 -3 4 17 6 19 -8 12 11 -11 -10 13 -4 -14 18 -17 31 -7 -5 32 25 -23 -24 -25 26 27 -22 29 -27 -28 -2 -1 -34
right_child=1 2 8 5 -6 15 7 -9 9 10 -12 -13 14 -15 -16 16 -18 -19 -20 -21 21 22 23 24 -26 28 30 -29 -30 -31 -32 -33 33 -35
leaf_value=-0.0028378923969464807 0.087421925309573809 -0.08754294743689961 0.0060957285481596218 0.036566058518015698 0.22200870662992281 -0.050025203251007566 0.14751139869699068 0.064750219076804866 -0.026495235509577254 0.058227935090675718 0.001082039928045398 -0.0016669579007034955 -0.0090886474721197045 0.064570381072027214 0.007101421612860797 0.078967330971187549 -0.2213693241190357 0.13311831095471391 0.060314977831853148 -0.056378776685044041 -0.017936344870890155 -0.33101332479600332 0.083686701366293192 -0.46439945609001987 0.080784093691107006 0.02669438919671701 -0.10970907568783134 0.18778421230743725 0.098682200916645049 -0.030918539727877122 -0.010450000685350166 -0.027055264985072776 0.17573749056727012 -0.05089712017251239
leaf_weight=4.6875568501818625 1.1073980602595934 4.8689792065415523 72.861124907369231 9.3385838071117195 0.63773341896012326 5.9193356925970857 5.5424107755534333 7.0509367790655233 137.60913819195412 23.083976493227965 201.57936918948326 343.0284781553637 193.29132097300317 19.118059435568284 402.47279374428399 3.868757568539877 0.23078644275665272 0.71071820630459015 1.5946527057676574 2.0932130478322497 15.151041037293908 0.75673808576539103 1.0810743717011062 0.28905152238439757 0.42437620925193187 9.2448835739633122 8.2357245585881156 0.73677059181500304 1.5476596147782391 19.161210589169059 2.2608364648185661 16.778150670721516 1.2276688707061114 0.85928490682272229
leaf_count=379 42 209 3006 97 11 71 47 114 101711 7651 55746 10349 43459 1536 106449 597 1 6 38 16 1963 29 118 15 85 68 91 17 88 329 18 2269 6 73
internal_value=-0.000148466 0.000777339 -0.000215909 0.0260809 -0.00628754 0.04355 0.0623339 0.101174 8.93173e-05 -0.00376513 0.00695373 -0.00877543 0.00404217 0.0182498 0.00184867 0.00469124 0.0620597 -0.0141166 -0.0266083 0.0195474 -0.0206315 -0.0257 -0.1019 -0.00528335 -0.140102 -0.0222493 -0.0401965 -0.0083964 -0.00644072 -0.0121682 -0.0883298 -0.0199673 0.0234275 0.0824227
internal_weight=1518.45 1452.79 1397.91 54.8727 19.234 35.6387 24.0251 12.5933 1393.04 705.301 224.663 480.638 687.743 91.9792 595.764 11.6135 4.09954 18.5963 7.51399 11.4318 65.6639 58.8894 2.55124 1.7945 0.713428 56.3381 26.3844 15.8878 29.9538 28.4061 10.4966 17.8855 6.77451 2.08695
internal_count=336704 333425 330116 3309 2328 981 274 161 329907 175457 63397 112060 154450 4542 149908 707 598 2317 109 113 3279 2821 247 218 100 2574 2089 1980 485 397 109 2311 458 79
is_linear=0
shrinkage=0.08


Tree=133
num_leaves=35
num_cat=0
split_feature=12 4 13 11 4 4 4 4 4 0 1 9 1 2 4 4 4 2 0 4 2 4 2 2 0 15 18 4 1 8 1 4 4 18
split_gain=2.91979 3.71546 2.66222 5.24769 12.1145 4.49419 3.38984 6.47042 3.43397 2.56653 6.67627 7.7922 6.4989 6.01302 4.99679 7.41308 6.78134 4.81887 4.31271 12.4385 5.0953 6.26837 4.31488 3.09432 7.82792 5.16497 3.11966 7.08071 4.97789 3.00762 3.50186 6.56679 2.36369 2.24549
threshold=1.0000000180025095e-35 92.151729583740249 1.0000000180025095e-35 3.5000000000000004 90.94474029541017 38.724208831787116 49.390153884887702 47.858003616333015 54.328123092651374 28.759398460388187 37.089946746826179 1.0000000180025095e-35 50.28735542297364 0.69851702451705944 39.643608093261726 32.025640487670906 72.029411315917983 0.88867244124412548 27.953488349914554 28.13657379150391 0.51340013742446911 93.592903137207045 0.52779868245124828 0.53739768266677868 24.068965911865238 1.0000000180025095e-35 1.0000000180025095e-35 59.66327095031739 7.2077922821044931 1.0000000180025095e-35 30.0684928894043 38.364128112792976 34.349630355834968 1.0000000180025095e-35
decision_type=2 2 2 2 2 2 2 2 2 2 2 2 2 2 2 2 2 2 2 2 2 2 2 2 2 2 2 2 2 2 2 2 2 2
left_child=1 2 3 6 -5 -4 7 -1 -8 18 29 12 13 -12 15 -13 -16 -14 23 -20 21 -21 -22 26 32 -26 27 -2 -28 -11 31 -31 -25 -32
right_child=9 -3 5 4 -6 -7 8 -9 -10 10 11 14 17 -15 16 -17 -18 -19 19 20 22 -23 -24 24 25 -27 28 -29 -30 30 33 -33 -34 -35
leaf_value=0.0019984110316791891 0.02214971805100038 0.084688127198271151 -0.078352351822533819 -0.098413421675684898 -1.2636691114843228 -0.0055899220649307428 0.041628824737909888 -0.075993978466220871 0.0093199290183233613 0.06104709368487974 0.024483185971565617 -0.038946296178747571 -0.035260760919395735 0.21879795564355925 -0.0085856106584968356 0.081180612426622237 0.035799909709771406 -0.0057814406111516949 1.1607069354908994 0.01592399612946022 0.2157003919928383 -0.31469227803070249 0.051026981706488242 0.28736925282874853 -0.11285558532514327 0.083238830223641327 -0.012618358996932717 -0.013680594289632086 0.0083805979193465972 0.33123923096899122 -0.065803103071670824 -0.0057212992711247945 0.018715449527883735 -0.030757934670726107
leaf_weight=471.81773542037445 97.50462795580097 3.5541966991586369 6.4686711108552108 1.4931470066585451 0.059371467235905473 33.922592784267181 24.76752266636322 6.9074814957784829 140.41653133124782 2.059085067943669 7.2891514411567169 4.4135183090402306 70.716602181968483 1.184878442509216 76.398033850091451 12.88936089944036 30.95643261049554 71.240309668894042 0.064409232887554846 4.6292236994413525 1.5356569601863155 0.39862060226732854 3.0231369634057046 0.21671671736839826 7.2247170006448851 0.97574191587773373 193.9082113194745 55.328281134861754 115.15417563781375 0.387392154756525 20.610105396575818 8.315268944585112 6.3796174938688637 27.070564779765846
leaf_count=60614 8058 3578 43883 493 16 28148 2066 972 31020 137 9171 418 51122 274 9649 1613 41427 8971 20 861 249 18 718 69 1573 176 6039 2229 9649 267 3911 1586 1288 6245
internal_value=-0.000732756 0.00310446 0.00268169 0.00392851 -0.142975 -0.0172428 0.00428271 0.000873066 0.0141643 -0.00395936 -0.00936432 -0.00414737 -0.0164041 0.0516532 0.0106435 0.0505393 0.00421327 -0.0204667 -0.000252671 0.0526924 0.045248 -0.0102881 0.106498 -0.00132459 -0.0373361 -0.089523 -0.000170962 0.0091785 -0.00479432 -0.0339205 -0.0373887 0.00927824 0.0275418 -0.0459063
internal_weight=1509.28 689.407 685.853 645.462 1.55252 40.3913 643.909 478.725 165.184 819.874 333.531 275.088 150.431 8.47403 124.657 17.3029 107.354 141.957 486.343 9.65105 9.58664 5.02784 4.55879 476.692 14.7968 8.20046 461.895 152.833 309.062 58.4424 56.3833 8.70266 6.59633 47.6807
internal_count=336528 170790 167212 95181 509 72031 94672 61586 33086 165738 134791 122645 69538 9445 53107 2031 51076 60093 30947 1866 1846 879 967 29081 3106 1749 25975 10287 15688 12146 12009 1853 1357 10156
is_linear=0
shrinkage=0.08


Tree=134
num_leaves=35
num_cat=0
split_feature=15 2 9 17 2 0 8 5 2 6 6 6 4 6 5 0 2 9 5 4 7 4 6 4 8 0 4 5 2 8 1 0 1 2
split_gain=2.47111 13.1445 7.39962 7.01144 9.93733 9.82608 9.35469 6.46484 8.61191 6.15851 6.06172 10.5389 16.5902 8.85849 5.75156 5.31911 8.98994 7.93298 6.03199 7.75728 5.60259 5.18888 5.18532 5.18113 7.98073 5.49813 4.7256 13.5955 5.01411 4.64851 4.61843 4.26722 5.12342 3.9607
threshold=1.0000000180025095e-35 0.66029790043830883 1.0000000180025095e-35 1.0000000180025095e-35 0.57620280981063854 60.660173416137702 1.0000000180025095e-35 64.775318145751967 0.42470984160900122 0.54845148324966442 0.81611520051956188 0.80927285552024852 95.258533477783217 0.62127217650413524 68.438713073730483 43.288288116455085 0.54979932308197033 1.0000000180025095e-35 43.359737396240241 28.644688606262211 1.0000000180025095e-35 60.567405700683601 0.54483643174171459 53.171875000000007 1.0000000180025095e-35 33.520599365234382 58.853387832641609 66.841186523437514 0.57032433152198803 1.0000000180025095e-35 51.66851997375489 65.733856201171889 50.28735542297364 0.58218562602996837
decision_type=2 2 2 2 2 2 2 2 2 2 2 2 2 2 2 2 2 2 2 2 2 2 2 2 2 2 2 2 2 2 2 2 2 2
left_child=3 15 14 4 5 7 -5 8 -1 -9 11 13 -13 -4 21 16 20 -18 31 -20 -2 30 -19 24 -16 -25 28 -28 -7 -23 -3 32 -17 -6
right_child=1 2 10 6 33 26 -8 9 -10 -11 -12 12 -14 -15 23 18 17 22 19 -21 -22 29 -24 25 -26 -27 27 -29 -30 -31 -32 -33 -34 -35
leaf_value=-0.002328580577412997 0.11892427864934892 -0.086684722151047625 0.063692980123338364 -0.0046995108529429867 -0.080637410561813005 -0.029688422514146686 0.063667785256721426 -0.026377302159425318 -0.046112671673717742 0.0048641830945607787 0.076205862460514806 -0.20542379724275495 -1.8743553026698814 -0.0055471031866404117 -0.18204576154148577 0.1513933732421647 -0.057415455503532796 0.38701497378097188 1.027086256249703 0.18724487755411029 0.43401552040541058 -0.025408362200402129 0.060418332324289538 0.16922691134287635 -0.030194750374517906 -0.01829405695192798 0.96837239805730224 0.16860435459324394 0.38026425593875479 0.10592281548867397 0.00074458120078999489 0.48984164711293277 -0.052741206270002283 -0.018633916959487955
leaf_weight=84.137488735064835 2.0911629573965942 3.9061393290758124 18.038266106887022 29.043977297242236 6.8339050257600311 1.0071943626426212 22.914733761106618 43.60492832865566 43.674664810358081 546.43059484721744 12.61266983628593 0.55473034318128966 0.040933014184702188 34.335485891002463 3.180333251162665 1.3671733944174773 5.7239817176086927 0.33688249986153085 0.072020515799522733 3.1040802503157465 0.43655277416110028 2.5097045013098978 4.068813501537079 1.0208357991359651 7.2981729579623771 50.68242721878778 0.15547884868283279 1.0877100074940242 0.23561156614232448 5.5157797960564476 384.72426668641856 0.13696158651146095 1.8538732131346476 187.47129128842789
leaf_count=14826 167 1890 3380 1553 4381 1101 12223 530 63828 12858 41206 475 201 18351 206 740 2392 14 2 438 4 108 181 42 147 9837 11 138 127 185 35093 6 616 109808
internal_value=-0.000708322 0.00360683 0.00122707 -0.00313515 -0.00475911 -0.000428234 0.0254517 -0.000978088 -0.01729 0.00255537 0.0263628 0.0144946 -0.32011 0.0183002 -0.00236561 0.0686353 0.0383748 0.00469556 0.127254 0.206289 0.173343 0.00118071 0.0853916 -0.0249875 -0.0762831 -0.0145916 0.158346 0.268627 0.0480305 0.0648533 -0.000134174 0.0524999 0.0339037 -0.0208146
internal_weight=1510.21 543.611 524.42 966.598 914.639 720.334 51.9587 717.848 127.812 590.036 65.5821 52.9694 0.595663 52.3738 458.838 19.1915 12.6574 10.1297 6.53411 3.1761 2.52772 396.656 4.4057 62.1818 10.4785 51.7033 2.48599 1.24319 1.24281 8.02548 388.63 3.35801 3.22105 194.305
internal_count=337065 115681 111121 221384 207608 93419 13776 92042 78654 13388 63613 22407 676 21731 47508 4560 2758 2587 1802 440 171 37276 195 10232 353 9879 1377 149 1228 293 36983 1362 1356 114189
is_linear=0
shrinkage=0.08


Tree=135
num_leaves=35
num_cat=0
split_feature=6 5 6 2 6 3 3 2 3 5 2 6 6 5 10 5 5 2 3 3 2 6 6 5 6 2 16 10 5 5 2 8 2 5
split_gain=4.5589 4.97242 4.25936 6.30726 4.30908 4.24106 5.20274 5.3918 6.14191 5.2569 4.89889 4.15805 4.05736 3.55003 3.44417 5.32484 10.0599 3.70939 3.43084 5.46245 16.2018 4.9171 4.78331 4.23582 3.40482 4.41225 3.35083 3.2216 5.14969 2.95633 2.76499 4.74133 3.66536 2.44876
threshold=0.79321691393852245 83.09690093994142 0.79801970720291149 0.38182619214057928 0.91533935070037853 58.578638076782234 12.97335195541382 0.45743793249130255 17.467581748962406 90.636241912841811 0.57879748940467846 0.73261633515357982 0.81611520051956188 77.291824340820327 1.0000000180025095e-35 41.56573677062989 41.686414718627937 0.99772727489471447 4.1241495609283456 5.3342816829681405 0.37379200756549841 0.5946999490261079 0.47142750024795538 80.123455047607436 0.70812296867370617 0.91000398993492138 1.0000000180025095e-35 1.0000000180025095e-35 83.654914855957045 84.650035858154311 0.73350545763969432 1.0000000180025095e-35 0.7591443955898286 84.650035858154311
decision_type=2 2 2 2 2 2 2 2 2 2 2 2 2 2 2 2 2 2 2 2 2 2 2 2 2 2 2 2 2 2 2 2 2 2
left_child=11 2 3 -2 30 6 9 8 -8 12 -9 13 -3 14 24 17 -17 -16 21 20 -20 -15 -21 -23 -1 -26 -7 29 -29 -28 31 -4 -32 -13
right_child=1 5 4 -5 -6 26 7 10 -10 -11 -12 33 -14 18 15 16 -18 -19 19 22 -22 23 -24 -25 25 -27 27 28 -30 -31 32 -33 -34 -35
leaf_value=-1.8120244543861634e-05 0.5150939183553388 -0.15692642045968411 0.15727955231412502 0.085037603510157225 0.12528916388581077 0.067117086403901502 -0.12483909367468284 0.012277107726935259 -0.023429616867636161 0.059815681153611723 -0.033568230529626035 -0.030247962493929692 0.0022361165438152782 -0.013625055745599026 -0.080937780146932675 0.32596994098540927 -0.011556951893729408 0.036905365994253599 -0.0018044637731625022 0.15805019666085593 -0.12346374262093475 0.14148952515685131 0.0089812733834877031 0.036789897983653841 -0.049437913049751731 0.095050876830716155 -0.19872584886034109 -0.52408074901389645 -0.020335039971302562 0.064913809769034089 0.26276190268736055 0.0093181966191443928 0.042671576494142757 -0.005276911089229501
leaf_weight=725.97234516045683 0.26336012565297906 1.1682963509811113 1.4194043349561969 1.2744493444915859 2.61516390696488 10.211211243815342 5.2801756434200824 44.077703915732855 13.843899473969939 13.944875703018623 22.548171687554714 46.867176689360349 8.3596828442241513 12.344373593805356 11.467526071104656 0.56880303537764021 87.757717739299551 2.0090111396930288 60.785233153554145 1.3859829175162293 7.9183098971843711 2.7323974492028382 228.75679512182251 26.051394753274508 15.194719218467073 1.4847794024972234 0.28697271388227807 0.13229875534307201 7.1006047981209122 5.2931565582948679 0.49854920251528057 59.012232665496413 16.918217755486694 54.198308100429131
leaf_count=82691 6 21 65 153 485 17468 150 1117 457 3610 2373 3487 323 93 98962 747 51630 1076 669 74 75 20 14914 311 1985 283 1019 25 1644 30032 41 2040 6104 12746
internal_value=0.000519803 0.0113239 0.0268013 0.158688 0.0242807 0.00172695 -0.00485069 -0.0139858 -0.0514289 0.0285214 -0.00323831 -0.00128087 -0.01728 4.81937e-05 -0.00273079 -0.0165301 -0.00938335 -0.0633703 0.00695086 0.00396951 -0.0158261 0.028614 0.00987901 0.0467289 -0.000839182 -0.0365758 0.0329301 0.00568513 -0.0295492 0.0513555 0.0208875 0.0127935 0.0489716 -0.0168568
internal_weight=1499.74 214.248 82.0014 1.53781 80.4636 132.247 109.223 85.75 19.1241 23.4729 66.6259 1285.49 9.52798 1184.43 844.455 101.803 88.3265 13.4765 339.974 298.846 68.7035 41.1282 230.143 28.7838 742.652 16.6795 23.0242 12.813 7.2329 5.58013 77.8484 60.4316 17.4168 101.065
internal_count=336896 67133 8894 159 8735 58239 8051 4097 607 3954 3490 269763 344 253530 237374 152415 52377 100038 16156 15732 744 424 14988 331 84959 2268 50188 32720 1669 31051 8250 2105 6145 16233
is_linear=0
shrinkage=0.08


Tree=136
num_leaves=35
num_cat=0
split_feature=6 4 6 4 2 18 2 2 9 4 10 5 5 6 2 4 5 10 1 5 9 6 5 5 0 9 5 6 4 5 1 0 0 6
split_gain=4.37593 5.25469 4.90371 4.84972 4.66888 4.60445 6.01731 26.7961 20.6947 9.28245 4.28677 3.94138 4.9875 4.75765 4.4987 38.1413 3.9359 6.33345 6.28276 5.09904 8.51613 7.62235 3.83983 3.70868 3.5613 3.76159 3.67233 3.53867 3.53712 3.09068 3.49188 4.7082 2.61759 2.46473
threshold=0.79321691393852245 85.254531860351577 0.70812296867370617 73.029678344726577 0.82028478384017955 1.0000000180025095e-35 0.93132609128952037 0.93684458732604992 1.0000000180025095e-35 95.782062530517592 1.0000000180025095e-35 85.127449035644545 85.798320770263686 0.91879591345787059 0.79923802614212047 74.007873535156264 96.019802093505874 1.0000000180025095e-35 5.6349205970764169 85.127449035644545 1.0000000180025095e-35 0.76525962352752697 96.164356231689467 69.746105194091811 32.305501937866218 1.0000000180025095e-35 84.650035858154311 0.89332941174507152 75.620002746582045 88.384941101074233 31.311274528503422 19.433517456054691 35.111427307128913 0.78365594148635875
decision_type=2 2 2 2 2 2 2 2 2 2 2 2 2 2 2 2 2 2 2 2 2 2 2 2 2 2 2 2 2 2 2 2 2 2
left_child=1 2 3 -1 11 6 33 8 -8 -9 22 13 27 24 28 -16 19 18 -18 20 -4 -21 -5 -6 25 -2 -26 -13 -14 32 31 -31 -7 -3
right_child=4 5 16 10 23 29 7 9 -10 -11 -12 12 14 -15 15 -17 17 -19 -20 21 -22 -23 -24 -25 26 -27 -28 -29 -30 30 -32 -33 -34 -35
leaf_value=-0.00057849230946015423 0.11414436352038376 0.03595625200102566 0.0071179421144348699 0.070042558291806944 0.087105703505275078 0.19522392018741219 -2.1547203537323738 -0.016876609931191666 0.080044324902086003 -0.8845894042164012 -0.028437304129843199 -0.14691145731008828 0.033857895752720128 0.12296215968928279 -3.4458598497585866 -0.086436007760649455 -0.2533985602159573 -0.62069052051779172 -0.013758366690790032 0.023358965878316169 -0.044999527807499343 -0.058737048525104689 -0.069356349611987167 0.024473653308870458 -0.016824054696485388 0.021679469156010499 0.17625858920994217 -0.0074211222483025205 -0.0064404761829229152 0.066277698903098314 0.083878004160151551 -0.064350547225059201 0.00057216408520153084 -0.051977913342357109
leaf_weight=1103.2105594462901 2.9772138448097385 10.008927312264857 32.282010546929087 14.71842131657832 7.633628803472674 1.7291262613143801 0.071556509938091595 1.6440444772451881 0.042136871605180204 0.082880153539008572 4.7475917891133568 2.6125224286006405 16.997895395994419 2.7425954081336377 0.022687169679555974 0.46394882523236447 0.94563038973137725 0.1419231523759662 2.6975690965919057 37.730190060596215 53.02473047037347 8.956254956792689 1.3835368722575356 29.179377204840421 21.668270968373694 51.927696552636917 0.6493193724527363 2.0991756151997834 77.480021371899056 3.8164068740443309 7.5899864319399057 3.286615768331103 0.5940466080646728 2.562252664065455
leaf_count=239899 104 1800 3415 2673 1145 12 13 3476 97 203 219 50 536 61 20 543 48 4 584 3694 4644 915 222 53194 1098 1354 21 64 8954 505 6445 48 193 333
internal_value=0.00097985 -0.000784725 -0.00159076 0.000143899 0.0115065 0.0315266 -0.00174644 -0.136841 -1.32648 -0.0585207 0.0383677 0.00618772 -0.00442595 0.0194176 -0.00043989 -0.243054 -0.0159514 -0.0963842 -0.0759595 -0.0136449 -0.0252771 0.00760979 0.0580649 0.0374612 0.0157402 0.0266934 -0.0112064 -0.0847651 0.000809763 0.0597071 0.0461498 0.00583514 0.145451 0.0180335
internal_weight=1507.72 1291.27 1259.84 1124.06 216.454 31.428 14.4118 1.84062 0.113693 1.72692 20.8495 179.641 99.6763 79.9651 94.9646 0.486636 135.778 3.78512 3.6432 131.993 85.3067 46.6864 16.102 36.813 77.2225 54.9049 22.3176 4.7117 94.4779 17.0162 14.693 7.10302 2.32317 12.5712
internal_count=336586 269442 256317 243013 67144 13125 5922 3789 110 3679 3114 12805 10167 2638 10053 563 13304 636 632 12668 8059 4609 2895 54339 2577 1458 1119 114 9490 7203 6998 553 205 2133
is_linear=0
shrinkage=0.08


Tree=137
num_leaves=35
num_cat=0
split_feature=12 5 5 4 4 1 5 6 5 4 5 0 4 3 0 2 0 1 0 3 1 5 4 1 18 0 3 2 6 5 2 6 10 0
split_gain=3.22079 6.04899 5.81885 10.9885 8.52583 6.46687 7.23017 8.50599 5.39969 3.80324 5.05374 9.40005 6.12396 3.94026 9.42859 3.6233 5.44926 8.36443 3.72453 5.28863 3.58234 3.41913 5.81995 3.34074 3.12493 2.99232 7.07776 5.49884 2.8548 2.62142 5.31019 5.10126 46.529 6.2548
threshold=1.0000000180025095e-35 45.622552871704109 37.466577529907234 25.940062522888187 36.930006027221687 5.926250934600831 54.353401184082038 0.47734268009662634 41.56573677062989 38.942710876464851 42.317867279052741 1.0000000180025095e-35 38.814748764038093 74.133811950683608 57.321428298950202 0.90002825856208812 81.302967071533217 77.871940612792983 72.377109527587905 79.118217468261733 88.067794799804702 41.686414718627937 35.729484558105476 80.277778625488295 1.0000000180025095e-35 48.912528991699226 65.64831924438478 0.83336639404296886 0.67720997333526622 46.68135070800782 0.99772727489471447 0.69262680411338817 1.0000000180025095e-35 4.3961353302001962
decision_type=2 2 2 2 2 2 2 2 2 2 2 2 2 2 2 2 2 2 2 2 2 2 2 2 2 2 2 2 2 2 2 2 2 2
left_child=2 9 3 15 5 6 -4 -8 28 10 13 -12 -13 -2 -15 18 17 -17 23 -20 -18 22 -7 -1 -23 26 -10 -27 -6 30 31 33 -33 -3
right_child=1 29 4 -5 8 21 7 -9 25 -11 11 12 -14 14 -16 16 20 -19 19 -21 -22 24 -24 -25 -26 27 -28 -29 -30 -31 -32 32 -34 -35
leaf_value=-0.0065891595969326568 -0.07036120964615579 0.49244644291328005 0.072479959921739862 -0.068891373309834969 -0.079769622211729826 0.22971636115638594 -0.28823013740467929 -0.0060852033554984111 0.0030885594034429364 -0.080554854816590457 0.93535322677697252 0.029226170687943937 0.63241146372187329 0.84295480904879938 0.0015579181983502702 0.031547517565598572 0.047360469711889508 -0.046669693018360166 0.054863482677849636 -0.0023113711628334702 -0.0033957057779683071 0.045490023458156323 -0.081431261364910093 0.014410897403240551 0.13171238480195543 0.057379036252321408 0.15773036409699231 0.010086278877239608 0.17191990518923553 -0.0024999850090107151 0.23794419599619787 0.01440503097925794 4.1912804155907173 -0.060135159097222106
leaf_weight=120.41063474920884 9.2462400091462822 0.13967255147872526 3.7911902666091946 15.227294380743841 5.6163645807391722 2.1285220924401069 0.97215291974134777 2.305924644228071 176.54223323730548 9.7070438524351612 0.07875674834940527 3.0495449215522972 0.11166817893536052 0.086563876393482952 5.5581643149635056 11.087997706265012 9.9648646188215917 41.4986498534563 22.168325141952664 19.428561851254926 83.248411970802408 8.5559090636124875 0.46962559378516733 81.160607841378805 3.923948904452117 22.037324782206269 1.914728278039546 55.018274981523064 0.30403356833267015 785.25117026424414 0.87388999946415413 0.19249374577339029 0.018729468269157223 2.1358261019558995
leaf_count=7755 24872 66 77 60791 23134 1253 13 50 23605 21537 27 3150 99 73 1249 70 130 482 347 299 3520 821 1066 1090 488 10443 470 34212 538 109899 18 154 93 4601
internal_value=-9.43981e-05 -0.00349201 0.00393886 -0.00222464 0.0127239 0.0603824 -0.00275141 -0.0897586 0.0086865 -0.0401425 -0.0185063 0.0720415 0.0505334 -0.0382076 0.014461 0.000385225 -0.00958627 -0.0301774 0.00636398 0.028159 0.00203033 0.0899824 0.173475 0.0018663 0.0726003 0.0104366 0.00474777 0.0236117 -0.0668445 -0.00219825 0.068307 0.00869271 0.384775 -0.0262171
internal_weight=1504.23 816.45 687.776 404.195 283.58 22.1473 7.06927 3.27808 261.433 27.838 18.1309 3.23997 3.16121 14.891 5.64473 388.968 145.8 52.5866 243.168 41.5969 93.2133 15.078 2.59815 201.571 12.4799 255.513 178.457 77.0556 5.9204 788.612 3.36061 2.48672 0.211223 2.2755
internal_count=336492 165838 170654 74484 96170 3768 140 63 92402 51007 29470 3276 3249 26194 1322 13693 4202 552 9491 646 3650 3628 2319 8845 1309 68730 24075 44655 23672 114831 4932 4914 247 4667
is_linear=0
shrinkage=0.08


Tree=138
num_leaves=35
num_cat=0
split_feature=4 16 3 2 1 0 0 3 1 1 3 0 1 3 3 1 1 18 0 18 6 2 2 6 0 5 5 5 5 0 0 2 2 3
split_gain=5.21368 2.48068 4.42454 4.4108 7.97095 7.02425 5.78549 10.3243 6.86956 6.19436 4.97386 15.244 4.6048 4.0697 6.31689 4.05213 5.91925 4.6037 3.88612 3.4218 3.41533 3.35812 3.24319 2.75617 2.9138 2.47956 4.58012 2.77132 2.28647 1.62618 2.34936 1.33805 11.8772 2.4024
threshold=96.982700347900405 1.0000000180025095e-35 72.377109527587905 0.89672121405601513 69.028213500976577 74.849395751953139 65.26175689697267 59.122919082641609 92.907444000244155 67.099567413330092 79.743591308593764 42.163742065429695 99.462364196777358 91.734970092773452 91.476997375488295 82.807880401611342 79.205974578857436 1.0000000180025095e-35 64.747306823730483 1.0000000180025095e-35 0.76525962352752697 0.88003662228584301 0.93132609128952037 0.68353751301765453 33.150182723999031 95.093433380126967 97.309360504150405 90.95719146728517 62.977544784545906 65.733856201171889 68.614070892333999 0.47704066336154943 0.47988185286521917 14.724480628967287
decision_type=2 2 2 2 2 2 2 2 2 2 2 2 2 2 2 2 2 2 2 2 2 2 2 2 2 2 2 2 2 2 2 2 2 2
left_child=1 3 15 6 29 20 10 9 -9 -8 18 -12 -7 14 22 16 17 -3 -1 -16 -6 -18 -4 24 -17 27 -27 -15 -25 -5 -31 -2 -33 -34
right_child=31 2 13 4 5 12 7 8 -10 -11 11 -13 -14 25 19 23 21 -19 -20 -21 -22 -23 -24 28 -26 26 -28 -29 -30 30 -32 32 33 -35
leaf_value=-0.001875233559170664 0.081008961506904051 0.088358796677976276 0.0053529422390980273 0.10829418288596586 -0.054398564555354571 0.0087600204540124148 0.33088107734553895 -0.0027979065025976976 0.040676062929775249 0.072364896824183789 0.87257910483091683 0.041870951817460547 -0.022774079701528945 0.013643192597250969 0.058633518759287483 -0.11771759496421207 -0.16117158498361611 -0.030810877056910716 -0.081108445666226339 -0.47130192176042618 0.052145652659246311 0.030156153101891507 -0.033489265439465198 -0.11233676622906714 0.093108203677075507 -0.13159096177121471 0.080033750217190683 0.080310670697993899 0.039744908546218698 -0.047098385126266219 0.13107193558603056 -0.96127795860014031 -0.21027437273462912 0.045506800290594472
leaf_weight=1024.3836233042384 5.1516338373476165 4.6743415722594346 32.349366871476377 3.8238847424181577 34.179685604911356 55.208743228671665 0.62485712626585055 88.684853935978026 31.533432802756579 11.708762871359793 0.16678827756550052 0.92799207727148314 63.984215408185264 73.525791721938731 0.10622409077040984 0.4361443045490877 1.8509588387059932 3.7304604977980489 3.9770855005135664 0.29329082958429353 2.0404973938275353 0.85984888727398345 23.938156166157569 0.82433980936184648 11.032339829613191 1.8876011050670052 1.0019427242004892 4.2196283197044968 2.7214081655401969 1.265388132484077 0.75701014299556835 0.076737235314793817 0.2417405511951064 8.4422953115717956
leaf_count=213545 1940 467 3987 1821 1907 9395 452 21294 4820 2324 5 408 6537 20398 43 4 83 737 1643 60 864 98 5890 25 581 5686 6133 9952 1331 269 57 25 4 13982
internal_value=-9.06212e-05 -0.000546776 0.00875123 -0.00169528 -0.0140937 -0.0175434 2.53345e-05 0.0157567 0.00860538 0.0854621 -0.00200022 0.168428 -0.00816786 0.0030097 -0.0134159 0.0389251 0.002311 0.0354655 -0.00218166 -0.330401 -0.0483963 -0.100484 -0.011166 0.0660319 0.0850905 0.014557 -0.0582106 0.0172616 0.00438792 0.0776099 0.0195931 0.0486553 0.0296303 0.0383865
internal_weight=1500.63 1486.72 163.452 1323.27 161.259 155.413 1162.01 132.552 120.218 12.3336 1029.46 1.09478 119.193 137.322 56.687 26.1298 11.1156 8.4048 1028.36 0.399515 36.2202 2.71081 56.2875 15.0142 11.4685 80.635 2.88954 77.7454 3.54575 5.84628 2.0224 13.9124 8.76077 8.68404
internal_count=336767 320816 55475 265341 20850 18703 244491 28890 26114 2776 215601 413 15932 52149 9980 3326 1385 1204 215188 103 2771 181 9877 1941 585 42169 11819 30350 1356 2147 326 15951 14011 13986
is_linear=0
shrinkage=0.08


Tree=139
num_leaves=35
num_cat=0
split_feature=2 1 2 4 5 5 4 2 4 4 17 3 15 2 3 2 3 1 5 4 4 5 4 9 3 2 8 2 3 5 5 4 4 5
split_gain=2.13219 7.54592 4.55227 5.87026 10.7213 11.2362 31.8678 5.38273 3.66256 5.55314 21.0471 2.56297 13.6905 10.6012 6.92168 5.59201 22.091 4.7082 2.56497 10.6306 4.39286 6.66604 3.90579 3.90374 2.55122 2.35048 2.00653 20.5504 1.81801 1.71161 3.39077 5.03111 54.9668 6.91433
threshold=0.95605227351188671 99.462364196777358 0.93132609128952037 88.146743774414077 95.093433380126967 93.88999176025392 93.110427856445327 0.94737470149993908 72.029411315917983 69.852142333984389 1.0000000180025095e-35 83.910789489746108 1.0000000180025095e-35 0.86671569943428051 90.366767883300795 0.89146339893341076 85.028736114501967 85.145786285400405 46.882476806640632 25.940062522888187 35.472433090209968 48.017467498779304 37.53172683715821 1.0000000180025095e-35 91.734970092773452 0.90002825856208812 1.0000000180025095e-35 0.93334195017814647 84.273937225341811 97.309360504150405 95.80334854125978 92.601715087890639 92.340286254882827 95.896026611328139
decision_type=2 2 2 2 2 2 2 2 2 2 2 2 2 2 2 2 2 2 2 2 2 2 2 2 2 2 2 2 2 2 2 2 2 2
left_child=2 28 11 8 5 7 -7 -5 9 24 -11 18 13 17 -15 16 -14 -13 19 25 21 -20 -22 -21 -4 -1 27 -10 -2 30 -3 32 -32 -33
right_child=1 29 3 4 -6 6 -8 -9 26 10 -12 12 15 14 -16 -17 -18 -19 20 23 22 -23 -24 -25 -26 -27 -28 -29 -30 -31 31 33 -34 -35
leaf_value=0.0025241521935214679 0.18380932441550513 0.0024655200740016899 -0.028029666120131216 -0.053873128527813854 0.08023153610344641 -1.5672080190031898 -0.15302366052455899 -0.42644092117316462 -1.7436312178136835 0.083670939481737802 -1.1648199654004872 0.17338648890135674 1.3868232768609912 -0.131761157194246 0.039767875236155124 0.10396637808631293 0.099071035309021491 0.019024843309635619 0.23781346536756875 -0.064478248345352387 -0.037432193177442098 0.019942661743119441 0.00081027779630451157 -0.019685536819148312 0.05439339040324833 -0.016852472192946531 0.082027821034928505 0.080179766506226394 0.051021871308619064 0.080057490002014994 -0.16896756008690147 -0.55484200347305979 -4.9126439077238393 0.080215549398442221
leaf_weight=235.60509730535341 0.68419918233849131 126.07104994137626 35.787029804847407 1.1614078737911762 0.98460715350665839 0.14564807579154138 0.34015136313973926 0.3156304409058065 0.043864098814082708 0.2640448141246442 0.12846053946122993 1.4272495518962447 0.10944416046186134 5.3829319506403399 2.0902821550698718 6.0030438257017522 0.38578306697309017 11.097506463400348 0.91440739708195806 23.539904166860651 17.434381877083069 52.565974855831882 870.71968074058896 26.436815385015507 2.5764570852188617 48.276221535241348 3.1096283073275117 0.40112645224144217 18.561173758762379 1.7757420414818614 0.64204998872446484 0.12549148381367559 0.016023456395487301 0.87331900520075578
leaf_count=10577 54 36103 1825 587 2505 242 271 313 33 82 62 166 24 767 349 1104 58 2683 146 137030 833 1202 88874 21369 141 501 2764 318 9000 12855 1613 162 57 2206
internal_value=-8.76145e-05 0.00900176 -0.00109117 -0.0260334 -0.135196 -0.243259 -0.577012 -0.133488 -0.018429 -0.0255573 -0.32494 -0.000224157 0.0244025 -0.00837791 -0.0837839 0.125282 0.383662 0.036615 -0.000735734 -0.00676067 0.00140042 0.0236678 5.95816e-05 -0.0407837 -0.0224942 -0.000770993 0.0592906 -0.0995989 0.0557426 0.00205565 0.000971231 -0.112728 -0.284472 0.000426325
internal_weight=1496 148.749 1347.25 45.2581 2.94744 1.96284 0.485799 1.47704 42.3106 38.756 0.392505 1301.99 26.4962 19.998 7.47321 6.49827 0.495227 12.5248 1275.49 333.858 941.634 53.4804 888.154 49.9767 38.3635 283.881 3.55462 0.444991 19.2454 129.504 127.728 1.65688 0.658073 0.99881
internal_count=336876 62050 274826 9143 3918 1413 513 900 5225 2110 144 265683 5151 3965 1116 1186 82 2849 260532 169477 91055 1348 89707 158399 1966 11078 3115 351 9054 52996 40141 4038 1670 2368
is_linear=0
shrinkage=0.08


Tree=140
num_leaves=35
num_cat=0
split_feature=4 2 1 2 6 5 2 5 6 8 6 3 5 3 2 5 5 2 3 2 10 6 3 3 3 3 1 3 3 1 3 1 2 1
split_gain=2.95008 1.89688 8.34923 15.8463 36 46.5652 7.92397 5.88296 8.64581 6.80065 6.14141 6.08549 5.73911 5.22805 5.29232 3.698 7.90287 6.73424 9.08103 6.34792 4.29201 3.14481 3.1304 2.88017 10.6692 2.72403 1.58927 1.2284 3.85137 1.21206 3.42266 1.44179 1.09768 0.840532
threshold=98.08304595947267 0.73350545763969432 55.625879287719734 0.74922439455986034 0.57907161116600048 57.212205886840827 0.73004835844039928 52.195329666137702 0.5921759605407716 1.0000000180025095e-35 0.60142236948013317 70.320320129394545 52.467130661010749 63.453348159790046 0.83336639404296886 85.798320770263686 68.438713073730483 0.73738178610801708 77.459678649902358 0.79324352741241466 1.0000000180025095e-35 0.66489198803901683 35.368577957153327 51.471860885620124 51.66851997375489 53.907203674316413 23.166368484497074 32.305501937866218 32.049383163452156 14.907407283782961 16.064516067504886 16.84397125244141 0.78606858849525463 85.89511871337892
decision_type=2 2 2 2 2 2 2 2 2 2 2 2 2 2 2 2 2 2 2 2 2 2 2 2 2 2 2 2 2 2 2 2 2 2
left_child=1 6 3 4 5 -3 7 8 11 10 -9 -1 -11 14 -5 16 22 18 -17 -18 -19 -6 -4 33 -25 -26 -10 28 29 -2 -31 -32 -15 -8
right_child=27 2 15 13 21 -7 23 9 26 12 -12 -13 -14 32 -16 17 19 20 -20 -21 -22 -23 -24 24 25 -27 -28 -29 -30 30 31 -33 -34 -35
leaf_value=-0.01147135356415082 0.080808815010994281 -0.080350091497882956 0.064651481880848169 0.057238284980051728 0.44407346197304826 3.9339212475726955 0.083604347281696537 -0.039987102183717364 -0.039403058321707332 0.16100044103592434 0.054239727989079299 0.097432893368097725 -0.0011217176417016425 0.2649471232012619 -0.05837378883018926 -1.1563682357910769 -0.10547916834995748 0.051698434580206731 0.084937260740975115 -0.018084967239353499 -0.00074859012609049399 0.12112459493912661 0.0032596735674879571 -1.2258037131739579 -0.49840833867658335 -0.12749424998792006 -0.080176722827731986 0.080789762585642952 -0.32797725492866298 -0.17077854970090861 -0.10765910349729867 0.04669374282078731 0.10193784084533623 -0.096964793675046596
leaf_weight=70.291329373696499 2.3396466444537491 0.034514334180132944 5.3757035840208109 6.1738382746334519 0.2976166494008794 0.039843081496655941 0.38628135080216397 5.3710340280376867 11.462363356804419 1.4000547840041679 25.18367054250848 3.4448055200955414 754.33515056053875 0.28147791388255328 4.2983554188649578 0.072139567470002386 5.8708964187972006 21.711639907285644 0.079051666398299858 56.604601766430278 18.491008821350988 0.54887228378356667 476.13046693769684 0.061036801067530511 0.13581001241982482 1.8932604426354371 13.122193810424504 3.4549131448247854 0.19437646400183428 0.58553466445300717 0.4230782693484797 4.5806452717806678 4.3528798979823478 0.2879907861679385
leaf_count=81580 1238 76 725 1430 66 2 48 226 9592 961 1694 1878 35562 23 943 27 282 51737 19 16318 2481 46 48786 4 21 996 65914 12307 11 41 41 435 1158 20
internal_value=0.000607726 0.000294673 0.00376758 0.0607323 0.382922 2.07062 -0.00205496 -0.00163236 -0.0200817 0.000674613 0.0376761 -0.00638356 -0.000821374 0.0410927 0.00978483 0.00220513 0.000471758 0.0255715 -0.507341 -0.0262975 0.0275757 0.23467 0.00394507 -0.137289 -0.183669 -0.15232 -0.0611663 0.0408334 0.0238396 0.0324643 0.0122275 0.0336428 0.111839 0.00648082
internal_weight=1499.32 1487.74 600.363 16.0274 0.920846 0.0743574 887.375 884.611 98.3207 786.29 30.5547 73.7361 755.735 15.1066 10.4722 584.336 543.982 40.3538 0.151191 62.4755 40.2026 0.846489 481.506 2.76438 2.09011 2.02907 24.5846 11.5782 8.12328 7.9289 5.58926 5.00372 4.63436 0.674272
internal_count=336688 322615 124119 3744 190 78 198496 197407 158964 38443 1920 83458 36523 3554 2373 120375 66111 54264 46 16600 54218 112 49511 1089 1021 1017 75506 14073 1766 1755 517 476 1181 68
is_linear=0
shrinkage=0.08


Tree=141
num_leaves=35
num_cat=0
split_feature=5 1 5 4 4 18 4 1 0 11 1 3 4 12 5 1 3 1 4 4 5 3 5 4 13 5 5 3 0 18 0 14 3 14
split_gain=3.36786 3.78741 3.74793 5.84114 11.1387 11.6538 8.62764 7.14635 3.11815 2.22186 2.15978 4.61945 2.06924 2.04712 6.97882 3.37355 10.4108 9.92619 2.83214 4.06716 2.27564 6.43612 2.4468 5.33161 2.48228 1.35104 1.80678 2.4429 5.38395 1.82223 1.31048 5.54706 0.851818 0.591639
threshold=96.633934020996108 37.089946746826179 96.019802093505874 92.151729583740249 58.853387832641609 1.0000000180025095e-35 91.989303588867202 87.609649658203139 35.111427307128913 1.5000000000000002 9.1966171264648455 19.433517456054691 40.08368110656739 1.0000000180025095e-35 45.474052429199226 81.557067871093764 79.743591308593764 92.40384674072267 37.688747406005866 37.53172683715821 95.896026611328139 25.866189002990726 86.28794097900392 79.377197265625014 1.0000000180025095e-35 97.45212554931642 97.15900039672853 57.93287658691407 56.635221481323249 1.0000000180025095e-35 21.132376670837406 1.0000000180025095e-35 35.368577957153327 1.0000000180025095e-35
decision_type=2 2 2 2 2 2 2 2 2 2 2 2 2 2 2 2 2 2 2 2 2 2 2 2 2 2 2 2 2 2 2 2 2 2
left_child=2 8 13 4 -4 6 -6 -7 9 10 12 -12 -2 20 18 16 -16 -17 19 -15 22 -22 24 -24 -1 26 -3 28 -28 -29 -11 -32 -10 -5
right_child=1 25 3 33 5 7 -8 -9 32 30 11 -13 -14 14 15 17 -18 -19 -20 -21 21 -23 23 -25 -26 -27 27 29 -30 -31 31 -33 -34 -35
leaf_value=0.0044576303377004845 -0.033085303069588907 0.072759876017813419 0.070108916134217547 0.060203626656244826 0.0077064597867808129 -0.20870677809792657 -0.7751975228167528 -0.6952281829703657 -0.020376082710026971 0.081057773721263493 -0.058657982199783576 0.020784229419365224 0.031057900784036054 -0.026533532220075644 0.0012058309271986685 -0.055082800528155562 0.12329495841696422 0.00049030536632047462 -0.076389785672302576 0.31882357627336944 -0.75496430472813725 0.083290977524753826 0.071254826483887368 0.0062118291342986879 -0.016585420345442879 0.081718522554603615 0.082393234166443272 0.083503548448895848 -0.41126072778231282 -0.12062790451603542 0.049810147808136078 -0.24427684231133603 -0.13287874274012917 -0.021185937166712736
leaf_weight=604.91956280198065 3.763895861804488 2.3150003594491846 2.3004430517321435 2.7556732749544604 2.7499843320474615 3.0645585780875995 0.093136576688266248 0.20622658817592299 0.68092537298798461 4.4685522163344995 8.2743031324935163 10.79777757078409 22.224030503159156 15.262474705141358 592.01461046677287 27.173154587449972 4.5040294551436082 84.648344886049017 9.8948574326532235 0.22140585512170297 0.095042903907596066 0.1529700828177738 10.911495532403931 30.924623665408944 38.138750454007095 7.2942833714269 0.27463288145372611 0.9872157380268618 0.29144886560970917 0.39061248463985976 4.0292101274244487 0.4570407427381723 1.1722356053505789 0.72121006932502485
leaf_count=77672 20 2557 41 1501 880 89 34 266 13 1724 275 361 1720 23593 54646 4022 1054 21355 26186 473 8 220 2770 17239 71261 24957 38 602 13 401 194 9 40 209
internal_value=0.00164543 0.0191185 0.00082205 -0.0439039 -0.079946 -0.136406 -0.0179404 -0.239382 0.0104961 0.0139968 0.00676368 -0.0136813 0.0217679 0.00119689 -0.00173952 -0.000262693 0.00212767 -0.0130142 -0.042959 -0.0215952 0.0043415 -0.237943 0.00442923 0.023176 0.0032096 0.0608144 0.0250118 -0.0318514 -0.171766 0.0256326 0.0503933 0.0198498 -0.0915408 0.043321
internal_weight=1498.17 67.4212 1430.75 11.8912 8.41435 6.11391 2.84312 3.27079 55.868 54.0148 45.06 19.0721 25.9879 1418.86 733.719 708.34 596.519 111.821 25.3787 15.4839 685.142 0.248013 684.894 41.8361 643.058 11.5532 4.25891 1.94391 0.566082 1.37783 8.9548 4.48625 1.85316 3.47688
internal_count=336443 32924 303519 3020 1310 1269 914 355 4356 4303 2376 636 1740 300499 131329 81077 55700 25377 50252 24066 169170 228 168942 20009 148933 28568 3611 1054 51 1003 1927 203 53 1710
is_linear=0
shrinkage=0.08


Tree=142
num_leaves=35
num_cat=0
split_feature=11 15 2 0 17 2 3 2 2 2 5 14 2 3 3 3 7 9 6 5 1 0 1 2 4 6 6 2 5 5 4 1 14 5
split_gain=4.26925 3.31179 12.068 8.50281 6.8378 9.59521 8.4057 6.90655 8.18734 13.1195 7.12086 6.92024 6.65278 10.3098 6.36834 9.00983 5.56424 5.07764 9.46316 9.31019 7.09579 12.1022 9.05623 5.02779 3.89475 7.21125 5.7453 3.86167 3.80752 3.26382 3.65556 4.58775 5.3964 7.067
threshold=1.5000000000000002 1.0000000180025095e-35 0.66029790043830883 43.288288116455085 1.0000000180025095e-35 0.52779868245124828 64.051280975341811 0.66029790043830883 0.71196657419204723 0.70938351750373851 56.127729415893562 1.0000000180025095e-35 0.54829326272010814 53.694938659667976 48.331480026245124 47.413022994995124 1.0000000180025095e-35 1.0000000180025095e-35 0.5938602387905122 84.650035858154311 68.496238708496108 59.122919082641609 69.028213500976577 0.51111784577369701 53.957811355590827 0.51820772886276256 0.58279037475585949 0.49698334932327276 37.466577529907234 97.45212554931642 77.095886230468764 31.311274528503422 1.0000000180025095e-35 94.759723663330092
decision_type=2 2 2 2 2 2 2 2 2 2 2 2 2 2 2 2 2 2 2 2 2 2 2 2 2 2 2 2 2 2 2 2 2 2
left_child=1 4 3 12 5 6 23 11 9 -9 -10 -6 16 -14 15 -5 -3 20 28 -20 21 -4 -22 -1 25 -7 -26 -8 -19 30 -2 32 33 -32
right_child=29 2 17 14 7 24 27 8 10 -11 -12 -13 13 -15 -16 -17 -18 18 19 -21 22 -23 -24 -25 26 -27 -28 -29 -30 -31 31 -33 -34 -35
leaf_value=-0.0025242566787041878 0.019065707338693422 0.10494183551951138 -0.049918968993114231 0.13171889840105133 -0.043017773024327147 -0.0089075663908752753 0.094911155351181054 0.10632097623678906 -0.001209542778080265 0.62282380479491861 0.079345772181267676 0.21114043483895784 -0.01282610136152473 0.88410850418143883 0.019787573551986525 0.40218320459812512 0.50125196834408181 -0.010681418986227374 -0.015139422980543859 0.072946547074850418 0.12745360301960351 0.022891102901208441 0.0014395640083418584 0.032204048549150585 0.089301951703457352 -0.048218801537765019 -0.012543711203626644 0.5559708756326821 0.10648436864110053 0.059134427680391503 -0.037931648684562946 0.026098717321293669 0.026501289719738141 -0.18831614924565201
leaf_weight=529.25646651049829 82.360162826431406 1.4068724771641452 44.033529496135088 4.1794053320045341 11.060414594772734 56.168323367563062 0.21969543126760882 3.8230081896253969 18.642863207176564 0.34297505032736797 11.267724193396132 0.73094588686217399 8.9816880232247023 0.082773876700230953 2.1868036548730743 0.97150816817520524 0.27029420062899578 2.1502797061402807 31.610241026748554 10.143646751839695 3.6851200827732091 21.865401075941918 382.69992145249489 28.096634122928663 3.6553263545356449 63.772195094878043 117.37204795971775 0.24694698830535344 10.173392005424828 9.5401713819851448 10.132131410995504 11.418402120412791 5.64145515061682 2.4917239700444034
leaf_count=48472 6177 132 12825 1082 2718 19477 23 620 974 46 5875 181 2434 38 555 228 3 102 8674 34950 455 3449 30672 8907 216 114058 9403 19 1575 10376 117 10978 942 31
internal_value=-0.000151193 -0.00142703 0.00356637 0.0677906 -0.00452739 -0.00625223 -0.000489418 0.0255105 0.0437713 0.148843 0.0291367 -0.0272625 0.022446 -0.00463557 0.13417 0.182731 0.168812 0.00127328 0.0244412 0.00626009 -0.00149681 -0.0257604 0.00264141 -0.000773574 -0.0195926 -0.0298093 -0.00946772 0.338904 0.0860408 0.0142153 0.0103906 -0.0136792 -0.038546 -0.0676149
internal_weight=1490.68 1369.1 524.441 18.0793 844.656 798.788 557.82 45.8679 34.0766 4.16598 29.9106 11.7914 10.7416 9.06446 7.33772 5.15091 1.67717 506.362 54.0776 41.7539 452.284 65.8989 386.385 557.353 240.968 119.941 121.027 0.466642 12.3237 121.584 112.044 29.6837 18.2653 12.6239
internal_count=336784 308163 97174 4472 210989 200575 57421 10414 7515 666 6849 2899 2607 2472 1865 1310 135 92702 45301 43624 47401 16274 31127 57379 143154 133535 9619 42 1677 28621 18245 12068 1090 148
is_linear=0
shrinkage=0.08


Tree=143
num_leaves=35
num_cat=0
split_feature=12 5 5 6 6 8 1 5 6 1 13 5 6 1 6 5 6 5 5 6 5 2 5 6 6 6 6 2 2 2 6 6 2 11
split_gain=2.63983 5.6028 4.6786 3.63731 5.32709 3.8727 3.80019 3.66594 8.17227 3.86156 3.19337 3.23474 10.4741 7.34085 6.91603 3.37668 3.03963 4.65574 11.8486 7.3062 4.39643 4.11475 3.21424 2.61884 3.04084 5.78222 2.35156 7.54183 9.02444 4.86599 4.63064 4.54253 5.28292 3.43066
threshold=1.0000000180025095e-35 85.798320770263686 45.354831695556648 0.55301484465599071 0.47734268009662634 1.0000000180025095e-35 19.139194488525394 48.499849319458015 0.54845148324966442 69.028213500976577 1.0000000180025095e-35 38.07201004028321 0.58438628911972057 52.128622055053718 0.50018540024757396 44.392032623291023 0.66618579626083385 83.09690093994142 81.853973388671889 0.64453122019767772 51.66114807128907 0.40056291222572332 46.184494018554695 0.56615319848060619 0.85483253002166759 0.86214745044708263 0.88511258363723766 0.93132609128952037 0.93334195017814647 0.59045216441154491 0.75581637024879467 0.89713951945304882 0.47988185286521917 1.5000000000000002
decision_type=2 2 2 2 2 2 2 2 2 2 2 2 2 2 2 2 2 2 2 2 2 2 2 2 2 2 2 2 2 2 2 2 2 2
left_child=1 10 -2 4 5 -4 -7 8 -6 -9 11 14 13 -13 -1 -14 17 18 -5 -19 22 -22 -18 -12 -25 -26 27 -3 30 31 -29 -28 -33 -30
right_child=2 26 3 16 7 6 -8 9 -10 -11 23 12 15 -15 -16 -17 20 19 -20 -21 21 -23 -24 24 25 -27 29 28 33 -31 -32 32 -34 -35
leaf_value=0.00051318304631006327 -0.038814902470839865 0.065838856656495331 -0.11264606753966813 0.0088591116606752101 -0.0050317368975783695 -0.0012742850982042744 0.11929036011968107 -0.019198430092305371 0.49829952592383742 -0.068542989347011099 -0.085839294982855988 0.022737161211286709 -0.056805826830923847 0.0910334805753506 -0.064912433545686182 0.0036371287190109943 0.050029406168847962 -0.014578085700943853 0.1001946241579329 0.032806435340624968 0.0072336736372560651 -0.010321087988849714 -0.11283177170759498 -0.0064725897918502407 -0.38107933065845717 -0.048564294883104674 -0.19781581120744787 -0.31334028744367276 0.015626899432187376 0.071005010975584093 -1.0737681586970669 0.066353260806178455 -0.041666616097641489 -0.20336508236319575
leaf_weight=389.09324957019999 23.085357367375764 20.718787823378083 0.88739913376048196 173.00062322529629 0.84687704442330758 3.0389884510077527 3.7229572715150425 55.231941781290516 0.27300168558576843 12.435173781796037 3.6499709033942045 31.443529845542798 6.1605745093147553 14.819556332016871 10.622804492340945 148.59280494121413 0.96663463656659487 112.53159681674515 9.5942222940939228 25.554971548637695 130.03679872938665 249.24994236421026 3.9238648037317034 29.289916939225805 0.38342646157252547 2.6335743407398695 0.82426343488623643 0.197246358278789 2.4528526142130436 5.9399962425868571 0.06924294754571747 4.4463130246731444 8.3193834040794155 0.56289067954639893
leaf_count=14331 49562 2918 22 33308 729 32 258 1441 143 932 26667 2487 8029 5247 26689 20423 637 2650 159 955 6582 62649 5604 44148 32 279 34 52 4468 12532 42 550 167 1828
internal_value=-0.000218611 0.00344981 -0.0033208 -0.00227203 -0.0188478 0.0444846 0.0651056 -0.0258906 0.117669 -0.0282665 0.00155134 0.00293747 0.0112155 0.0446147 -0.00122556 0.00123096 -0.00047452 0.00527562 0.0136582 -0.00580888 -0.00527429 -0.00430251 -0.0806413 -0.0216066 -0.0143497 -0.0908232 0.031217 0.0479898 -0.064681 0.0106044 -0.510925 -0.0157959 -0.00404312 -0.0252481
internal_weight=1484.6 680.22 804.38 781.295 76.4363 7.64934 6.76195 68.787 1.11988 67.6671 636.689 600.733 201.016 46.2631 399.716 154.753 704.859 320.681 182.595 138.087 384.177 379.287 4.8905 35.9569 32.3069 3.017 43.531 24.001 3.28223 19.53 0.266489 13.59 12.7657 3.01574
internal_count=336586 170923 165663 116101 3557 312 290 3245 872 2373 148332 77206 36186 7734 41020 28452 112544 37072 33467 3605 75472 69231 6241 71126 44459 311 22591 9308 6390 13283 94 751 717 6296
is_linear=0
shrinkage=0.08


Tree=144
num_leaves=35
num_cat=0
split_feature=11 4 3 1 0 3 3 3 4 6 5 5 4 6 0 2 0 5 2 2 5 5 5 11 0 0 3 2 0 5 2 5 5 4
split_gain=2.45022 2.33881 2.7934 15.4958 2.19128 5.58645 3.94656 3.19466 3.65057 3.10041 2.69903 9.3015 2.61287 2.1276 2.11973 2.00113 5.54948 3.61377 3.03148 3.17989 2.2215 4.96527 2.95439 2.43002 1.70931 1.57846 1.69718 1.40398 1.33128 1.27545 0.724513 0.710069 0.848823 0.356919
threshold=2.5000000000000004 98.08304595947267 19.433517456054691 20.761494636535648 90.366767883300795 98.213714599609389 90.366767883300795 89.512962341308608 38.243330001831062 0.6868371069431306 88.715740203857436 88.02985000610353 88.146743774414077 0.96572864055633556 19.433517456054691 0.61016923189163219 26.36544227600098 87.112743377685561 0.54979932308197033 0.55326592922210704 78.297103881835952 72.360687255859389 79.18729400634767 8.5000000000000018 26.747966766357425 34.851621627807624 28.759398460388187 0.63900235295295726 35.111427307128913 95.093433380126967 0.37379200756549841 66.841186523437514 65.733856201171889 40.358924865722663
decision_type=2 2 2 2 2 2 2 2 2 2 2 2 2 2 2 2 2 2 2 2 2 2 2 2 2 2 2 2 2 2 2 2 2 2
left_child=1 4 3 14 6 9 7 13 -9 12 11 -7 -6 -1 -3 16 20 25 24 -20 21 30 -22 -24 -19 26 -18 28 -17 -12 -2 32 -29 -11
right_child=15 2 -4 -5 5 10 -8 8 -10 33 29 -13 -14 -15 -16 27 17 18 19 -21 22 -23 23 -25 -26 -27 -28 31 -30 -31 -32 -33 -34 -35
leaf_value=-0.00087082232792429649 0.099962639405742279 0.080706947279397007 0.06898164133220766 -0.46464782006765071 0.030702757851288558 7.7877391168009388e-05 0.083375705499259128 -0.12199738954519163 0.0077249140456272297 0.18772575741794165 0.066367750174820855 -0.31337358820376049 -0.23340404174770993 -0.043144926797063235 -0.16014853983116914 0.095351171602006721 -0.15486049439096616 -0.092330827728846515 -0.21235489841278302 0.083260264325094244 0.35573285317571562 -0.12072116859837159 0.071718106358863304 -0.1803079110594554 0.088389032317985644 -0.1846861324521471 0.033356019978832654 0.059918009789592254 0.33660573828457613 0.0092563911195156379 0.015386259977708695 0.078602133426784473 -0.1291570902676312 0.089090144195864099
leaf_weight=1290.2704617083582 1.5279719149693902 2.1117905191786113 6.4938258005881835 0.43636418506503094 20.612949996233517 114.65732364189171 3.525593252550606 2.9904816901725999 2.5915842633912689 0.24489363306201894 5.7268793324765266 0.60910696076461945 0.24255962832830746 7.664684144081547 0.26297760475426901 0.36564201395958607 0.58894177217734911 0.40584085229784328 0.66293488226801833 0.35899560165853472 0.22788861719891418 1.4328541303984819 7.4878494069562294 0.2531264405697583 1.9177716084450365 1.2450437950465127 0.6396079269470647 0.37534295482873892 0.2441205471768626 4.4451869569256814 1.1258680008759254 2.4386581418602873 0.25533229870779905 5.6915979989316838
leaf_count=257441 21 1006 11722 29 1828 17095 2107 116 1012 2 12699 781 137 2607 2 14 13 4 8 68 6 20 1271 5 196 24 27 41 37 11814 33 6080 9 8300
internal_value=0.000554343 0.000161343 0.040142 -0.0264786 -9.35912e-05 0.00899016 -0.00115157 -0.00138019 -0.0617713 0.0421506 0.00190753 -0.00157851 0.0276311 -0.00112046 0.054035 0.0273316 0.0162726 -0.0478869 0.00632213 -0.108508 0.047242 -0.000712757 0.0718347 0.063477 0.0568246 -0.121205 -0.0568712 0.0810613 0.191938 0.0414101 0.0640819 0.0590342 -0.0166301 0.0931591
internal_weight=1490.13 1468.58 9.30496 2.81113 1459.27 152.23 1307.04 1303.52 5.58207 26.792 125.438 115.266 20.8555 1297.94 2.37477 21.5538 17.8747 5.81914 3.34554 1.02193 12.0556 4.08669 7.96886 7.74098 2.32361 2.47359 1.22855 3.6791 0.609763 10.1721 2.65384 3.06933 0.630675 5.93649
internal_count=336575 328698 12759 1037 315939 52656 263283 261176 1128 10267 42389 17876 1965 260048 1008 7877 1696 340 276 76 1356 74 1282 1276 200 64 40 6181 51 24513 54 6130 50 8302
is_linear=0
shrinkage=0.08


Tree=145
num_leaves=35
num_cat=0
split_feature=16 4 3 3 4 6 6 0 4 6 4 6 6 3 1 1 6 10 4 0 3 1 18 17 0 4 12 3 0 1 17 8 6 4
split_gain=2.63893 3.38982 4.20879 5.54586 4.84147 4.2016 5.22223 10.3573 3.97163 3.95058 6.47816 3.62379 3.52148 3.4326 3.21065 4.08986 3.18257 3.1211 3.09432 2.87976 2.854 4.68305 4.20448 2.745 2.39775 2.10839 2.02921 3.7737 4.42445 3.91009 9.52203 7.68275 2.64861 2.74845
threshold=1.0000000180025095e-35 55.230987548828132 72.377109527587905 75.147060394287124 48.220619201660163 0.736912101507187 0.73261633515357982 74.849395751953139 45.929470062255866 0.7282359004020692 69.852142333984389 0.75102970004081737 0.62400871515274059 69.282051086425795 81.557067871093764 70.087718963623061 0.71964728832244884 1.0000000180025095e-35 1.0000000180025095e-35 69.309261322021499 72.850124359130874 85.145786285400405 1.0000000180025095e-35 1.0000000180025095e-35 46.894290924072273 84.866104125976577 1.0000000180025095e-35 99.462364196777358 94.804317474365249 81.302967071533217 1.0000000180025095e-35 1.0000000180025095e-35 0.77911314368247997 70.991119384765639
decision_type=2 2 2 2 2 2 2 2 2 2 2 2 2 2 2 2 2 2 2 2 2 2 2 2 2 2 2 2 2 2 2 2 2 2
left_child=26 2 14 20 8 6 9 -8 -5 16 -11 13 -6 -7 15 18 -3 25 -2 -17 22 -22 -4 -19 -16 -13 -1 28 29 30 -28 -31 33 -29
right_child=1 5 3 4 12 11 7 -9 -10 10 -12 17 -14 -15 24 19 -18 23 -20 -21 21 -23 -24 -25 -26 -27 27 32 -30 31 -32 -33 -34 -35
leaf_value=0.0025688589898389532 0.10548583032569296 0.043326050756083562 -0.051993061400930678 0.0039306564558522043 0.02693745217278997 -0.21628302516268591 0.71128932138843204 0.083540546405166866 0.078114943215502178 -0.4134418649013672 0.080617288427429018 0.0074982413409167472 -0.080890340785803053 -0.021732335695519484 -0.1152712585378195 -0.068337035576675198 0.17142680256160872 0.069442760452772229 -0.099881731878645366 0.089505860289891687 -0.093153175533772489 0.026072313058162475 -0.41711069799399136 -0.024410576430921066 0.075995167396890051 0.080692956059939827 -0.0027286493846178077 -0.056214153355290203 0.075686772852466486 -0.073134377889557678 0.10148458289346883 -0.0072474555967002845 0.080894379711055731 -0.21271025926547968
leaf_weight=578.72592027269093 2.7725652866065507 19.197838895433971 0.48696443289372737 69.984655233787635 2.6749685038230364 0.83441154508909954 0.22577239613747124 0.65977181295966147 4.945112760513438 0.31105854547058598 0.37416693431077874 4.386174702194694 7.0396040410196292 1.9067208504529845 0.43862834556057428 4.4597406455104647 1.327037066235788 2.4046177563723168 0.56528448001336062 0.88685681770948566 5.6225681009273085 3.3735934957076097 0.34474873521685367 11.692562004667707 9.6063583418654144 5.9155901607500709 661.38462976704432 6.3376944498013463 4.5270543464666835 14.787114305299836 5.6593160863631047 48.399050264717516 0.78459123726497626 0.81002034221091879
leaf_count=142369 14 7024 32 5578 378 46 36 508 314 22 490 11945 605 1726 17 558 999 219 396 113 222 137 51 2077 524 28604 105704 354 2528 2140 2030 16853 1644 415
internal_value=0.0002003 0.00982274 0.0022011 -0.00466726 0.00193744 0.0273463 0.0532468 0.243587 0.00882657 0.0452999 -0.143661 0.00625973 -0.0511993 -0.0809543 0.0368454 0.00122267 0.0516084 0.0160579 0.0707056 -0.0421551 -0.0615514 -0.0484432 -0.203336 -0.0084016 0.0676433 0.0495289 -0.000982556 -0.00374993 -0.00315741 -0.00364621 -0.00184449 -0.0226666 -0.0586335 -0.0739492
internal_weight=1483.85 162.437 113.202 94.4722 84.6443 49.2357 22.0956 0.885544 74.9298 21.2101 0.685225 27.1401 9.71457 2.74113 18.7294 8.68445 20.5249 24.3989 3.33785 5.3466 9.82787 8.99616 0.831713 14.0972 10.045 10.3018 1321.42 742.689 734.757 730.23 667.044 63.1862 7.93231 7.14771
internal_count=336672 62635 8939 7317 6875 53696 9079 544 5892 8535 512 44617 983 1772 1622 1081 8023 42845 410 671 442 359 83 2296 541 40549 274037 131668 129255 126727 107734 18993 2413 769
is_linear=0
shrinkage=0.08


Tree=146
num_leaves=35
num_cat=0
split_feature=4 4 5 5 5 2 2 0 0 2 2 1 3 3 0 13 0 5 4 4 2 2 0 0 3 17 0 4 3 5 4 5 1 3
split_gain=2.04702 3.38405 5.57481 15.178 3.28068 2.19847 4.74833 3.25424 11.8388 2.1385 7.04796 1.97183 4.95868 1.82733 7.92454 1.62347 4.62132 3.21879 3.18377 2.40955 1.7199 5.66561 5.26873 4.93743 8.79329 4.33052 3.54187 1.52145 1.47661 1.30687 1.92 0.185557 0.000964955 0.000405269
threshold=95.782062530517592 95.258533477783217 97.15900039672853 97.309360504150405 95.263027191162124 0.55326592922210704 0.5090131163597108 26.36544227600098 26.747966766357425 0.57032433152198803 0.58475032448768627 46.709957122802741 29.679679870605472 19.433517456054691 20.204081535339359 1.0000000180025095e-35 4.5983085632324228 55.717840194702156 38.724208831787116 38.814748764038093 0.92000734806060802 0.91616904735565197 90.990257263183608 76.253131866455092 89.825496673583999 1.0000000180025095e-35 90.990257263183608 49.210504531860359 19.433517456054691 95.896026611328139 96.563533782958999 61.374887466430671 46.709957122802741 59.870130538940437
decision_type=2 2 2 2 2 2 2 2 2 2 2 2 2 2 2 2 2 2 2 2 2 2 2 2 2 2 2 2 2 2 2 2 2 2
left_child=1 15 11 -4 -2 6 13 28 -9 -5 -11 12 -3 14 -6 20 17 -17 31 -20 21 22 -1 24 -22 -25 -23 -19 -8 30 32 -18 -7 -31
right_child=4 2 3 9 5 29 7 8 -10 10 -12 -13 -14 -15 -16 16 18 27 19 -21 23 26 -24 25 -26 -27 -28 -29 -30 33 -32 -33 -34 -35
leaf_value=1.2408654192127277e-05 -0.28625830866945484 0.085986022073890833 -1.0224191081584149 0.081165983843333012 0.057046431866349376 0.090432638655575062 -0.12971507596028345 -0.55192005787663545 -0.036807754862112407 -0.82686774289612508 0.080295939525597118 0.080912183929670298 -0.30419805940584022 0.081725561284312839 -0.22943286089874293 -0.080685398629883165 -0.08172618351725193 0.18666834510943112 0.24018852371121729 -0.018984676137696072 -0.075029064271120119 0.060841556825791135 0.089928106098923988 0.018770089456801125 0.086791890754526937 -0.0098070590198418781 -0.25173437348668154 0.064489591200795809 0.082469219816072081 0.081592425980475877 -0.22429123020797259 -0.12582273594620422 0.080809776024351396 0.080215449082400664
leaf_weight=1200.8513361575624 0.2109191534473237 0.43322574475314402 0.14422433910658572 0.24192088263225742 3.3418884124694177 0.10205487906932731 0.28624310818850085 0.36921008024364699 1.2602161546274144 0.08738996833562851 0.14702936283356394 0.69133036408311455 0.40176940029050456 3.68024974378568 0.75816827011294652 0.74430910016235374 3.8682725231683426 0.98415974690578911 0.23148651764495554 27.882825328848412 13.596076781366721 12.088061521855703 4.1852905828582143 43.695724268594859 2.5526167668795088 151.96965748287221 0.23654731518763661 1.9344425047165712 0.78704612288856879 3.0937612855141197 0.23006272836937569 0.72522714652586717 0.1924747494267649 2.452242808254141
leaf_count=180247 27 32 19 93 1682 1 8 8 409 1 568 1008 11 856 35 427 43861 10 470 27244 1148 1033 1686 9427 1782 47179 93 65 55 1249 7 15 230 15456
internal_value=-0.000535268 -0.00085277 -0.101219 -0.303395 0.0272612 0.0312559 0.00907004 -0.0822814 -0.153527 -0.0856916 -0.257889 -0.0190189 -0.101756 0.0408036 0.00407167 -0.000705743 -0.0173966 0.0678171 -0.0269396 -0.0168507 -0.000280981 0.000876638 0.000324701 -0.00693418 -0.0494501 -0.00342525 0.0548423 0.105689 0.0258803 0.0695676 -0.0511218 -0.0886882 0.0841441 0.0809836
internal_weight=1484.46 1467.69 2.14689 0.620565 16.7645 16.5536 10.483 2.70272 1.62943 0.47634 0.234419 1.52633 0.834995 7.78031 4.10006 1465.55 36.3707 3.66291 32.7078 28.1143 1429.18 1217.36 1205.04 211.814 16.1487 195.665 12.3246 2.9186 1.07329 6.0706 0.524592 4.5935 0.29453 5.546
internal_count=336442 316419 1732 681 20023 19996 3053 480 417 662 569 1051 43 2573 1717 314687 72092 502 71590 27714 242595 183059 181933 59536 2930 56606 1126 75 63 16943 238 43876 231 16705
is_linear=0
shrinkage=0.08


Tree=147
num_leaves=35
num_cat=0
split_feature=5 6 5 5 4 0 2 4 0 6 5 8 2 5 16 0 2 0 4 5 6 0 4 5 6 18 6 6 9 4 18 2 0 4
split_gain=2.30849 8.91137 4.45587 3.93275 5.98898 4.02058 12.8529 3.53422 3.04099 2.8328 3.23525 4.95945 6.03722 4.32572 3.7196 2.96721 10.0004 5.34391 2.71385 11.7864 5.1956 6.32547 5.06043 3.22523 12.2214 4.84844 3.71942 3.00623 4.33478 3.99323 2.93286 7.42104 6.9622 2.62949
threshold=46.120401382446296 0.50297710299491893 35.624311447143562 37.05510330200196 30.320054054260257 70.396453857421889 0.72222682833671581 22.026123046875004 23.132664680480961 0.68353751301765453 57.790622711181648 1.0000000180025095e-35 0.65285569429397594 90.636241912841811 1.0000000180025095e-35 57.804552078247077 0.6200787127017976 30.368906021118168 64.928264617919936 77.291824340820327 0.60999187827110302 30.877573013305668 69.852142333984389 57.790622711181648 0.6396811604499818 1.0000000180025095e-35 0.5344907045364381 0.52852600812911998 1.0000000180025095e-35 54.801107406616218 1.0000000180025095e-35 0.4131507426500321 24.068965911865238 55.744958877563484
decision_type=2 2 2 2 2 2 2 2 2 2 2 2 2 2 2 2 2 2 2 2 2 2 2 2 2 2 2 2 2 2 2 2 2 2
left_child=1 2 7 -3 -5 8 -7 -1 -6 18 14 12 -12 -14 -11 17 -17 -13 23 20 21 -20 -22 24 26 -26 -2 28 -25 -29 31 -21 -32 -16
right_child=9 3 -4 4 5 6 -8 -9 -10 10 11 15 13 -15 33 16 -18 -19 19 30 22 -23 -24 27 25 -27 -28 29 -30 -31 32 -33 -34 -35
leaf_value=0.00039221097647032527 0.079278658070245353 -0.06529395609837188 0.086528966460744622 0.11187967030134013 -0.016217325919433846 0.58726785121960612 -0.003519346155409925 -0.069429537393844706 -0.074508228578076235 -0.061199361326618559 0.077868291653950886 0.00079801089560438887 -0.028875526059728464 0.082055538830959382 -0.0036671451539488703 0.12650823907168202 0.004441088811439591 -0.021183273725624535 0.39350215328834881 0.065082274737008047 0.029173775569870778 0.10929833383046093 0.13057821205579406 -0.064598266321567802 0.0013342306987217556 -0.068868663504801739 0.028786043947202754 0.010294449545361078 -0.0042958214970340667 -0.0064669524017840901 -0.020363112411184454 -0.0865668151378403 0.061629491938887053 0.15704233412721194
leaf_weight=385.46537634591732 11.422947281906998 17.317783689002681 3.8064347806121068 2.1004510845996256 10.631864396991661 0.23970025263406469 14.045291115331564 4.6962549335239592 12.418084352209915 11.49417167186766 11.180048242691557 238.37980196918943 9.6265176673477963 2.9358580093467017 3.6762012048129682 4.5597595571416596 74.071256699073274 100.67881115622731 0.66287901345640721 2.9832497772003972 10.860893188990302 2.0549466477896203 4.4359956669795784 9.816571102011947 15.515102959776414 10.596026722789247 51.125647163895337 254.24147614730828 34.238047598715639 141.6483358882615 17.243497561546977 6.711116214743015 10.766120383450469 0.79194755788194005
leaf_count=11061 1165 62739 2660 496 5887 1124 4570 10611 70451 8938 1015 9328 2557 3940 126 1108 67799 7383 10 71 416 195 310 290 7340 12485 23629 8205 899 5323 220 2193 1951 41
internal_value=0.000905974 -0.00387732 0.000392143 -0.033515 -0.0195594 -0.0269542 0.00639398 -0.000448212 -0.0476214 0.00297557 -0.00173967 -0.00046025 0.0351061 -0.00295066 -0.0371217 -0.00248192 0.0115197 -0.00572903 0.00666655 0.0234593 0.0766898 0.178616 0.0585804 0.00489647 0.0188165 -0.0271545 0.0380073 0.00209124 -0.0177329 0.00429726 -0.0019739 -0.0398998 0.0111526 0.0248175
internal_weight=1492.44 450.721 393.968 56.7532 39.4354 37.3349 14.285 390.162 23.0499 1041.72 457.394 441.432 23.7424 12.5624 15.9623 417.69 78.631 339.059 584.323 55.7187 18.0147 2.71783 15.2969 528.604 88.6597 26.1111 62.5486 439.944 44.0546 395.89 37.704 9.69437 28.0096 4.46815
internal_count=336536 169599 24332 145267 82528 82032 5694 21672 76338 166937 102235 93130 7512 6497 9105 85618 68907 16711 64702 5366 931 205 726 59336 44619 19825 24794 14717 1189 13528 4435 2264 2171 167
is_linear=0
shrinkage=0.08


Tree=148
num_leaves=35
num_cat=0
split_feature=16 2 1 15 18 3 1 3 15 2 2 4 1 1 2 1 4 1 1 2 3 17 18 3 2 3 2 9 6 6 4 2 2 3
split_gain=2.66243 3.27354 9.81896 7.82309 8.61094 6.99734 5.16215 4.58851 4.29372 13.5519 8.06208 4.23583 5.28068 5.09341 4.15282 3.96027 3.10697 2.63702 4.95902 8.13515 4.91944 4.5913 4.55823 4.37087 4.23113 3.8739 3.79527 2.56175 4.51389 15.2897 12.6347 34.613 9.0768 4.80212
threshold=1.0000000180025095e-35 0.88611632585525524 78.346122741699233 1.0000000180025095e-35 1.0000000180025095e-35 78.830558776855483 68.496238708496108 63.453348159790046 1.0000000180025095e-35 0.92308092117309581 0.94447892904281627 51.911645889282234 73.798625946044936 70.087718963623061 0.89146339893341076 88.067794799804702 69.852142333984389 92.907444000244155 87.609649658203139 0.87694638967514049 58.898942947387702 1.0000000180025095e-35 1.0000000180025095e-35 82.426471710205092 0.87694638967514049 82.426471710205092 1.0000000180025095e-35 1.0000000180025095e-35 0.94854474067687999 0.95779508352279674 87.528800964355483 0.99772727489471447 0.99772727489471447 61.938297271728523
decision_type=2 2 2 2 2 2 2 2 2 2 2 2 2 2 2 2 2 2 2 2 2 2 2 2 2 2 2 2 2 2 2 2 2 2
left_child=1 17 3 11 6 7 -5 14 10 -10 -7 13 -13 -3 -4 -9 -6 18 21 23 22 25 26 -20 -24 -1 -19 28 -2 30 31 -30 -32 -31
right_child=27 2 5 4 16 8 -8 15 9 -11 -12 12 -14 -15 -16 -17 -18 20 19 -21 -22 -23 24 -25 -26 -27 -28 -29 29 33 32 -33 -34 -35
leaf_value=-0.00028870198485115472 0.007886972664124069 0.10595529002640866 -0.027084958473431998 -0.10947850922368067 -0.036300307498869699 -0.076038823004517933 0.070251792882301642 -0.10590628696735102 0.079963706089291653 -0.011688368710493438 0.056917822836408831 0.083250573690994686 -0.35413778906087573 0.34821060566384476 0.074111961022160971 -0.042772081472963616 0.12326679167963207 0.39076032311788034 -0.047666874666146213 0.14471027616742638 0.03809499514584487 0.080023679296260294 -0.0087355880998542818 -0.18616893429856859 -0.08834200855123564 0.06630159557724305 0.017099959547095735 0.035750522248653271 -4.7001394081974297 -0.37953020715596919 0.080521045330285951 0.080165102125083654 -0.78204157681896136 0.080491569966105431
leaf_weight=1005.7479811255307 138.71681679439098 1.4386088006194762 10.113267111897583 1.1052064355499176 15.019644979543953 12.263830622463503 13.707886343479911 7.827456373765016 11.906071187233463 77.75826560173482 3.8304827697156716 2.3906608802371925 0.19075458773659182 0.9047811418713535 3.4912392302321669 33.890194073625025 0.82379563674476308 0.17478652155114005 3.8121920458033847 1.005750063115556 34.388511891704184 4.6189425334996477 22.110955865227883 2.3616597396558063 5.2966925313885431 5.622477981109113 37.125646908527415 22.008858274026352 0.016733438736990958 0.17074517934815936 0.13480420324776787 0.023044271467369981 0.18554726419824874 0.97185949243430514
leaf_count=228171 13538 81 523 144 1034 1438 980 581 1257 11449 2123 2712 282 51 371 3302 347 63 1363 81 7296 620 3320 361 364 773 4717 48126 6 5 38 42 116 881
internal_value=0.000704737 -0.000484809 -0.0100057 0.0280284 0.0129935 -0.0184071 0.0568421 -0.0414609 -0.00634764 0.000481644 -0.0443948 0.12162 0.0509296 0.19949 -0.00111543 -0.0546179 -0.0280035 0.00118359 -2.32591e-05 -0.0662767 0.0136443 0.000444928 0.000650213 -0.100648 -0.02412 8.14912e-05 0.0188509 0.0103758 0.00639302 -0.131513 -0.586049 -1.93078 -0.419074 0.0117482
internal_weight=1481.16 1318.93 196.662 35.5813 30.6565 161.081 14.8131 55.3222 105.759 89.6643 16.0943 4.92481 2.58142 2.34339 13.6045 41.7177 15.8434 1122.27 1023.17 7.1796 99.0966 1015.99 64.7081 6.17385 27.4076 1011.37 37.3004 162.228 140.22 1.50273 0.360129 0.0397777 0.320351 1.1426
internal_count=336556 273804 26675 5631 2505 21044 1124 4777 16267 12706 3561 3126 2994 132 894 3883 1381 247129 231369 1805 15760 229564 8464 1724 3684 228944 4780 62752 14626 1088 202 48 154 886
is_linear=0
shrinkage=0.08


Tree=149
num_leaves=35
num_cat=0
split_feature=11 2 2 1 4 13 5 16 4 4 1 0 2 1 3 14 1 6 11 6 4 6 5 4 6 4 5 5 4 5 6 0 1 2
split_gain=2.19063 2.48536 3.79721 2.22535 2.72768 2.09647 5.35463 3.46632 2.69522 3.31911 1.91316 15.3182 7.91919 6.05354 13.2237 10.2514 5.53829 4.729 3.67143 3.51404 9.92485 5.45616 3.10161 3.01456 1.65175 1.53992 1.76286 4.58596 2.7223 1.23115 1.37079 1.22936 1.65203 1.10985
threshold=2.5000000000000004 0.61016923189163219 0.53739768266677868 26.766168594360355 76.325832366943374 1.0000000180025095e-35 81.106575012207045 1.0000000180025095e-35 41.187486648559577 41.277122497558601 79.205974578857436 60.660173416137702 0.60002258419990551 60.107526779174812 56.294013977050788 1.0000000180025095e-35 78.867622375488295 0.84718990325927745 1.0000000180025095e-35 0.65307843685150158 58.853387832641609 0.6564222276210786 93.88999176025392 58.853387832641609 0.92941790819168102 39.036005020141609 78.297103881835952 80.123455047607436 61.580039978027351 39.700269699096687 0.62488630414009105 33.520599365234382 40.212766647338874 0.63900235295295726
decision_type=2 2 2 2 2 2 2 2 2 2 2 2 2 2 2 2 2 2 2 2 2 2 2 2 2 2 2 2 2 2 2 2 2 2
left_child=5 2 25 -4 -5 10 7 8 -7 -10 11 13 23 14 -1 -15 -14 19 22 20 -12 -21 -19 -13 -6 -2 28 -28 -27 -9 -31 -8 -33 -3
right_child=1 33 3 4 24 6 31 29 9 -11 17 12 16 15 -16 -17 -18 18 -20 21 -22 -23 -24 -25 -26 26 27 -29 -30 30 -32 32 -34 -35
leaf_value=-0.00057343164695973427 0.12430011527771827 0.19735499801523981 -0.23467858561539079 -0.13753499195483512 0.12955336610036849 -0.089618283735721505 0.13003733982277654 -0.082987484957844609 0.28809425329712207 -0.029002116586905269 -0.0040435894845239195 0.067519579069320573 0.024997233096827835 -0.033274927483247826 0.060218509947789309 0.051176803892774146 0.18483086548726135 0.031831424017968256 0.075897860950904603 -0.14013198118147455 0.080473914709029842 -0.016575458515865685 -0.060441871285204347 0.21655121968983382 -0.076560334867414953 0.019463006704609737 0.28317147393857328 0.02845654626105925 -0.12847058994117752 0.11019329425928209 0.0099500274744014489 -0.12633137436833011 0.081080568336065695 0.070632684507441368
leaf_weight=760.33103967988882 1.0271815489977658 0.535484188170812 0.46565563307376523 0.96553522508475031 0.6364796175403169 5.2206954951661855 1.6673266329162282 0.44461919868626809 0.21315889422112633 23.726894873982019 337.3194614972017 1.5818734707499964 102.65071908759455 68.589150001484086 23.611398493805609 10.623962344066966 1.4064667056154565 8.2113791114643373 8.1359563644300579 2.3529730168447704 9.132990235641044 82.034293212529519 3.2557725341994237 1.9266235674294874 0.40856268914649263 2.7682157674571495 0.47402064804918964 9.9081963547250762 1.1175221104640511 1.6879841900408794 1.8083594180607176 0.33687261957675196 0.90880230571929133 2.5424204642986297
leaf_count=96649 8 45 12 26 49 52542 50 780 399 16778 22392 1189 21249 30915 6801 3031 219 1913 39331 512 2768 27952 1933 75 43 78 10 1444 12 189 261 6 1095 6052
internal_value=0.00056142 0.0263094 0.0148145 -0.0770912 -0.0405936 0.000193018 -0.0188686 -0.0280194 -0.0375364 -0.0261787 0.000676072 0.00267555 0.0311434 -0.000872094 0.00125755 -0.0219484 0.0271576 -0.00363287 0.0347953 -0.00538134 -0.00181559 -0.0200206 0.00563304 0.149357 0.0489725 0.0296938 0.0228828 0.0400861 -0.0230821 0.0424008 0.058346 0.0851161 0.0249894 0.0926794
internal_weight=1478.03 20.8493 17.7714 2.47623 2.01058 1457.18 36.0147 33.1017 29.1607 23.9401 1421.16 970.721 107.566 863.156 783.942 79.2131 104.057 450.443 19.6031 430.84 346.452 84.3873 11.4672 3.5085 1.04504 15.2951 14.268 10.3822 3.88574 3.94096 3.49634 2.913 1.24567 3.0779
internal_count=336808 7779 1682 130 118 329029 72100 70949 69719 17177 256929 160128 22732 137396 103450 33946 21468 96801 43177 53624 25160 28464 3846 1264 92 1552 1544 1454 90 1230 450 1151 1101 6097
is_linear=0
shrinkage=0.08


end of trees

feature_importances:
a_set=777
a_jaro=555
b_jaro=550
a_sort=543
b_lev=437
b_set=434
b_sort=432
nums_conflict=225
geo_match=209
is_s2=144
has_nums=122
w2_match=105
num_inter=103
is_indic=101
geo_conflict=93
w1_match=92
ns_contain=90
nums_overlap=84
is_empty=4

parameters:
[boosting: gbdt]
[objective: binary]
[metric: binary_logloss]
[tree_learner: serial]
[device_type: cpu]
[data_sample_strategy: bagging]
[data: ]
[valid: ]
[num_iterations: 150]
[learning_rate: 0.08]
[num_leaves: 35]
[num_threads: 0]
[seed: 42]
[deterministic: 0]
[force_col_wise: 0]
[force_row_wise: 0]
[histogram_pool_size: -1]
[max_depth: 6]
[min_data_in_leaf: 20]
[min_sum_hessian_in_leaf: 0.001]
[bagging_fraction: 0.85]
[pos_bagging_fraction: 1]
[neg_bagging_fraction: 1]
[bagging_freq: 1]
[bagging_seed: 400]
[bagging_by_query: 0]
[feature_fraction: 0.85]
[feature_fraction_bynode: 1]
[feature_fraction_seed: 30056]
[extra_trees: 0]
[extra_seed: 12879]
[early_stopping_round: 0]
[early_stopping_min_delta: 0]
[first_metric_only: 0]
[max_delta_step: 0]
[lambda_l1: 0]
[lambda_l2: 0]
[linear_lambda: 0]
[min_gain_to_split: 0]
[drop_rate: 0.1]
[max_drop: 50]
[skip_drop: 0.5]
[xgboost_dart_mode: 0]
[uniform_drop: 0]
[drop_seed: 17869]
[top_rate: 0.2]
[other_rate: 0.1]
[min_data_per_group: 100]
[max_cat_threshold: 32]
[cat_l2: 10]
[cat_smooth: 10]
[max_cat_to_onehot: 4]
[top_k: 20]
[monotone_constraints: ]
[monotone_constraints_method: basic]
[monotone_penalty: 0]
[feature_contri: ]
[forcedsplits_filename: ]
[refit_decay_rate: 0.9]
[cegb_tradeoff: 1]
[cegb_penalty_split: 0]
[cegb_penalty_feature_lazy: ]
[cegb_penalty_feature_coupled: ]
[path_smooth: 0]
[interaction_constraints: ]
[verbosity: -1]
[saved_feature_importance_type: 0]
[use_quantized_grad: 0]
[num_grad_quant_bins: 4]
[quant_train_renew_leaf: 0]
[stochastic_rounding: 1]
[linear_tree: 0]
[max_bin: 255]
[max_bin_by_feature: ]
[min_data_in_bin: 3]
[bin_construct_sample_cnt: 200000]
[data_random_seed: 175]
[is_enable_sparse: 1]
[enable_bundle: 1]
[use_missing: 1]
[zero_as_missing: 0]
[feature_pre_filter: 1]
[pre_partition: 0]
[two_round: 0]
[header: 0]
[label_column: ]
[weight_column: ]
[group_column: ]
[ignore_column: ]
[categorical_feature: ]
[forcedbins_filename: ]
[precise_float_parser: 0]
[parser_config_file: ]
[objective_seed: 16083]
[num_class: 1]
[is_unbalance: 0]
[scale_pos_weight: 1]
[sigmoid: 1]
[boost_from_average: 1]
[reg_sqrt: 0]
[alpha: 0.9]
[fair_c: 1]
[poisson_max_delta_step: 0.7]
[tweedie_variance_power: 1.5]
[lambdarank_truncation_level: 30]
[lambdarank_norm: 1]
[label_gain: ]
[lambdarank_position_bias_regularization: 0]
[eval_at: ]
[multi_error_top_k: 1]
[auc_mu_weights: ]
[num_machines: 1]
[local_listen_port: 12400]
[time_out: 120]
[machine_list_filename: ]
[machines: ]
[gpu_platform_id: -1]
[gpu_device_id: -1]
[gpu_device_id_list: ]
[gpu_use_dp: 0]
[num_gpu: 1]

end of parameters

pandas_categorical:null
